company,latest_exit_date,deal_type,hq_location,normalized_company,founding_date,source,confidence,score,status,wikidata_id,wikidata_label,notes
&ever,01-Oct-2021,Merger/Acquisition,"""Munich, Germany""",and ever,,Wikidata,NONE,0,NO_MATCH,,,No Wikidata search results
1606 (PINX: CBDW),12-Jan-2023,IPO,"""Phoenix, AZ""",1606,,Wikidata,ERROR,0,ERROR,,,HTTP 404 for https://www.wikidata.org/wiki/Special:EntityData/Q12681517|Q6747|Q583622|Q3597608|Q1481053.json
21seeds,31-Mar-2022,Merger/Acquisition,"""San Francisco, CA""",21seeds,,Wikidata,NONE,0,NO_MATCH,,,No Wikidata search results
24Storage,20-Dec-2021,Merger/Acquisition,"""Stockholm, Sweden""",24storage,,Wikidata,NONE,70,NO_MATCH,Q60967916,24Storage,hq=sweden
2600Hz,20-Oct-2023,Merger/Acquisition,"""Henderson, NV""",2600hz,,Wikidata,NONE,0,NO_MATCH,,,No Wikidata search results
2nd.MD,02-Mar-2021,Merger/Acquisition,"""Houston, TX""",2ndmd,,Wikidata,NONE,0,NO_MATCH,,,No Wikidata search results
"""300 (Movies, Music and Entertainment)""",16-Dec-2021,Merger/Acquisition,"""New York, NY""",300 (movies music and entertainment),,Wikidata,NONE,0,NO_MATCH,,,No Wikidata search results
360X,29-Apr-2021,Merger/Acquisition,"""Frankfurt, Germany""",360x,,Wikidata,NONE,0,NO_MATCH,,,No Wikidata search results
365Talents,20-Jan-2026,Merger/Acquisition,"""Lyon, France""",365talents,,Wikidata,NONE,0,NO_MATCH,,,No Wikidata search results
3a-Diagnostics,06-Dec-2021,Merger/Acquisition,"""Frickenhausen, Germany""",3a-diagnostics,,Wikidata,NONE,0,NO_MATCH,,,No Wikidata search results
3DEO,12-Nov-2025,Merger/Acquisition,"""Belfast, United Kingdom""",3deo,,Wikidata,NONE,45,NO_MATCH,Q104193318,3deoxyadenosine,hq=united kingdom; desc=group of stereoisomers with the chemical formula C₁₀H₁₃N₅O₃
3iQ,23-Apr-2024,Merger/Acquisition,"""Toronto, Canada""",3iq,,Wikidata,NONE,0,NO_MATCH,,,No Wikidata search results
3radical,03-May-2024,Merger/Acquisition,"""Bristol, United Kingdom""",3radical,,Wikidata,NONE,0,NO_MATCH,,,No Wikidata search results
401kplans.com,31-May-2022,Merger/Acquisition,"""Naples, FL""",401kplanscom,,Wikidata,NONE,0,NO_MATCH,,,No Wikidata search results
42matters,01-Jul-2024,Merger/Acquisition,"""Zurich, Switzerland""",42matters,,Wikidata,NONE,0,NO_MATCH,,,No Wikidata search results
4U By Tia,02-Dec-2023,Merger/Acquisition,"""Emeryville, CA""",4u by tia,,Wikidata,NONE,0,NO_MATCH,,,No Wikidata search results
5th Planet Games (OSL: 5PG),23-Sep-2021,Merger/Acquisition,"""Copenhagen, Denmark""",5th planet games,,Wikidata,NONE,45,NO_MATCH,Q115167217,5TH PLANET GAMES A/S,hq=denmark
60 Degrees Pharma (NAS: SXTP),13-Jul-2023,IPO,"""Washington, DC""",60 degrees pharma,,Wikidata,NONE,0,NO_MATCH,,,No Wikidata search results
7D Surgical,20-May-2021,Merger/Acquisition,"""Toronto, Canada""",7d surgical,,Wikidata,NONE,0,NO_MATCH,,,No Wikidata search results
8 Rivers,07-Mar-2023,Merger/Acquisition,"""Durham, NC""",8 rivers,,Wikidata,ERROR,0,ERROR,,,HTTP 404 for https://www.wikidata.org/wiki/Special:EntityData/Q30297129|Q26896247|Q126704828.json
89bio,30-Oct-2025,Merger/Acquisition,"""San Francisco, CA""",89bio,2018-01-00,Wikidata,MEDIUM,70,REVIEW,Q136365899,89bio,hq=united states
98point6,04-Apr-2023,Merger/Acquisition,"""Seattle, WA""",98point6,,Wikidata,NONE,0,NO_MATCH,,,No Wikidata search results
Aardvark Therapeutics (NAS: AARD),13-Feb-2025,IPO,"""San Diego, CA""",aardvark therapeutics,,Wikidata,NONE,0,NO_MATCH,,,No Wikidata search results
Aarki,16-Jul-2021,Merger/Acquisition,"""San Francisco, CA""",aarki,,Wikidata,ERROR,0,ERROR,,,HTTP 404 for https://www.wikidata.org/wiki/Special:EntityData/Q12271|Q123071946.json
Aaron.ai,22-May-2024,Merger/Acquisition,"""Berlin, Germany""",aaronai,,Wikidata,NONE,0,NO_MATCH,,,No Wikidata search results
AAT Carriers,09-Feb-2022,Merger/Acquisition,"""Chattanooga, TN""",aat carriers,,Wikidata,NONE,0,NO_MATCH,,,No Wikidata search results
AavantiBio,02-Dec-2022,Merger/Acquisition,"""Cambridge, MA""",aavantibio,,Wikidata,NONE,0,NO_MATCH,,,No Wikidata search results
Abaca (Financial Software),15-Nov-2022,Merger/Acquisition,"""North Little Rock, AR""",abaca (financial software),,Wikidata,NONE,0,NO_MATCH,,,No Wikidata search results
AbelZeta,19-Feb-2021,Merger/Acquisition,"""Rockville, MD""",abelzeta,,Wikidata,NONE,0,NO_MATCH,,,No Wikidata search results
Abfero Pharmaceuticals,11-Nov-2021,Merger/Acquisition,"""Boston, MA""",abfero pharmaceuticals,,Wikidata,NONE,0,NO_MATCH,,,No Wikidata search results
Abios Gaming,24-Aug-2021,Merger/Acquisition,"""Stockholm, Sweden""",abios gaming,,Wikidata,NONE,0,NO_MATCH,,,No Wikidata search results
Abliva,14-Feb-2025,Merger/Acquisition,"""Lund, Sweden""",abliva,,Wikidata,NONE,70,NO_MATCH,Q117352889,Abliva,hq=sweden
AboundBio,21-Jun-2022,Merger/Acquisition,"""Pittsburgh, PA""",aboundbio,,Wikidata,NONE,0,NO_MATCH,,,No Wikidata search results
About You,16-Jun-2021,IPO,"""Hamburg, Germany""",about you,,Wikidata,ERROR,0,ERROR,,,HTTP 404 for https://www.wikidata.org/wiki/Special:EntityData/Q51844714|Q111547916|Q16207630|Q97012689|Q44257350.json
Absci (NAS: ABSI),22-Jul-2021,IPO,"""Vancouver, WA""",absci,,Wikidata,ERROR,0,ERROR,,,HTTP 404 for https://www.wikidata.org/wiki/Special:EntityData/Q332211|Q333666|Q515874|Q25599399|Q117459479.json
Absfront,10-Jan-2023,Merger/Acquisition,"""Malmo, Sweden""",absfront,,Wikidata,NONE,0,NO_MATCH,,,No Wikidata search results
Abveris,01-Dec-2021,Merger/Acquisition,"""Quincy, MA""",abveris,,Wikidata,NONE,0,NO_MATCH,,,No Wikidata search results
Acacia (Recreational Goods),09-Dec-2025,Merger/Acquisition,"""Newark, CA""",acacia (recreational goods),,Wikidata,NONE,0,NO_MATCH,,,No Wikidata search results
Acacia Communications,01-Mar-2021,Merger/Acquisition,"""Maynard, MA""",acacia communications,2009-00-00,Wikidata,LOW,45,REVIEW,Q131541261,ACACIA,"hq=united states; aliases=ACACIA COMMUNICATIONS, INC.  (Maynard, MA)"
Acacia Pharma,09-Jun-2022,Merger/Acquisition,"""Cambridge, United Kingdom""",acacia pharma,2007,Wikidata,LOW,45,REVIEW,Q30268747,Acacia Pharma (United Kingdom),"hq=united kingdom; desc=company in Cambridge, United Kingdom"
Acast (STO: ACAST),17-Jun-2021,IPO,"""Stockholm, Sweden""",acast,,Wikidata,ERROR,0,ERROR,,,HTTP 404 for https://www.wikidata.org/wiki/Special:EntityData/Q21183704|Q4672160|Q4672171|Q2418275|Q416384.json
Acceleron Pharma,19-Nov-2021,Merger/Acquisition,"""Cambridge, MA""",acceleron pharma,2003-00-00,Wikidata,MEDIUM,70,REVIEW,Q16824238,Acceleron Pharma,"hq=united states; aliases=Acceleron Pharma (United States); desc=company in Cambridge, United States"
Accellix,22-Jan-2026,Merger/Acquisition,"""San Jose, CA""",accellix,,Wikidata,NONE,0,NO_MATCH,,,No Wikidata search results
Access Physicians,26-Mar-2021,Merger/Acquisition,"""Dallas, TX""",access physicians,,Wikidata,NONE,0,NO_MATCH,,,No Wikidata search results
Accessibility Now,09-Mar-2022,Merger/Acquisition,"""East Greenwich, RI""",accessibility now,,Wikidata,NONE,0,NO_MATCH,,,No Wikidata search results
Acclarent,01-Apr-2024,Merger/Acquisition,"""Irvine, CA""",acclarent,,Wikidata,ERROR,0,ERROR,,,HTTP 404 for https://www.wikidata.org/wiki/Special:EntityData/Q4672650|Q65356142.json
Accolade (Managed Care),01-Apr-2025,Merger/Acquisition,"""Seattle, WA""",accolade (managed care),,Wikidata,NONE,0,NO_MATCH,,,No Wikidata search results
Accrualify,03-Aug-2022,Merger/Acquisition,"""San Mateo, CA""",accrualify,,Wikidata,NONE,0,NO_MATCH,,,No Wikidata search results
Accubits,02-Dec-2024,Merger/Acquisition,"""Vienna, VA""",accubits,,Wikidata,NONE,0,NO_MATCH,,,No Wikidata search results
Accurics,01-Oct-2021,Merger/Acquisition,"""Pleasanton, CA""",accurics,,Wikidata,NONE,0,NO_MATCH,,,No Wikidata search results
Accusonus,10-Feb-2022,Merger/Acquisition,"""Lexington, MA""",accusonus,,Wikidata,NONE,90,NO_MATCH,Q48967121,Accusonus,"hq=united states; aliases=Accusonus, Inc; desc=Greek technology company"
ACEA Therapeutics,01-Jun-2021,Merger/Acquisition,"""San Diego, CA""",acea therapeutics,,Wikidata,NONE,0,NO_MATCH,,,No Wikidata search results
Acelyrin,05-May-2023,IPO,"""Agoura Hills, CA""",acelyrin,,Wikidata,NONE,70,NO_MATCH,Q134522677,Acelyrin,hq=united states; desc=biopharmaceutical company
Acenta,24-Jan-2025,Reverse Merger,"""Stockholm, Sweden""",acenta,,Wikidata,ERROR,0,ERROR,,,HTTP 404 for https://www.wikidata.org/wiki/Special:EntityData/Q134464185|Q136351915.json
Acera Surgical,23-Dec-2025,Merger/Acquisition,"""Saint Louis, MO""",acera surgical,,Wikidata,NONE,0,NO_MATCH,,,No Wikidata search results
Aceyus,14-Aug-2023,Merger/Acquisition,"""Charlotte, NC""",aceyus,,Wikidata,NONE,0,NO_MATCH,,,No Wikidata search results
Achilles Therapeutics (DUS: 698),31-Mar-2021,IPO,"""London, United Kingdom""",achilles therapeutics,,Wikidata,NONE,0,NO_MATCH,,,No Wikidata search results
Aclarion (NAS: ACON),25-Apr-2022,IPO,"""Broomfield, CO""",aclarion,,Wikidata,NONE,0,NO_MATCH,,,No Wikidata search results
Acregreen,01-Apr-2023,Merger/Acquisition,"""Tipperary, Ireland""",acregreen,,Wikidata,NONE,0,NO_MATCH,,,No Wikidata search results
Acrivon Therapeutics (NAS: ACRV),15-Nov-2022,IPO,"""Watertown, MA""",acrivon therapeutics,,Wikidata,NONE,0,NO_MATCH,,,No Wikidata search results
Acticor Biotech,01-Nov-2021,IPO,"""Paris, France""",acticor biotech,,Wikidata,NONE,0,NO_MATCH,,,No Wikidata search results
Action Face,04-Jun-2024,Merger/Acquisition,"""Berkeley, CA""",action face,,Wikidata,NONE,0,NO_MATCH,,,No Wikidata search results
Action Network (Information Services (B2C)),28-May-2021,Merger/Acquisition,"""New York, NY""",action network (information services (b2c)),,Wikidata,NONE,0,NO_MATCH,,,No Wikidata search results
ActiveQuote,08-Aug-2024,Merger/Acquisition,"""Cardiff, United Kingdom""",activequote,,Wikidata,NONE,0,NO_MATCH,,,No Wikidata search results
Actuate Therapeutics (NAS: ACTU),12-Aug-2024,IPO,"""Fort Worth, TX""",actuate therapeutics,,Wikidata,NONE,0,NO_MATCH,,,No Wikidata search results
AcuFocus,17-Jan-2023,Merger/Acquisition,"""Irvine, CA""",acufocus,,Wikidata,ERROR,0,ERROR,,,HTTP 404 for https://www.wikidata.org/wiki/Special:EntityData/Q104479894|Q35999779.json
Acurx Pharmaceuticals (NAS: ACXP),25-Jun-2021,IPO,"""Staten Island, NY""",acurx pharmaceuticals,,Wikidata,NONE,0,NO_MATCH,,,No Wikidata search results
Acutrace,28-Mar-2023,Merger/Acquisition,"""Dublin, Ireland""",acutrace,,Wikidata,NONE,0,NO_MATCH,,,No Wikidata search results
ACV Auctions (NYS: ACVA),24-Mar-2021,IPO,"""Buffalo, NY""",acv auctions,,Wikidata,NONE,0,NO_MATCH,,,No Wikidata search results
Adagio Medical (NAS: ADGM),31-Jul-2024,Reverse Merger,"""Laguna Hills, CA""",adagio medical,,Wikidata,NONE,0,NO_MATCH,,,No Wikidata search results
Adamas One (PINX: JEWL),02-Dec-2022,IPO,"""Scottsdale, AZ""",adamas one,,Wikidata,NONE,0,NO_MATCH,,,No Wikidata search results
Adaptive Mobile Security,17-Jul-2021,Merger/Acquisition,"""Dublin, Ireland""",adaptive mobile security,,Wikidata,NONE,0,NO_MATCH,,,No Wikidata search results
Adaptive Phage Therapeutics,15-Mar-2024,Merger/Acquisition,"""Gaithersburg, MD""",adaptive phage therapeutics,,Wikidata,NONE,0,NO_MATCH,,,No Wikidata search results
Adaptive3D,07-May-2021,Merger/Acquisition,"""Richardson, TX""",adaptive3d,,Wikidata,NONE,0,NO_MATCH,,,No Wikidata search results
Adaptix,18-Sep-2023,Merger/Acquisition,"""Oxford, United Kingdom""",adaptix,,Wikidata,ERROR,0,ERROR,,,HTTP 404 for https://www.wikidata.org/wiki/Special:EntityData/Q30263377|Q130838126.json
Adara,03-Feb-2023,Merger/Acquisition,"""Irving, TX""",adara,,Wikidata,ERROR,0,ERROR,,,HTTP 404 for https://www.wikidata.org/wiki/Special:EntityData/Q9140722|Q3914011|Q97357047|Q22359708|Q19984160.json
AdColony,29-Apr-2021,Merger/Acquisition,"""Los Angeles, CA""",adcolony,,Wikidata,NONE,0,NO_MATCH,,,No Wikidata search results
AdCreative.ai,12-Feb-2025,Merger/Acquisition,"""Paris, France""",adcreativeai,,Wikidata,NONE,0,NO_MATCH,,,No Wikidata search results
Additive Flow,14-Aug-2023,Merger/Acquisition,"""London, United Kingdom""",additive flow,,Wikidata,NONE,0,NO_MATCH,,,No Wikidata search results
Additive Instruments,09-Mar-2023,Merger/Acquisition,"""Watford, United Kingdom""",additive instruments,,Wikidata,ERROR,0,ERROR,,,HTTP 429 for https://www.wikidata.org/w/api.php?action=wbsearchentities&format=json&language=en&type=item&limit=5&search=Additive+Instruments
ADELYA,29-Apr-2022,Merger/Acquisition,France,adelya,,Wikidata,ERROR,0,ERROR,,,HTTP 429 for https://www.wikidata.org/w/api.php?action=wbsearchentities&format=json&language=en&type=item&limit=5&search=ADELYA
Adhezion Biomedical,23-Jun-2023,Merger/Acquisition,"""Wyomissing, PA""",adhezion biomedical,,Wikidata,ERROR,0,ERROR,,,HTTP 429 for https://www.wikidata.org/w/api.php?action=wbsearchentities&format=json&language=en&type=item&limit=5&search=Adhezion+Biomedical
Adjust,01-Apr-2021,Merger/Acquisition,"""Berlin, Germany""",adjust,,Wikidata,ERROR,0,ERROR,,,HTTP 429 for https://www.wikidata.org/w/api.php?action=wbsearchentities&format=json&language=en&type=item&limit=5&search=Adjust
Adlai Nortye (NAS: ANL),29-Sep-2023,IPO,"""North Brunswick Township, NJ""",adlai nortye,,Wikidata,ERROR,0,ERROR,,,HTTP 429 for https://www.wikidata.org/w/api.php?action=wbsearchentities&format=json&language=en&type=item&limit=5&search=Adlai+Nortye
Adlumin,20-Nov-2024,Merger/Acquisition,"""Washington, DC""",adlumin,,Wikidata,NONE,0,NO_MATCH,,,No Wikidata search results
AdMass,29-Jun-2023,Merger/Acquisition,"""Toronto, Canada""",admass,,Wikidata,ERROR,0,ERROR,,,HTTP 429 for https://www.wikidata.org/w/api.php?action=wbsearchentities&format=json&language=en&type=item&limit=5&search=AdMass
AdMobilize,23-Feb-2021,Merger/Acquisition,"""Miami Lakes, FL""",admobilize,,Wikidata,ERROR,0,ERROR,,,HTTP 429 for https://www.wikidata.org/w/api.php?action=wbsearchentities&format=json&language=en&type=item&limit=5&search=AdMobilize
Adonis Minerals (CNQ: ADON),12-Mar-2025,IPO,"""Vancouver, Canada""",adonis minerals,,Wikidata,ERROR,0,ERROR,,,HTTP 429 for https://www.wikidata.org/w/api.php?action=wbsearchentities&format=json&language=en&type=item&limit=5&search=Adonis+Minerals
Adore Me,30-Dec-2022,Merger/Acquisition,"""New York, NY""",adore me,,Wikidata,ERROR,0,ERROR,,,HTTP 429 for https://www.wikidata.org/w/api.php?action=wbsearchentities&format=json&language=en&type=item&limit=5&search=Adore+Me
AdPushup,02-Mar-2023,Merger/Acquisition,"""Wilmington, DE""",adpushup,,Wikidata,ERROR,0,ERROR,,,HTTP 429 for https://www.wikidata.org/w/api.php?action=wbsearchentities&format=json&language=en&type=item&limit=5&search=AdPushup
Adracare,04-Jan-2021,Merger/Acquisition,"""Toronto, Canada""",adracare,,Wikidata,NONE,0,NO_MATCH,,,No Wikidata search results
Adsmurai,18-Aug-2022,Merger/Acquisition,"""Barcelona, Spain""",adsmurai,,Wikidata,ERROR,0,ERROR,,,HTTP 429 for https://www.wikidata.org/w/api.php?action=wbsearchentities&format=json&language=en&type=item&limit=5&search=Adsmurai
Advanced Accelerator Applications,02-Dec-2024,Merger/Acquisition,"""Rueil-Malmaison, France""",advanced accelerator applications,,Wikidata,ERROR,0,ERROR,,,HTTP 429 for https://www.wikidata.org/w/api.php?action=wbsearchentities&format=json&language=en&type=item&limit=5&search=Advanced+Accelerator+Applications
Advanced BioMatrix,27-Aug-2021,Merger/Acquisition,"""Carlsbad, CA""",advanced biomatrix,,Wikidata,ERROR,0,ERROR,,,HTTP 429 for https://www.wikidata.org/w/api.php?action=wbsearchentities&format=json&language=en&type=item&limit=5&search=Advanced+BioMatrix
Advent Technologies Holdings (PINX: ADNH),04-Feb-2021,Reverse Merger,"""Livermore, CA""",advent technologies,,Wikidata,ERROR,0,ERROR,,,HTTP 429 for https://www.wikidata.org/w/api.php?action=wbsearchentities&format=json&language=en&type=item&limit=5&search=Advent+Technologies+Holdings
Advertising Week,21-Jun-2022,Merger/Acquisition,"""New York, NY""",advertising week,,Wikidata,ERROR,0,ERROR,,,HTTP 429 for https://www.wikidata.org/w/api.php?action=wbsearchentities&format=json&language=en&type=item&limit=5&search=Advertising+Week
Adverum Biotechnologies,09-Dec-2025,Merger/Acquisition,"""Redwood City, CA""",adverum biotechnologies,,Wikidata,NONE,0,NO_MATCH,,,No Wikidata search results
AdvisorStream,09-Jun-2021,Merger/Acquisition,"""New York, NY""",advisorstream,,Wikidata,ERROR,0,ERROR,,,HTTP 429 for https://www.wikidata.org/w/api.php?action=wbsearchentities&format=json&language=en&type=item&limit=5&search=AdvisorStream
AdvisorTarget,30-May-2024,Merger/Acquisition,"""Coral Gables, FL""",advisortarget,,Wikidata,ERROR,0,ERROR,,,HTTP 429 for https://www.wikidata.org/w/api.php?action=wbsearchentities&format=json&language=en&type=item&limit=5&search=AdvisorTarget
ADx NeuroSciences,08-Aug-2022,Merger/Acquisition,"""Ghent, Belgium""",adx neurosciences,,Wikidata,ERROR,0,ERROR,,,HTTP 429 for https://www.wikidata.org/w/api.php?action=wbsearchentities&format=json&language=en&type=item&limit=5&search=ADx+NeuroSciences
Adyoulike,11-Apr-2022,Merger/Acquisition,France,adyoulike,,Wikidata,ERROR,0,ERROR,,,HTTP 429 for https://www.wikidata.org/w/api.php?action=wbsearchentities&format=json&language=en&type=item&limit=5&search=Adyoulike
Aelis Farma (PAR: AELIS),18-Feb-2022,IPO,"""Bordeaux, France""",aelis farma,,Wikidata,ERROR,0,ERROR,,,HTTP 429 for https://www.wikidata.org/w/api.php?action=wbsearchentities&format=json&language=en&type=item&limit=5&search=Aelis+Farma
AeoniQ,21-Jul-2025,Merger/Acquisition,"""Schlieren, Switzerland""",aeoniq,,Wikidata,NONE,0,NO_MATCH,,,No Wikidata search results
Aeris (Household Appliances),15-Nov-2021,Merger/Acquisition,"""Cham, Switzerland""",aeris (household appliances),,Wikidata,ERROR,0,ERROR,,,HTTP 429 for https://www.wikidata.org/w/api.php?action=wbsearchentities&format=json&language=en&type=item&limit=5&search=Aeris+%28Household+Appliances%29
Aerodome,16-Oct-2024,Merger/Acquisition,"""New York, NY""",aerodome,,Wikidata,ERROR,0,ERROR,,,HTTP 429 for https://www.wikidata.org/w/api.php?action=wbsearchentities&format=json&language=en&type=item&limit=5&search=Aerodome
Aerostrat,12-Aug-2025,Merger/Acquisition,"""Seattle, WA""",aerostrat,,Wikidata,ERROR,0,ERROR,,,HTTP 429 for https://www.wikidata.org/w/api.php?action=wbsearchentities&format=json&language=en&type=item&limit=5&search=Aerostrat
Aerovate Therapeutics,30-Jun-2021,IPO,"""Waltham, MA""",aerovate therapeutics,,Wikidata,ERROR,0,ERROR,,,HTTP 429 for https://www.wikidata.org/w/api.php?action=wbsearchentities&format=json&language=en&type=item&limit=5&search=Aerovate+Therapeutics
Aeva Technologies (NAS: AEVA),11-Mar-2021,Reverse Merger,"""Mountain View, CA""",aeva technologies,,Wikidata,NONE,0,NO_MATCH,,,No Wikidata search results
AEye (NAS: LIDR),18-Aug-2021,Reverse Merger,"""Pleasanton, CA""",aeye,,Wikidata,ERROR,0,ERROR,,,HTTP 429 for https://www.wikidata.org/w/api.php?action=wbsearchentities&format=json&language=en&type=item&limit=5&search=AEye
Affectiva,23-Jun-2021,Merger/Acquisition,"""Boston, MA""",affectiva,,Wikidata,ERROR,0,ERROR,,,HTTP 429 for https://www.wikidata.org/w/api.php?action=wbsearchentities&format=json&language=en&type=item&limit=5&search=Affectiva
Affera,30-Aug-2022,Merger/Acquisition,"""Newton, MA""",affera,,Wikidata,ERROR,0,ERROR,,,HTTP 429 for https://www.wikidata.org/w/api.php?action=wbsearchentities&format=json&language=en&type=item&limit=5&search=Affera
Affinio,01-Nov-2021,Merger/Acquisition,"""Halifax, Canada""",affinio,,Wikidata,ERROR,0,ERROR,,,HTTP 429 for https://www.wikidata.org/w/api.php?action=wbsearchentities&format=json&language=en&type=item&limit=5&search=Affinio
Affinivax,15-Aug-2022,Merger/Acquisition,"""Cambridge, MA""",affinivax,,Wikidata,NONE,0,NO_MATCH,,,No Wikidata search results
Affirm (NAS: AFRM),13-Jan-2021,IPO,"""San Francisco, CA""",affirm,,Wikidata,ERROR,0,ERROR,,,HTTP 429 for https://www.wikidata.org/w/api.php?action=wbsearchentities&format=json&language=en&type=item&limit=5&search=Affirm
Africa Eats (XMAU: EATS.N000),21-Nov-2024,IPO,"""Bainbridge Island, WA""",africa eats,,Wikidata,NONE,70,NO_MATCH,Q133259031,Africa Eats,hq=united states; desc=investment holding company
AfricaWeb,08-Jul-2024,Merger/Acquisition,"""Amsterdam, Netherlands""",africaweb,,Wikidata,ERROR,0,ERROR,,,HTTP 429 for https://www.wikidata.org/w/api.php?action=wbsearchentities&format=json&language=en&type=item&limit=5&search=AfricaWeb
AFX Networks,08-Nov-2021,Buyout/LBO,"""New York, NY""",afx networks,,Wikidata,ERROR,0,ERROR,,,HTTP 429 for https://www.wikidata.org/w/api.php?action=wbsearchentities&format=json&language=en&type=item&limit=5&search=AFX+Networks
Afyren (PAR: ALAFY),01-Oct-2021,IPO,"""Clermont-Ferrand, France""",afyren,,Wikidata,ERROR,0,ERROR,,,HTTP 429 for https://www.wikidata.org/w/api.php?action=wbsearchentities&format=json&language=en&type=item&limit=5&search=Afyren
Agara,02-Nov-2021,Merger/Acquisition,"""Walnut, CA""",agara,,Wikidata,ERROR,0,ERROR,,,HTTP 429 for https://www.wikidata.org/wiki/Special:EntityData/Q155045|Q122067686|Q138932559|Q4691283|Q3951146.json
Ageto Energy,01-Aug-2024,Merger/Acquisition,"""Fort Collins, CO""",ageto energy,,Wikidata,ERROR,0,ERROR,,,HTTP 429 for https://www.wikidata.org/w/api.php?action=wbsearchentities&format=json&language=en&type=item&limit=5&search=Ageto+Energy
Agomab Therapeutics (NAS: AGMB),06-Feb-2026,IPO,"""Antwerp, Belgium""",agomab therapeutics,,Wikidata,ERROR,0,ERROR,,,HTTP 429 for https://www.wikidata.org/wiki/Special:EntityData/Q126878492.json
Agribody Technologies,15-Apr-2021,Merger/Acquisition,"""Great Falls, MT""",agribody technologies,,Wikidata,ERROR,0,ERROR,,,HTTP 429 for https://www.wikidata.org/w/api.php?action=wbsearchentities&format=json&language=en&type=item&limit=5&search=Agribody+Technologies
Agricool,01-Sep-2022,Merger/Acquisition,"""La Courneuve, France""",agricool,,Wikidata,ERROR,0,ERROR,,,HTTP 429 for https://www.wikidata.org/w/api.php?action=wbsearchentities&format=json&language=en&type=item&limit=5&search=Agricool
Agrivida,10-Jan-2023,Merger/Acquisition,"""Boston, MA""",agrivida,,Wikidata,ERROR,0,ERROR,,,HTTP 429 for https://www.wikidata.org/w/api.php?action=wbsearchentities&format=json&language=en&type=item&limit=5&search=Agrivida
Aidence,20-Jan-2022,Merger/Acquisition,"""Rotterdam, Netherlands""",aidence,,Wikidata,NONE,0,NO_MATCH,,,No Wikidata search results
Aiforia Technologies (HEL: AIFORIA),10-Dec-2021,IPO,"""Helsinki, Finland""",aiforia technologies,,Wikidata,ERROR,0,ERROR,,,HTTP 429 for https://www.wikidata.org/wiki/Special:EntityData/Q115678908.json
AImotive,22-Dec-2022,Merger/Acquisition,"""Budapest, Hungary""",aimotive,,Wikidata,ERROR,0,ERROR,,,HTTP 429 for https://www.wikidata.org/w/api.php?action=wbsearchentities&format=json&language=en&type=item&limit=5&search=AImotive
Aiolos Bio,14-Feb-2024,Merger/Acquisition,"""Boston, MA""",aiolos bio,,Wikidata,ERROR,0,ERROR,,,HTTP 429 for https://www.wikidata.org/w/api.php?action=wbsearchentities&format=json&language=en&type=item&limit=5&search=Aiolos+Bio
Aiqudo,09-Feb-2021,Merger/Acquisition,"""Campbell, CA""",aiqudo,,Wikidata,ERROR,0,ERROR,,,HTTP 429 for https://www.wikidata.org/w/api.php?action=wbsearchentities&format=json&language=en&type=item&limit=5&search=Aiqudo
Air Control Entech,25-Jul-2024,Merger/Acquisition,"""Aberdeen, United Kingdom""",air control entech,,Wikidata,ERROR,0,ERROR,,,HTTP 429 for https://www.wikidata.org/w/api.php?action=wbsearchentities&format=json&language=en&type=item&limit=5&search=Air+Control+Entech
Airbase,01-Oct-2024,Merger/Acquisition,"""San Francisco, CA""",airbase,,Wikidata,ERROR,0,ERROR,,,HTTP 429 for https://www.wikidata.org/wiki/Special:EntityData/Q695850|Q1049686|Q2629807|Q2629816|Q1283490.json
Airgap,12-Apr-2024,Merger/Acquisition,"""Santa Clara, CA""",airgap,,Wikidata,ERROR,0,ERROR,,,HTTP 429 for https://www.wikidata.org/w/api.php?action=wbsearchentities&format=json&language=en&type=item&limit=5&search=Airgap
Airity Technologies,20-Jun-2024,Merger/Acquisition,"""Redwood City, CA""",airity technologies,,Wikidata,ERROR,0,ERROR,,,HTTP 429 for https://www.wikidata.org/w/api.php?action=wbsearchentities&format=json&language=en&type=item&limit=5&search=Airity+Technologies
AirJoule Technologies (NAS: AIRJ),14-Mar-2024,Reverse Merger,"""Wilmington, DE""",airjoule technologies,,Wikidata,ERROR,0,ERROR,,,HTTP 429 for https://www.wikidata.org/w/api.php?action=wbsearchentities&format=json&language=en&type=item&limit=5&search=AirJoule+Technologies
Airthings (OSL: AIRX),23-Dec-2025,Merger/Acquisition,"""Oslo, Norway""",airthings,,Wikidata,ERROR,0,ERROR,,,HTTP 429 for https://www.wikidata.org/w/api.php?action=wbsearchentities&format=json&language=en&type=item&limit=5&search=Airthings
AiXPRT,21-Oct-2021,Merger/Acquisition,"""London, United Kingdom""",aixprt,,Wikidata,NONE,0,NO_MATCH,,,No Wikidata search results
AjustLock,05-Dec-2023,Merger/Acquisition,"""New York, NY""",ajustlock,,Wikidata,ERROR,0,ERROR,,,HTTP 429 for https://www.wikidata.org/w/api.php?action=wbsearchentities&format=json&language=en&type=item&limit=5&search=AjustLock
Akili Interactive,02-Jul-2024,Merger/Acquisition,"""Boston, MA""",akili interactive,,Wikidata,ERROR,0,ERROR,,,HTTP 429 for https://www.wikidata.org/w/api.php?action=wbsearchentities&format=json&language=en&type=item&limit=5&search=Akili+Interactive
Akkodis,24-Feb-2022,Merger/Acquisition,"""Zug, Switzerland""",akkodis,,Wikidata,ERROR,0,ERROR,,,HTTP 429 for https://www.wikidata.org/w/api.php?action=wbsearchentities&format=json&language=en&type=item&limit=5&search=Akkodis
Akouos,01-Dec-2022,Merger/Acquisition,"""Boston, MA""",akouos,,Wikidata,ERROR,0,ERROR,,,HTTP 429 for https://www.wikidata.org/w/api.php?action=wbsearchentities&format=json&language=en&type=item&limit=5&search=Akouos
Akoya Biosciences,16-Apr-2021,IPO,"""Marlborough, MA""",akoya biosciences,,Wikidata,ERROR,0,ERROR,,,HTTP 429 for https://www.wikidata.org/w/api.php?action=wbsearchentities&format=json&language=en&type=item&limit=5&search=Akoya+Biosciences
Aktis Oncology (NAS: AKTS),09-Jan-2026,IPO,"""Boston, MA""",aktis oncology,,Wikidata,NONE,0,NO_MATCH,,,No Wikidata search results
ALAViDA,14-Oct-2021,Merger/Acquisition,"""Vancouver, Canada""",alavida,,Wikidata,ERROR,0,ERROR,,,HTTP 429 for https://www.wikidata.org/w/api.php?action=wbsearchentities&format=json&language=en&type=item&limit=5&search=ALAViDA
Alchemy (Financial Software),08-Jun-2022,Merger/Acquisition,"""Irvine, CA""",alchemy (financial software),,Wikidata,ERROR,0,ERROR,,,HTTP 429 for https://www.wikidata.org/w/api.php?action=wbsearchentities&format=json&language=en&type=item&limit=5&search=Alchemy+%28Financial+Software%29
Alcyone Therapeutics,07-Nov-2025,Merger/Acquisition,"""Lowell, MA""",alcyone therapeutics,,Wikidata,ERROR,0,ERROR,,,HTTP 429 for https://www.wikidata.org/w/api.php?action=wbsearchentities&format=json&language=en&type=item&limit=5&search=Alcyone+Therapeutics
Alderys,28-Feb-2024,Merger/Acquisition,"""Orsay, France""",alderys,,Wikidata,ERROR,0,ERROR,,,HTTP 429 for https://www.wikidata.org/w/api.php?action=wbsearchentities&format=json&language=en&type=item&limit=5&search=Alderys
Alfi (Business/Productivity Software),04-May-2021,IPO,"""Miami Beach, FL""",alfi (business/productivity software),,Wikidata,ERROR,0,ERROR,,,HTTP 429 for https://www.wikidata.org/w/api.php?action=wbsearchentities&format=json&language=en&type=item&limit=5&search=Alfi+%28Business%2FProductivity+Software%29
Alfonsino (MIL: ALFO),22-Nov-2021,IPO,"""Caserta, Italy""",alfonsino,,Wikidata,ERROR,0,ERROR,,,HTTP 429 for https://www.wikidata.org/w/api.php?action=wbsearchentities&format=json&language=en&type=item&limit=5&search=Alfonsino
AlgaeneX,04-Aug-2021,Merger/Acquisition,"""San Diego, CA""",algaenex,,Wikidata,NONE,0,NO_MATCH,,,No Wikidata search results
Aliada Therapeutics,11-Dec-2024,Merger/Acquisition,"""Boston, MA""",aliada therapeutics,,Wikidata,ERROR,0,ERROR,,,HTTP 429 for https://www.wikidata.org/w/api.php?action=wbsearchentities&format=json&language=en&type=item&limit=5&search=Aliada+Therapeutics
Alice's Table,31-Dec-2021,Merger/Acquisition,"""Jericho, NY""",alices table,,Wikidata,ERROR,0,ERROR,,,HTTP 429 for https://www.wikidata.org/w/api.php?action=wbsearchentities&format=json&language=en&type=item&limit=5&search=Alice%27s+Table
Alimera Sciences,16-Sep-2024,Merger/Acquisition,"""Alpharetta, GA""",alimera sciences,,Wikidata,ERROR,0,ERROR,,,HTTP 429 for https://www.wikidata.org/wiki/Special:EntityData/Q4726659|Q50038314.json
Alkami (NAS: ALKT),13-Apr-2021,IPO,"""Plano, TX""",alkami,,Wikidata,ERROR,0,ERROR,,,HTTP 429 for https://www.wikidata.org/w/api.php?action=wbsearchentities&format=json&language=en&type=item&limit=5&search=Alkami
All In,10-Nov-2022,Merger/Acquisition,"""Los Angeles, CA""",all in,,Wikidata,ERROR,0,ERROR,,,HTTP 429 for https://www.wikidata.org/w/api.php?action=wbsearchentities&format=json&language=en&type=item&limit=5&search=All+In
Allakos,15-May-2025,Merger/Acquisition,"""San Carlos, CA""",allakos,,Wikidata,ERROR,0,ERROR,,,HTTP 429 for https://www.wikidata.org/w/api.php?action=wbsearchentities&format=json&language=en&type=item&limit=5&search=Allakos
Allcyte,18-Aug-2021,Merger/Acquisition,"""Vienna, Austria""",allcyte,,Wikidata,NONE,0,NO_MATCH,,,No Wikidata search results
Allegro 3D,05-May-2022,Merger/Acquisition,"""San Diego, CA""",allegro 3d,,Wikidata,ERROR,0,ERROR,,,HTTP 429 for https://www.wikidata.org/w/api.php?action=wbsearchentities&format=json&language=en&type=item&limit=5&search=Allegro+3D
AlloMEK Therapeutics,11-Oct-2022,Merger/Acquisition,"""Woodbridge, CT""",allomek therapeutics,,Wikidata,ERROR,0,ERROR,,,HTTP 429 for https://www.wikidata.org/w/api.php?action=wbsearchentities&format=json&language=en&type=item&limit=5&search=AlloMEK+Therapeutics
Allovue,22-Jan-2024,Merger/Acquisition,"""Baltimore, MD""",allovue,,Wikidata,ERROR,0,ERROR,,,HTTP 429 for https://www.wikidata.org/w/api.php?action=wbsearchentities&format=json&language=en&type=item&limit=5&search=Allovue
Allurion Technologies (NYS: ALUR),01-Aug-2023,Reverse Merger,"""Paris, France""",allurion technologies,,Wikidata,ERROR,0,ERROR,,,HTTP 429 for https://www.wikidata.org/w/api.php?action=wbsearchentities&format=json&language=en&type=item&limit=5&search=Allurion+Technologies
Alpha Capital Acquisition Company,19-Feb-2021,IPO,"""New York, NY""",alpha capital acquisition,,Wikidata,NONE,0,NO_MATCH,,,No Wikidata search results
Alpha Lithium,01-Nov-2023,Merger/Acquisition,"""Vancouver, Canada""",alpha lithium,,Wikidata,ERROR,0,ERROR,,,HTTP 429 for https://www.wikidata.org/w/api.php?action=wbsearchentities&format=json&language=en&type=item&limit=5&search=Alpha+Lithium
Alpha Modus Holdings (NAS: DUMY0000230),13-Dec-2024,Reverse Merger,"""Cornelius, NC""",alpha modus,,Wikidata,ERROR,0,ERROR,,,HTTP 429 for https://www.wikidata.org/w/api.php?action=wbsearchentities&format=json&language=en&type=item&limit=5&search=Alpha+Modus+Holdings
Alpine Optoelectronics,29-Apr-2022,Merger/Acquisition,"""Fremont, CA""",alpine optoelectronics,,Wikidata,ERROR,0,ERROR,,,HTTP 429 for https://www.wikidata.org/w/api.php?action=wbsearchentities&format=json&language=en&type=item&limit=5&search=Alpine+Optoelectronics
Alsid,27-Apr-2021,Merger/Acquisition,"""Paris, France""",alsid,,Wikidata,ERROR,0,ERROR,,,HTTP 429 for https://www.wikidata.org/w/api.php?action=wbsearchentities&format=json&language=en&type=item&limit=5&search=Alsid
ALSP Orchid Acquisition I,19-Nov-2021,IPO,"""Seattle, WA""",alsp orchid acquisition i,,Wikidata,ERROR,0,ERROR,,,HTTP 429 for https://www.wikidata.org/w/api.php?action=wbsearchentities&format=json&language=en&type=item&limit=5&search=ALSP+Orchid+Acquisition+I
Alt 5,15-May-2024,Merger/Acquisition,"""Toronto, Canada""",alt 5,,Wikidata,NONE,0,NO_MATCH,,,No Wikidata search results
Altar,03-Oct-2022,Merger/Acquisition,"""Evry, France""",altar,,Wikidata,ERROR,0,ERROR,,,HTTP 429 for https://www.wikidata.org/w/api.php?action=wbsearchentities&format=json&language=en&type=item&limit=5&search=Altar
Alter (Multimedia and Design Software),01-Aug-2022,Merger/Acquisition,"""New York, NY""",alter (multimedia and design software),,Wikidata,ERROR,0,ERROR,,,HTTP 429 for https://www.wikidata.org/w/api.php?action=wbsearchentities&format=json&language=en&type=item&limit=5&search=Alter+%28Multimedia+and+Design+Software%29
AlterG,11-Aug-2023,Merger/Acquisition,"""Fremont, CA""",alterg,,Wikidata,ERROR,0,ERROR,,,HTTP 429 for https://www.wikidata.org/w/api.php?action=wbsearchentities&format=json&language=en&type=item&limit=5&search=AlterG
AltheaDx,26-Apr-2022,Merger/Acquisition,"""San Diego, CA""",altheadx,,Wikidata,ERROR,0,ERROR,,,HTTP 429 for https://www.wikidata.org/w/api.php?action=wbsearchentities&format=json&language=en&type=item&limit=5&search=AltheaDx
Altiostar,04-Aug-2021,Merger/Acquisition,"""Tewksbury, MA""",altiostar,,Wikidata,ERROR,0,ERROR,,,HTTP 429 for https://www.wikidata.org/wiki/Special:EntityData/Q96371871.json
Alto Neuroscience (NYS: ANRO),02-Feb-2024,IPO,"""Mountain View, CA""",alto neuroscience,,Wikidata,ERROR,0,ERROR,,,HTTP 429 for https://www.wikidata.org/w/api.php?action=wbsearchentities&format=json&language=en&type=item&limit=5&search=Alto+Neuroscience
Altus Copper,12-Jan-2022,IPO,"""New York, NY""",altus copper,,Wikidata,NONE,0,NO_MATCH,,,No Wikidata search results
Alumis (NAS: ALMS),28-Jun-2024,IPO,"""South San Francisco, CA""",alumis,,Wikidata,ERROR,0,ERROR,,,HTTP 404 for https://www.wikidata.org/wiki/Special:EntityData/Q36877526|Q131246144.json
Alzamend Neuro (NAS: ALZN),15-Jun-2021,IPO,"""Atlanta, GA""",alzamend neuro,,Wikidata,NONE,0,NO_MATCH,,,No Wikidata search results
Amalto,06-Apr-2021,Merger/Acquisition,"""Houston, TX""",amalto,,Wikidata,ERROR,0,ERROR,,,HTTP 429 for https://www.wikidata.org/wiki/Special:EntityData/Q18635283.json
Ambia Solar,14-Nov-2025,Merger/Acquisition,"""Lindon, UT""",ambia solar,,Wikidata,NONE,0,NO_MATCH,,,No Wikidata search results
Ambiq (NYS: AMBQ),30-Jul-2025,IPO,"""Austin, TX""",ambiq,,Wikidata,ERROR,0,ERROR,,,fetch failed
American Backhoe Services & Excavating,20-Dec-2022,Merger/Acquisition,"""University Park, IL""",american backhoe services and excavating,,Wikidata,ERROR,0,ERROR,,,fetch failed
American Robotics,05-Aug-2021,Merger/Acquisition,"""Sparks, MD""",american robotics,,Wikidata,ERROR,0,ERROR,,,fetch failed
Amino,21-Apr-2021,Merger/Acquisition,"""New York, NY""",amino,,Wikidata,ERROR,0,ERROR,,,HTTP 404 for https://www.wikidata.org/wiki/Special:EntityData/Q64221183|Q14851773|Q15757015|Q238474|Q8066.json
Amniotics,06-Jul-2021,IPO,"""Lund, Sweden""",amniotics,,Wikidata,NONE,0,NO_MATCH,,,No Wikidata search results
Amobee,12-Sep-2022,Merger/Acquisition,"""Redwood City, CA""",amobee,,Wikidata,NONE,0,NO_MATCH,,,No Wikidata search results
Ampere Computing,26-Nov-2025,Merger/Acquisition,"""Santa Clara, CA""",ampere computing,2017-00-00,Wikidata,MEDIUM,70,REVIEW,Q59491380,Ampere Computing,hq=united states; desc=American company that develops Cloud Native Processors
Amprius Technologies (NYS: AMPX),14-Sep-2022,Reverse Merger,"""Fremont, CA""",amprius technologies,,Wikidata,NONE,0,NO_MATCH,,,No Wikidata search results
Amryt Endo,05-Aug-2021,Merger/Acquisition,"""Needham, MA""",amryt endo,,Wikidata,NONE,0,NO_MATCH,,,No Wikidata search results
AMTD Digital (NYS: HKD),15-Jul-2022,IPO,"""Paris, France""",amtd digital,,Wikidata,NONE,70,NO_MATCH,Q113459125,AMTD Digital,hq=france; desc=Hong Kong based technology company
Amylyx Pharmaceuticals (NAS: AMLX),07-Jan-2022,IPO,"""Cambridge, MA""",amylyx pharmaceuticals,2013-00-00,Wikidata,HIGH,90,LIKELY_MATCH,Q115225388,Amylyx Pharmaceuticals,"hq=united states; aliases=Amylyx Pharmaceuticals, Inc.; desc=American biopharmaceutical company"
AN2 Therapeutics (NAS: ANTX),25-Mar-2022,IPO,"""Menlo Park, CA""",an2 therapeutics,,Wikidata,NONE,0,NO_MATCH,,,No Wikidata search results
Anchor Semiconductor,01-Jul-2021,Merger/Acquisition,"""Santa Clara, CA""",anchor semiconductor,,Wikidata,NONE,0,NO_MATCH,,,No Wikidata search results
Anebulo Pharmaceuticals (NAS: ANEB),07-May-2021,IPO,"""Lakeway, TX""",anebulo pharmaceuticals,,Wikidata,NONE,0,NO_MATCH,,,No Wikidata search results
Angel Studios (NYS: ANGX),10-Sep-2025,Reverse Merger,"""Provo, UT""",angel studios,,Wikidata,ERROR,0,ERROR,,,HTTP 404 for https://www.wikidata.org/wiki/Special:EntityData/Q959329|Q4762283|Q113659629|Q119698741.json
Angstrom Sports,17-Jun-2023,Merger/Acquisition,"""London, United Kingdom""",angstrom sports,,Wikidata,NONE,0,NO_MATCH,,,No Wikidata search results
AnHeart Therapeutics,09-Apr-2024,Merger/Acquisition,"""New York, NY""",anheart therapeutics,,Wikidata,NONE,0,NO_MATCH,,,No Wikidata search results
Ante,04-Oct-2021,Merger/Acquisition,"""Copenhagen, Denmark""",ante,,Wikidata,ERROR,0,ERROR,,,HTTP 404 for https://www.wikidata.org/wiki/Special:EntityData/Q571530|Q37482871|Q572041|Q114946131|Q167934.json
Antev,29-Aug-2025,Merger/Acquisition,"""London, United Kingdom""",antev,,Wikidata,ERROR,0,ERROR,,,HTTP 404 for https://www.wikidata.org/wiki/Special:EntityData/Q19988520|Q46998603|Q2857708|Q2565172|Q136450762.json
AntlerA,26-Jul-2024,Merger/Acquisition,"""Toronto, Canada""",antlera,,Wikidata,NONE,65,NO_MATCH,Q136351897,"AntlerA Therapeutics, Inc. (United States)","hq=canada; aliases=AntlerA|AntlerA Therapeutics|AntlerA Therapeutics, Inc.; desc=company in San Francisco, United States"
Aparito,24-May-2024,Merger/Acquisition,"""Wrexham, United Kingdom""",aparito,,Wikidata,NONE,0,NO_MATCH,Q4780946,apparitor,"hq=united kingdom; aliases=summoner|apparitores; desc=civil servant whose salary was paid from the public treasury, in Roman civilisation"
ApcinteX,01-Jan-2021,Merger/Acquisition,"""London, United Kingdom""",apcintex,,Wikidata,NONE,0,NO_MATCH,,,No Wikidata search results
APEIRON Biologics,15-Jul-2024,Merger/Acquisition,"""Vienna, Austria""",apeiron biologics,2003,Wikidata,LOW,45,REVIEW,Q104479929,Apeiron Biologics (Austria),"hq=austria; desc=company in Vienna, Austria"
Apexigen,23-Aug-2023,Merger/Acquisition,"""San Carlos, CA""",apexigen,2010,Wikidata,LOW,45,REVIEW,Q108737139,Apexigen (United States),"hq=united states; desc=company in San Carlos, United States"
APIOS,05-Jan-2021,Merger/Acquisition,"""Zagreb, Croatia""",apios,,Wikidata,ERROR,0,ERROR,,,HTTP 404 for https://www.wikidata.org/wiki/Special:EntityData/Q2537603|Q264157|Q4779864|Q10415730|Q4779866.json
Apogee Therapeutics (NAS: APGE),13-Jul-2023,IPO,"""Waltham, MA""",apogee therapeutics,,Wikidata,NONE,0,NO_MATCH,,,No Wikidata search results
Apolicy,01-Jul-2021,Merger/Acquisition,"""Sunnyvale, CA""",apolicy,,Wikidata,NONE,0,NO_MATCH,,,No Wikidata search results
Apollo Endosurgery,04-Apr-2023,Merger/Acquisition,"""Austin, TX""",apollo endosurgery,,Wikidata,ERROR,0,ERROR,,,HTTP 404 for https://www.wikidata.org/wiki/Special:EntityData/Q50039483|Q132099740.json
Apollo Fusion,01-Jul-2021,Merger/Acquisition,"""Mountain View, CA""",apollo fusion,,Wikidata,NONE,0,NO_MATCH,,,No Wikidata search results
Apollomics (NAS: APLM),26-Mar-2023,Reverse Merger,"""Foster City, CA""",apollomics,2016,Wikidata,LOW,45,REVIEW,Q108737121,Apollomics (United States),"hq=united states; desc=company in Foster City, United States"
apoplex medical technologies,05-Nov-2024,Merger/Acquisition,"""Pirmasens, Germany""",apoplex medical technologies,,Wikidata,NONE,0,NO_MATCH,,,No Wikidata search results
Apostrophe,02-Jul-2021,Merger/Acquisition,"""Oakland, CA""",apostrophe,,Wikidata,ERROR,0,ERROR,,,HTTP 404 for https://www.wikidata.org/wiki/Special:EntityData/Q436048|Q620510|Q87495831|Q17085299|Q73391929.json
ApParkingSpot,06-May-2022,Merger/Acquisition,"""Stockholm, Sweden""",apparkingspot,,Wikidata,NONE,0,NO_MATCH,,,No Wikidata search results
Appear (Hardware) (OSL: APR),06-Nov-2025,IPO,"""Oslo, Norway""",appear (hardware),,Wikidata,NONE,0,NO_MATCH,,,No Wikidata search results
Appetize,16-Sep-2021,Merger/Acquisition,"""Los Angeles, CA""",appetize,,Wikidata,ERROR,0,ERROR,,,HTTP 404 for https://www.wikidata.org/wiki/Special:EntityData/Q1628963|Q4781056|Q4781059|Q4781061|Q16961762.json
AppHarvest,29-Jan-2021,Reverse Merger,"""Morehead, KY""",appharvest,,Wikidata,NONE,90,NO_MATCH,Q106768814,AppHarvest,hq=united states; aliases=Appharvest; desc=American food production company
Applica,23-Sep-2022,Merger/Acquisition,"""Warsaw, Poland""",applica,,Wikidata,ERROR,0,ERROR,,,HTTP 404 for https://www.wikidata.org/wiki/Special:EntityData/Q42332|Q165194|Q618536|Q166142|Q13430279.json
Applied BioMath,12-Dec-2023,Merger/Acquisition,"""Concord, MA""",applied biomath,,Wikidata,ERROR,0,ERROR,,,HTTP 404 for https://www.wikidata.org/wiki/Special:EntityData/Q23091386|Q61934400.json
Applied Graphene,28-Mar-2023,Merger/Acquisition,"""Redcar, United Kingdom""",applied graphene,2010,Wikidata,LOW,45,REVIEW,Q59536443,Applied Graphene Materials,"hq=united kingdom; aliases=Durham Graphene Science; desc=company in Redcar, United Kingdom"
Applied Molecular Transport,27-Dec-2023,Merger/Acquisition,"""Menlo Park, CA""",applied molecular transport,,Wikidata,NONE,70,NO_MATCH,Q138496064,Applied Molecular Transport Inc.,hq=united states
Aptamer Group (LON: APTA),22-Dec-2021,IPO,"""York, United Kingdom""",aptamer,,Wikidata,NONE,0,NO_MATCH,,,No Wikidata search results
Apton Biosystems,02-Aug-2023,Merger/Acquisition,"""Pleasanton, CA""",apton biosystems,,Wikidata,NONE,0,NO_MATCH,,,No Wikidata search results
Aquana,02-Jul-2021,Merger/Acquisition,"""Houston, TX""",aquana,,Wikidata,ERROR,0,ERROR,,,HTTP 404 for https://www.wikidata.org/wiki/Special:EntityData/Q2241277|Q126185253|Q4782709|Q15723813|Q112055667.json
Aquaporin,01-Jul-2021,IPO,"""Kongens Lyngby, Denmark""",aquaporin,,Wikidata,ERROR,0,ERROR,,,HTTP 404 for https://www.wikidata.org/wiki/Special:EntityData/Q623090|Q63565867|Q62962229|Q63994075|Q29813187.json
Aramis Group (PAR: ARAMI),17-Jun-2021,IPO,"""Arcueil, France""",aramis,2001-09-25,Wikidata,MEDIUM,70,REVIEW,Q2859488,Aramis Group,hq=france; desc=French used car sales company
Aran Biomedical,06-Apr-2022,Merger/Acquisition,"""Galway, Ireland""",aran biomedical,,Wikidata,NONE,0,NO_MATCH,,,No Wikidata search results
Araris,31-Mar-2025,Merger/Acquisition,"""Zurich, Switzerland""",araris,,Wikidata,ERROR,0,ERROR,,,HTTP 404 for https://www.wikidata.org/wiki/Special:EntityData/Q35335117|Q19998927|Q19991090|Q138860621|Q136523393.json
Arcadia Gaming,11-Sep-2024,Merger/Acquisition,"""Nicosia, Cyprus""",arcadia gaming,,Wikidata,NONE,0,NO_MATCH,,,No Wikidata search results
Arcan,20-Dec-2023,Merger/Acquisition,"""Milan, Italy""",arcan,,Wikidata,ERROR,0,ERROR,,,HTTP 404 for https://www.wikidata.org/wiki/Special:EntityData/Q197339|Q164475|Q10417124|Q638331|Q37227860.json
ArcaNatura,19-Dec-2022,Merger/Acquisition,"""Lyon, France""",arcanatura,,Wikidata,NONE,0,NO_MATCH,,,No Wikidata search results
Arcellx (NAS: ACLX),04-Feb-2022,IPO,"""Gaithersburg, MD""",arcellx,2014-00-00,Wikidata,MEDIUM,70,REVIEW,Q137816685,Arcellx,hq=united states; aliases=ACLX; desc=Biotechnology Company
Archaea Energy,28-Dec-2022,Merger/Acquisition,"""Houston, TX""",archaea energy,,Wikidata,NONE,0,NO_MATCH,,,No Wikidata search results
ArcherDX,20-Dec-2022,Merger/Acquisition,"""Boulder, CO""",archerdx,,Wikidata,NONE,0,NO_MATCH,,,No Wikidata search results
Arcion,03-Nov-2023,Merger/Acquisition,"""San Mateo, CA""",arcion,,Wikidata,ERROR,0,ERROR,,,HTTP 404 for https://www.wikidata.org/wiki/Special:EntityData/Q42765664|Q111888|Q29877143|Q33135481|Q3678342.json
Arctic Fish Holding (OSL: AFISH),29-Dec-2022,Merger/Acquisition,"""Isafjordur, Iceland""",arctic fish,,Wikidata,NONE,0,NO_MATCH,,,No Wikidata search results
arculus (Hardware),28-Oct-2021,Merger/Acquisition,"""Munich, Germany""",arculus (hardware),,Wikidata,NONE,0,NO_MATCH,,,No Wikidata search results
Ardgowan,14-Jun-2021,Merger/Acquisition,"""Inverkip, United Kingdom""",ardgowan,,Wikidata,ERROR,0,ERROR,,,HTTP 404 for https://www.wikidata.org/wiki/Special:EntityData/Q4788018|Q63517649|Q4788023|Q29175824|Q103908293.json
Area 1 Security,01-Apr-2022,Merger/Acquisition,"""San Mateo, CA""",area 1 security,2013,Wikidata,MEDIUM,70,REVIEW,Q54958728,Area 1 Security,hq=united states; desc=American cybersecurity company
Arecor Therapeutics (LON: AREC),03-Jun-2021,IPO,"""Little Chesterford, United Kingdom""",arecor therapeutics,,Wikidata,NONE,0,NO_MATCH,,,No Wikidata search results
Arena Solutions,15-Jan-2021,Merger/Acquisition,"""Boston, MA""",arena solutions,,Wikidata,NONE,0,NO_MATCH,,,No Wikidata search results
Aretto Wellness (BER: 0RW0),09-Mar-2021,IPO,"""Vancouver, Canada""",aretto wellness,,Wikidata,NONE,0,NO_MATCH,,,No Wikidata search results
Argeo,26-Apr-2021,IPO,"""Hvalstad, Norway""",argeo,,Wikidata,ERROR,0,ERROR,,,HTTP 404 for https://www.wikidata.org/wiki/Special:EntityData/Q105038569|Q20097917|Q20097911|Q4789524|Q718335.json
ARInspect,31-Oct-2023,Merger/Acquisition,"""McLean, VA""",arinspect,,Wikidata,ERROR,0,ERROR,,,HTTP 429 for https://www.wikidata.org/w/api.php?action=wbsearchentities&format=json&language=en&type=item&limit=5&search=ARInspect
Arix Bioscience,22-Jan-2024,Merger/Acquisition,"""London, United Kingdom""",arix bioscience,,Wikidata,ERROR,0,ERROR,,,HTTP 429 for https://www.wikidata.org/w/api.php?action=wbsearchentities&format=json&language=en&type=item&limit=5&search=Arix+Bioscience
Armory (Business/Productivity Software),11-Jan-2024,Merger/Acquisition,"""San Francisco, CA""",armory (business/productivity software),,Wikidata,ERROR,0,ERROR,,,HTTP 429 for https://www.wikidata.org/w/api.php?action=wbsearchentities&format=json&language=en&type=item&limit=5&search=Armory+%28Business%2FProductivity+Software%29
Arqit (NAS: ARQQ),03-Sep-2021,Reverse Merger,"""London, United Kingdom""",arqit,,Wikidata,ERROR,0,ERROR,,,HTTP 429 for https://www.wikidata.org/w/api.php?action=wbsearchentities&format=json&language=en&type=item&limit=5&search=Arqit
Arrival UK,24-Mar-2021,Reverse Merger,"""London, United Kingdom""",arrival uk,,Wikidata,ERROR,0,ERROR,,,HTTP 429 for https://www.wikidata.org/w/api.php?action=wbsearchentities&format=json&language=en&type=item&limit=5&search=Arrival+UK
ArriVent Biopharma (NAS: AVBP),26-Jan-2024,IPO,"""Newtown Square, PA""",arrivent biopharma,,Wikidata,NONE,0,NO_MATCH,,,No Wikidata search results
Arroweye,06-May-2025,Merger/Acquisition,"""Henderson, NV""",arroweye,,Wikidata,ERROR,0,ERROR,,,HTTP 429 for https://www.wikidata.org/w/api.php?action=wbsearchentities&format=json&language=en&type=item&limit=5&search=Arroweye
ARS Pharmaceuticals (NAS: SPRY),08-Nov-2022,Reverse Merger,"""San Diego, CA""",ars pharmaceuticals,,Wikidata,ERROR,0,ERROR,,,HTTP 429 for https://www.wikidata.org/w/api.php?action=wbsearchentities&format=json&language=en&type=item&limit=5&search=ARS+Pharmaceuticals
ARTELLA Solutions,30-Sep-2021,Merger/Acquisition,"""Houston, TX""",artella solutions,,Wikidata,ERROR,0,ERROR,,,HTTP 429 for https://www.wikidata.org/w/api.php?action=wbsearchentities&format=json&language=en&type=item&limit=5&search=ARTELLA+Solutions
Arteris (NAS: AIP),27-Oct-2021,IPO,"""Campbell, CA""",arteris,,Wikidata,ERROR,0,ERROR,,,HTTP 429 for https://www.wikidata.org/wiki/Special:EntityData/Q48861795|Q15104252|Q131633138.json
Artiva (NAS: ARTV),19-Jul-2024,IPO,"""San Diego, CA""",artiva,,Wikidata,ERROR,0,ERROR,,,HTTP 429 for https://www.wikidata.org/w/api.php?action=wbsearchentities&format=json&language=en&type=item&limit=5&search=Artiva
ARTMS,11-Apr-2024,Merger/Acquisition,"""Burnaby, Canada""",artms,,Wikidata,ERROR,0,ERROR,,,HTTP 429 for https://www.wikidata.org/wiki/Special:EntityData/Q119692734|Q114075949|Q106485531.json
Arvelle Therapeutics,02-Feb-2021,Merger/Acquisition,"""Zug, Switzerland""",arvelle therapeutics,,Wikidata,ERROR,0,ERROR,,,HTTP 429 for https://www.wikidata.org/w/api.php?action=wbsearchentities&format=json&language=en&type=item&limit=5&search=Arvelle+Therapeutics
Arx (Business/Productivity Software),09-Sep-2021,Merger/Acquisition,"""Auburn Hills, MI""",arx (business/productivity software),,Wikidata,ERROR,0,ERROR,,,HTTP 429 for https://www.wikidata.org/w/api.php?action=wbsearchentities&format=json&language=en&type=item&limit=5&search=Arx+%28Business%2FProductivity+Software%29
Aryeo,31-Jul-2023,Merger/Acquisition,"""Boston, MA""",aryeo,,Wikidata,ERROR,0,ERROR,,,HTTP 429 for https://www.wikidata.org/w/api.php?action=wbsearchentities&format=json&language=en&type=item&limit=5&search=Aryeo
Asanalyzer,13-Apr-2022,Merger/Acquisition,"""Peterborough, United Kingdom""",asanalyzer,,Wikidata,NONE,0,NO_MATCH,,,No Wikidata search results
Ascend Wellness Holdings (CNQ: AAWH.U),28-Apr-2021,IPO,"""Morristown, NJ""",ascend wellness,,Wikidata,ERROR,0,ERROR,,,HTTP 429 for https://www.wikidata.org/w/api.php?action=wbsearchentities&format=json&language=en&type=item&limit=5&search=Ascend+Wellness+Holdings
Ask Sage,31-Dec-2025,Merger/Acquisition,"""Arlington, VA""",ask sage,,Wikidata,ERROR,0,ERROR,,,HTTP 429 for https://www.wikidata.org/w/api.php?action=wbsearchentities&format=json&language=en&type=item&limit=5&search=Ask+Sage
ASMPT NEXX,01-Feb-2025,Merger/Acquisition,"""Billerica, MA""",asmpt nexx,,Wikidata,ERROR,0,ERROR,,,HTTP 429 for https://www.wikidata.org/w/api.php?action=wbsearchentities&format=json&language=en&type=item&limit=5&search=ASMPT+NEXX
Asset Entities,02-Feb-2023,IPO,"""Dallas, TX""",asset entities,,Wikidata,ERROR,0,ERROR,,,HTTP 429 for https://www.wikidata.org/w/api.php?action=wbsearchentities&format=json&language=en&type=item&limit=5&search=Asset+Entities
AST SpaceMobile (NAS: ASTS),06-Apr-2021,Reverse Merger,"""Midland, TX""",ast spacemobile,,Wikidata,ERROR,0,ERROR,,,HTTP 429 for https://www.wikidata.org/wiki/Special:EntityData/Q112659289|Q131940547.json
Asteo Red Neutra,01-Jul-2021,Buyout/LBO,"""Madrid, Spain""",asteo red neutra,,Wikidata,ERROR,0,ERROR,,,HTTP 429 for https://www.wikidata.org/w/api.php?action=wbsearchentities&format=json&language=en&type=item&limit=5&search=Asteo+Red+Neutra
Astera Labs (NAS: ALAB),20-Mar-2024,IPO,"""San Jose, CA""",astera labs,,Wikidata,ERROR,0,ERROR,,,HTTP 429 for https://www.wikidata.org/w/api.php?action=wbsearchentities&format=json&language=en&type=item&limit=5&search=Astera+Labs
Astra Space,30-Jun-2021,Reverse Merger,"""Alameda, CA""",astra space,,Wikidata,ERROR,0,ERROR,,,HTTP 429 for https://www.wikidata.org/w/api.php?action=wbsearchentities&format=json&language=en&type=item&limit=5&search=Astra+Space
Astria Therapeutics,23-Jan-2026,Merger/Acquisition,"""Boston, MA""",astria therapeutics,,Wikidata,NONE,0,NO_MATCH,,,No Wikidata search results
Astrid Intelligence (LON: CLAI),26-Feb-2021,IPO,"""London, United Kingdom""",astrid intelligence,,Wikidata,NONE,0,NO_MATCH,,,No Wikidata search results
Astrocast,25-Aug-2021,IPO,Switzerland,astrocast,,Wikidata,ERROR,0,ERROR,,,HTTP 429 for https://www.wikidata.org/w/api.php?action=wbsearchentities&format=json&language=en&type=item&limit=5&search=Astrocast
Astronaut Party,25-May-2021,Merger/Acquisition,"""San Francisco, CA""",astronaut party,,Wikidata,ERROR,0,ERROR,,,HTTP 429 for https://www.wikidata.org/w/api.php?action=wbsearchentities&format=json&language=en&type=item&limit=5&search=Astronaut+Party
Asuragen,06-Apr-2021,Merger/Acquisition,"""Austin, TX""",asuragen,,Wikidata,ERROR,0,ERROR,,,HTTP 429 for https://www.wikidata.org/wiki/Special:EntityData/Q4811917|Q81383846.json
Asystem,25-Aug-2023,Merger/Acquisition,"""Los Angeles, CA""",asystem,,Wikidata,ERROR,0,ERROR,,,HTTP 429 for https://www.wikidata.org/w/api.php?action=wbsearchentities&format=json&language=en&type=item&limit=5&search=Asystem
At Mine Hospitality,03-Jun-2021,Merger/Acquisition,"""Miami Beach, FL""",at mine hospitality,,Wikidata,ERROR,0,ERROR,,,HTTP 429 for https://www.wikidata.org/w/api.php?action=wbsearchentities&format=json&language=en&type=item&limit=5&search=At+Mine+Hospitality
AtaiBeckley (NAS: ATAI),18-Jun-2021,IPO,"""New York, NY""",ataibeckley,,Wikidata,NONE,0,NO_MATCH,,,No Wikidata search results
Atenoil,31-May-2024,Merger/Acquisition,"""Madrid, Spain""",atenoil,,Wikidata,ERROR,0,ERROR,,,HTTP 429 for https://www.wikidata.org/w/api.php?action=wbsearchentities&format=json&language=en&type=item&limit=5&search=Atenoil
Athelas (Enterprise Systems),30-Oct-2023,Merger/Acquisition,"""Mountain View, CA""",athelas (enterprise systems),,Wikidata,ERROR,0,ERROR,,,HTTP 429 for https://www.wikidata.org/w/api.php?action=wbsearchentities&format=json&language=en&type=item&limit=5&search=Athelas+%28Enterprise+Systems%29
Athonet,23-Feb-2023,Merger/Acquisition,"""Bolzano Vicentino, Italy""",athonet,,Wikidata,ERROR,0,ERROR,,,HTTP 429 for https://www.wikidata.org/w/api.php?action=wbsearchentities&format=json&language=en&type=item&limit=5&search=Athonet
Atlanta Micro,29-Nov-2021,Merger/Acquisition,"""Norcross, GA""",atlanta micro,,Wikidata,ERROR,0,ERROR,,,HTTP 429 for https://www.wikidata.org/w/api.php?action=wbsearchentities&format=json&language=en&type=item&limit=5&search=Atlanta+Micro
Atlantic International (NAS: ATLN),27-Aug-2021,IPO,"""Billerica, MA""",atlantic international,,Wikidata,ERROR,0,ERROR,,,HTTP 429 for https://www.wikidata.org/wiki/Special:EntityData/Q30262792|Q4816430|Q16252117|Q125607294|Q134250757.json
Atom Power,04-Aug-2022,Merger/Acquisition,"""Huntersville, NC""",atom power,,Wikidata,ERROR,0,ERROR,,,HTTP 429 for https://www.wikidata.org/w/api.php?action=wbsearchentities&format=json&language=en&type=item&limit=5&search=Atom+Power
Atomic Alchemy,28-Feb-2025,Merger/Acquisition,"""Idaho Falls, ID""",atomic alchemy,,Wikidata,ERROR,0,ERROR,,,HTTP 429 for https://www.wikidata.org/w/api.php?action=wbsearchentities&format=json&language=en&type=item&limit=5&search=Atomic+Alchemy
Atomic Jelly (WAR: ATJ),09-Feb-2021,IPO,"""Poznan, Poland""",atomic jelly,,Wikidata,NONE,0,NO_MATCH,,,No Wikidata search results
Atreus,01-Feb-2023,Merger/Acquisition,"""Munich, Germany""",atreus,,Wikidata,ERROR,0,ERROR,,,HTTP 429 for https://www.wikidata.org/w/api.php?action=wbsearchentities&format=json&language=en&type=item&limit=5&search=Atreus
Atrin Pharmaceuticals,16-May-2022,Merger/Acquisition,"""Doylestown, PA""",atrin pharmaceuticals,,Wikidata,ERROR,0,ERROR,,,HTTP 429 for https://www.wikidata.org/w/api.php?action=wbsearchentities&format=json&language=en&type=item&limit=5&search=Atrin+Pharmaceuticals
atSpoke,02-Aug-2021,Merger/Acquisition,"""San Francisco, CA""",atspoke,,Wikidata,NONE,0,NO_MATCH,,,No Wikidata search results
Attivo Networks,02-May-2022,Merger/Acquisition,"""Fremont, CA""",attivo networks,,Wikidata,ERROR,0,ERROR,,,HTTP 429 for https://www.wikidata.org/w/api.php?action=wbsearchentities&format=json&language=en&type=item&limit=5&search=Attivo+Networks
Attune Medical,01-Apr-2024,Merger/Acquisition,"""Chicago, IL""",attune medical,,Wikidata,NONE,0,NO_MATCH,,,No Wikidata search results
Auddia (NAS: AUUD),17-Feb-2021,IPO,"""Boulder, CO""",auddia,,Wikidata,ERROR,0,ERROR,,,HTTP 429 for https://www.wikidata.org/w/api.php?action=wbsearchentities&format=json&language=en&type=item&limit=5&search=Auddia
Audigent,04-Dec-2024,Merger/Acquisition,"""New York, NY""",audigent,,Wikidata,ERROR,0,ERROR,,,HTTP 429 for https://www.wikidata.org/w/api.php?action=wbsearchentities&format=json&language=en&type=item&limit=5&search=Audigent
Augmenta,13-Mar-2023,Merger/Acquisition,"""Paris, France""",augmenta,,Wikidata,ERROR,0,ERROR,,,HTTP 429 for https://www.wikidata.org/w/api.php?action=wbsearchentities&format=json&language=en&type=item&limit=5&search=Augmenta
Augmented Pixels,13-Jan-2022,Merger/Acquisition,"""Palo Alto, CA""",augmented pixels,,Wikidata,ERROR,0,ERROR,,,HTTP 429 for https://www.wikidata.org/wiki/Special:EntityData/Q30970210.json
Aura Biosciences (NAS: AURA),02-Nov-2021,IPO,"""Cambridge, MA""",aura biosciences,,Wikidata,ERROR,0,ERROR,,,HTTP 429 for https://www.wikidata.org/w/api.php?action=wbsearchentities&format=json&language=en&type=item&limit=5&search=Aura+Biosciences
Auth0,03-May-2021,Merger/Acquisition,"""Bellevue, WA""",auth0,,Wikidata,ERROR,0,ERROR,,,HTTP 429 for https://www.wikidata.org/w/api.php?action=wbsearchentities&format=json&language=en&type=item&limit=5&search=Auth0
Autifony Therapeutics,14-Nov-2023,Merger/Acquisition,"""Stevenage, United Kingdom""",autifony therapeutics,,Wikidata,ERROR,0,ERROR,,,HTTP 429 for https://www.wikidata.org/wiki/Special:EntityData/Q30268746.json
AUTO1 Group (FRA: AG1),04-Feb-2021,IPO,"""Berlin, Germany""",auto1,,Wikidata,ERROR,0,ERROR,,,HTTP 429 for https://www.wikidata.org/w/api.php?action=wbsearchentities&format=json&language=en&type=item&limit=5&search=AUTO1+Group
AutoNation Mobile Service,26-Jan-2023,Merger/Acquisition,"""Fort Lauderdale, FL""",autonation mobile service,,Wikidata,ERROR,0,ERROR,,,HTTP 429 for https://www.wikidata.org/w/api.php?action=wbsearchentities&format=json&language=en&type=item&limit=5&search=AutoNation+Mobile+Service
Autonomix (NAS: AMIX),26-Jan-2024,IPO,"""The Woodlands, TX""",autonomix,,Wikidata,ERROR,0,ERROR,,,HTTP 429 for https://www.wikidata.org/wiki/Special:EntityData/Q104480005|Q131646760.json
AV Cannabis,01-Apr-2021,Merger/Acquisition,"""Toronto, Canada""",av cannabis,,Wikidata,ERROR,0,ERROR,,,HTTP 429 for https://www.wikidata.org/w/api.php?action=wbsearchentities&format=json&language=en&type=item&limit=5&search=AV+Cannabis
Ava Security,03-Mar-2022,Merger/Acquisition,"""London, United Kingdom""",ava security,,Wikidata,NONE,0,NO_MATCH,,,No Wikidata search results
Avafin,11-Nov-2024,Merger/Acquisition,"""Limassol, Cyprus""",avafin,,Wikidata,ERROR,0,ERROR,,,HTTP 429 for https://www.wikidata.org/w/api.php?action=wbsearchentities&format=json&language=en&type=item&limit=5&search=Avafin
AvaLAN Wireless,19-Apr-2021,Merger/Acquisition,"""Madison, AL""",avalan wireless,,Wikidata,ERROR,0,ERROR,,,HTTP 429 for https://www.wikidata.org/w/api.php?action=wbsearchentities&format=json&language=en&type=item&limit=5&search=AvaLAN+Wireless
Avalun,30-Apr-2021,Merger/Acquisition,"""Grenoble, France""",avalun,,Wikidata,ERROR,0,ERROR,,,HTTP 429 for https://www.wikidata.org/wiki/Special:EntityData/Q134053333|Q131197700|Q2349640|Q20995823.json
AVAX One Technology (NAS: AVX),08-Jul-2021,IPO,"""Vancouver, Canada""",avax one technology,,Wikidata,ERROR,0,ERROR,,,HTTP 429 for https://www.wikidata.org/w/api.php?action=wbsearchentities&format=json&language=en&type=item&limit=5&search=AVAX+One+Technology
AVEO Oncology,19-Jan-2023,Merger/Acquisition,"""Boston, MA""",aveo oncology,,Wikidata,ERROR,0,ERROR,,,HTTP 429 for https://www.wikidata.org/w/api.php?action=wbsearchentities&format=json&language=en&type=item&limit=5&search=AVEO+Oncology
Avinode,22-Mar-2024,Merger/Acquisition,"""Gothenburg, Sweden""",avinode,,Wikidata,ERROR,0,ERROR,,,HTTP 429 for https://www.wikidata.org/wiki/Special:EntityData/Q60749883.json
Avitide,30-Sep-2021,Merger/Acquisition,"""Lebanon, NH""",avitide,,Wikidata,ERROR,0,ERROR,,,HTTP 429 for https://www.wikidata.org/w/api.php?action=wbsearchentities&format=json&language=en&type=item&limit=5&search=Avitide
Aviva Links,24-Oct-2025,Merger/Acquisition,"""San Jose, CA""",aviva links,,Wikidata,ERROR,0,ERROR,,,HTTP 429 for https://www.wikidata.org/w/api.php?action=wbsearchentities&format=json&language=en&type=item&limit=5&search=Aviva+Links
Aviwest,01-Apr-2022,Merger/Acquisition,"""Saint Gr�goire Cedex, France""",aviwest,,Wikidata,ERROR,0,ERROR,,,HTTP 429 for https://www.wikidata.org/w/api.php?action=wbsearchentities&format=json&language=en&type=item&limit=5&search=Aviwest
Awakn Life Sciences,27-May-2025,Merger/Acquisition,"""Toronto, Canada""",awakn life sciences,,Wikidata,NONE,0,NO_MATCH,,,No Wikidata search results
Awashop,05-May-2022,Merger/Acquisition,"""Montpellier, France""",awashop,,Wikidata,ERROR,0,ERROR,,,HTTP 429 for https://www.wikidata.org/w/api.php?action=wbsearchentities&format=json&language=en&type=item&limit=5&search=Awashop
Axign,03-Jan-2024,Merger/Acquisition,"""Enschede, Netherlands""",axign,,Wikidata,ERROR,0,ERROR,,,HTTP 429 for https://www.wikidata.org/w/api.php?action=wbsearchentities&format=json&language=en&type=item&limit=5&search=Axign
Axil (Acquired / merged),16-Jun-2022,Merger/Acquisition,"""American Fork, UT""",axil (acquired / merged),,Wikidata,ERROR,0,ERROR,,,HTTP 429 for https://www.wikidata.org/w/api.php?action=wbsearchentities&format=json&language=en&type=item&limit=5&search=Axil+%28Acquired+%2F+merged%29
Axios,08-Aug-2022,Merger/Acquisition,"""Arlington, VA""",axios,,Wikidata,ERROR,0,ERROR,,,HTTP 429 for https://www.wikidata.org/wiki/Special:EntityData/Q189596|Q28230873|Q4830576|Q95960982|Q83645807.json
Axis Security,15-Mar-2023,Merger/Acquisition,"""Plano, TX""",axis security,,Wikidata,ERROR,0,ERROR,,,HTTP 429 for https://www.wikidata.org/w/api.php?action=wbsearchentities&format=json&language=en&type=item&limit=5&search=Axis+Security
Axon Clinic,04-Oct-2021,Merger/Acquisition,"""Oslo, Norway""",axon clinic,,Wikidata,ERROR,0,ERROR,,,HTTP 429 for https://www.wikidata.org/wiki/Special:EntityData/Q67904802.json
Axonics,15-Nov-2024,Merger/Acquisition,"""Irvine, CA""",axonics,,Wikidata,ERROR,0,ERROR,,,HTTP 429 for https://www.wikidata.org/w/api.php?action=wbsearchentities&format=json&language=en&type=item&limit=5&search=Axonics
Azerion Group (AMS: AZRN),02-Feb-2022,Reverse Merger,"""Amsterdam, Netherlands""",azerion,,Wikidata,ERROR,0,ERROR,,,HTTP 429 for https://www.wikidata.org/wiki/Special:EntityData/Q71060894.json
Azimo,04-Apr-2022,Merger/Acquisition,"""London, United Kingdom""",azimo,,Wikidata,ERROR,0,ERROR,,,HTTP 429 for https://www.wikidata.org/w/api.php?action=wbsearchentities&format=json&language=en&type=item&limit=5&search=Azimo
Azitra (ASE: AZTR),15-Jun-2023,IPO,"""Branford, CT""",azitra,,Wikidata,ERROR,0,ERROR,,,HTTP 429 for https://www.wikidata.org/w/api.php?action=wbsearchentities&format=json&language=en&type=item&limit=5&search=Azitra
BA Insight,22-Feb-2022,Merger/Acquisition,"""Austin, TX""",ba insight,,Wikidata,ERROR,0,ERROR,,,HTTP 429 for https://www.wikidata.org/w/api.php?action=wbsearchentities&format=json&language=en&type=item&limit=5&search=BA+Insight
Babel Health,25-Mar-2022,Merger/Acquisition,"""Pittsburgh, PA""",babel health,,Wikidata,NONE,0,NO_MATCH,,,No Wikidata search results
Babylon Health,21-Oct-2021,Reverse Merger,"""Austin, TX""",babylon health,,Wikidata,ERROR,0,ERROR,,,HTTP 429 for https://www.wikidata.org/w/api.php?action=wbsearchentities&format=json&language=en&type=item&limit=5&search=Babylon+Health
Ba�a Food,22-Apr-2025,Merger/Acquisition,"""Madrid, Spain""",ba�a food,,Wikidata,ERROR,0,ERROR,,,HTTP 429 for https://www.wikidata.org/w/api.php?action=wbsearchentities&format=json&language=en&type=item&limit=5&search=Ba%EF%BF%BDa+Food
Bakkt Holdings (NYS: BKKT),18-Oct-2021,Reverse Merger,"""Alpharetta, GA""",bakkt,,Wikidata,ERROR,0,ERROR,,,HTTP 429 for https://www.wikidata.org/w/api.php?action=wbsearchentities&format=json&language=en&type=item&limit=5&search=Bakkt+Holdings
Ballard Motive Solutions,11-Nov-2021,Merger/Acquisition,"""London, United Kingdom""",ballard motive solutions,,Wikidata,ERROR,0,ERROR,,,HTTP 429 for https://www.wikidata.org/w/api.php?action=wbsearchentities&format=json&language=en&type=item&limit=5&search=Ballard+Motive+Solutions
Balmonds,14-Jun-2022,Reverse Merger,"""Brighton, United Kingdom""",balmonds,,Wikidata,NONE,0,NO_MATCH,,,No Wikidata search results
Banach Technology,20-Apr-2021,Merger/Acquisition,"""Dublin, Ireland""",banach technology,,Wikidata,ERROR,0,ERROR,,,HTTP 429 for https://www.wikidata.org/w/api.php?action=wbsearchentities&format=json&language=en&type=item&limit=5&search=Banach+Technology
Bandyer,08-Jul-2021,Merger/Acquisition,"""Milan, Italy""",bandyer,,Wikidata,ERROR,0,ERROR,,,HTTP 429 for https://www.wikidata.org/w/api.php?action=wbsearchentities&format=json&language=en&type=item&limit=5&search=Bandyer
BanqUP,08-Jan-2021,Merger/Acquisition,"""Kontich, Belgium""",banqup,,Wikidata,NONE,0,NO_MATCH,,,No Wikidata search results
Banzai International (NAS: BNZI),14-Dec-2023,Reverse Merger,"""Bainbridge Island, WA""",banzai international,,Wikidata,NONE,0,NO_MATCH,,,No Wikidata search results
Bardy Diagnostics,02-Aug-2021,Merger/Acquisition,"""Bellevue, WA""",bardy diagnostics,2013,Wikidata,LOW,45,REVIEW,Q104479988,Bardy Diagnostics (United States),"hq=united states; desc=company in Seattle, United States"
Barinthus Biotherapeutics (NAS: BRNS),30-Apr-2021,IPO,"""Harwell, United Kingdom""",barinthus biotherapeutics,,Wikidata,NONE,0,NO_MATCH,,,No Wikidata search results
Bawat (STO: BAWAT),28-Mar-2022,IPO,"""Horsholm, Denmark""",bawat,,Wikidata,ERROR,0,ERROR,,,HTTP 429 for https://www.wikidata.org/w/api.php?action=wbsearchentities&format=json&language=en&type=item&limit=5&search=Bawat
Bay Equity,01-Apr-2022,Merger/Acquisition,"""Corte Madera, CA""",bay equity,,Wikidata,ERROR,0,ERROR,,,HTTP 429 for https://www.wikidata.org/w/api.php?action=wbsearchentities&format=json&language=en&type=item&limit=5&search=Bay+Equity
BayMedica,13-Oct-2021,Merger/Acquisition,"""Vancouver, Canada""",baymedica,,Wikidata,ERROR,0,ERROR,,,HTTP 429 for https://www.wikidata.org/w/api.php?action=wbsearchentities&format=json&language=en&type=item&limit=5&search=BayMedica
Bbot,01-Mar-2022,Merger/Acquisition,"""Ruffsdale, PA""",bbot,,Wikidata,ERROR,0,ERROR,,,HTTP 429 for https://www.wikidata.org/w/api.php?action=wbsearchentities&format=json&language=en&type=item&limit=5&search=Bbot
Be Your Essence,26-Feb-2021,Merger/Acquisition,"""Milan, Italy""",be your essence,,Wikidata,NONE,0,NO_MATCH,,,No Wikidata search results
Beacon Bio,10-Jun-2021,Merger/Acquisition,"""Boston, MA""",beacon bio,,Wikidata,ERROR,0,ERROR,,,HTTP 429 for https://www.wikidata.org/w/api.php?action=wbsearchentities&format=json&language=en&type=item&limit=5&search=Beacon+Bio
Beacon Platform,30-Apr-2025,Merger/Acquisition,"""New York, NY""",beacon platform,,Wikidata,ERROR,0,ERROR,,,HTTP 429 for https://www.wikidata.org/w/api.php?action=wbsearchentities&format=json&language=en&type=item&limit=5&search=Beacon+Platform
Beam (Financial Software),16-Oct-2025,Merger/Acquisition,"""San Francisco, CA""",beam (financial software),,Wikidata,NONE,0,NO_MATCH,,,No Wikidata search results
BeammWave (STO: BEAMMW B),11-Mar-2022,IPO,"""Lund, Sweden""",beammwave,,Wikidata,ERROR,0,ERROR,,,HTTP 429 for https://www.wikidata.org/w/api.php?action=wbsearchentities&format=json&language=en&type=item&limit=5&search=BeammWave
Beanfields,11-Feb-2022,Merger/Acquisition,"""Los Angeles, CA""",beanfields,,Wikidata,ERROR,0,ERROR,,,HTTP 429 for https://www.wikidata.org/w/api.php?action=wbsearchentities&format=json&language=en&type=item&limit=5&search=Beanfields
Beanworks,01-Mar-2021,Merger/Acquisition,"""Vancouver, Canada""",beanworks,,Wikidata,ERROR,0,ERROR,,,HTTP 429 for https://www.wikidata.org/w/api.php?action=wbsearchentities&format=json&language=en&type=item&limit=5&search=Beanworks
Bear Flag Robotics,05-Aug-2021,Merger/Acquisition,"""Santa Clara, CA""",bear flag robotics,,Wikidata,NONE,0,NO_MATCH,,,No Wikidata search results
Beauty Labs,31-Aug-2021,Merger/Acquisition,"""Cambridge, United Kingdom""",beauty labs,,Wikidata,ERROR,0,ERROR,,,HTTP 429 for https://www.wikidata.org/w/api.php?action=wbsearchentities&format=json&language=en&type=item&limit=5&search=Beauty+Labs
Beckley Psytech,03-Jun-2025,Merger/Acquisition,"""Oxford, United Kingdom""",beckley psytech,,Wikidata,ERROR,0,ERROR,,,HTTP 429 for https://www.wikidata.org/w/api.php?action=wbsearchentities&format=json&language=en&type=item&limit=5&search=Beckley+Psytech
Becorp Rental Homes,17-Jan-2022,Merger/Acquisition,"""Barcelona, Spain""",becorp rental homes,,Wikidata,ERROR,0,ERROR,,,HTTP 429 for https://www.wikidata.org/w/api.php?action=wbsearchentities&format=json&language=en&type=item&limit=5&search=Becorp+Rental+Homes
Beeper (Social/Platform Software),01-Apr-2024,Merger/Acquisition,"""Palo Alto, CA""",beeper (social/platform software),,Wikidata,ERROR,0,ERROR,,,HTTP 429 for https://www.wikidata.org/w/api.php?action=wbsearchentities&format=json&language=en&type=item&limit=5&search=Beeper+%28Social%2FPlatform+Software%29
BehavioSec,23-Apr-2022,Merger/Acquisition,"""San Francisco, CA""",behaviosec,,Wikidata,ERROR,0,ERROR,,,HTTP 429 for https://www.wikidata.org/wiki/Special:EntityData/Q30295722.json
Belantis,03-Apr-2025,Merger/Acquisition,"""Leipzig, Germany""",belantis,,Wikidata,ERROR,0,ERROR,,,HTTP 429 for https://www.wikidata.org/w/api.php?action=wbsearchentities&format=json&language=en&type=item&limit=5&search=Belantis
Belite Bio (NAS: BLTE),29-Apr-2022,IPO,"""San Diego, CA""",belite bio,,Wikidata,ERROR,0,ERROR,,,HTTP 429 for https://www.wikidata.org/w/api.php?action=wbsearchentities&format=json&language=en&type=item&limit=5&search=Belite+Bio
Belive.ai,14-Apr-2023,Merger/Acquisition,"""Amiens, France""",beliveai,,Wikidata,NONE,0,NO_MATCH,,,No Wikidata search results
BellPal,08-Sep-2023,Merger/Acquisition,"""Stockholm, Sweden""",bellpal,,Wikidata,NONE,0,NO_MATCH,,,No Wikidata search results
Belluscura,28-May-2021,IPO,"""London, United Kingdom""",belluscura,,Wikidata,ERROR,0,ERROR,,,HTTP 429 for https://www.wikidata.org/w/api.php?action=wbsearchentities&format=json&language=en&type=item&limit=5&search=Belluscura
Benefitfocus,24-Jan-2023,Merger/Acquisition,"""Charleston, SC""",benefitfocus,,Wikidata,ERROR,0,ERROR,,,HTTP 429 for https://www.wikidata.org/w/api.php?action=wbsearchentities&format=json&language=en&type=item&limit=5&search=Benefitfocus
Benefits Science,08-May-2023,Merger/Acquisition,"""Boston, MA""",benefits science,,Wikidata,ERROR,0,ERROR,,,HTTP 429 for https://www.wikidata.org/w/api.php?action=wbsearchentities&format=json&language=en&type=item&limit=5&search=Benefits+Science
BentoBox,22-Nov-2021,Merger/Acquisition,"""New York, NY""",bentobox,,Wikidata,ERROR,0,ERROR,,,HTTP 429 for https://www.wikidata.org/w/api.php?action=wbsearchentities&format=json&language=en&type=item&limit=5&search=BentoBox
beqom,09-May-2022,Merger/Acquisition,"""Nyon, Switzerland""",beqom,,Wikidata,ERROR,0,ERROR,,,HTTP 429 for https://www.wikidata.org/w/api.php?action=wbsearchentities&format=json&language=en&type=item&limit=5&search=beqom
Berbix,24-Feb-2023,Merger/Acquisition,"""Sacramento, CA""",berbix,,Wikidata,NONE,0,NO_MATCH,,,No Wikidata search results
Bercman Technologies (TAL: BERCM),06-Jul-2021,IPO,"""Tartu, Estonia""",bercman technologies,,Wikidata,ERROR,0,ERROR,,,HTTP 429 for https://www.wikidata.org/w/api.php?action=wbsearchentities&format=json&language=en&type=item&limit=5&search=Bercman+Technologies
BeReal,11-Jun-2024,Merger/Acquisition,"""Paris, France""",bereal,,Wikidata,ERROR,0,ERROR,,,HTTP 429 for https://www.wikidata.org/w/api.php?action=wbsearchentities&format=json&language=en&type=item&limit=5&search=BeReal
Berkshire Grey,22-Jul-2021,Reverse Merger,"""Bedford, MA""",berkshire grey,,Wikidata,ERROR,0,ERROR,,,HTTP 429 for https://www.wikidata.org/w/api.php?action=wbsearchentities&format=json&language=en&type=item&limit=5&search=Berkshire+Grey
Bet.Works,28-May-2021,Merger/Acquisition,"""Las Vegas, NV""",betworks,,Wikidata,ERROR,0,ERROR,,,HTTP 429 for https://www.wikidata.org/w/api.php?action=wbsearchentities&format=json&language=en&type=item&limit=5&search=Bet.Works
Beta Bionics (NAS: BBNX),29-Jan-2025,IPO,"""Irvine, CA""",beta bionics,,Wikidata,ERROR,0,ERROR,,,HTTP 429 for https://www.wikidata.org/w/api.php?action=wbsearchentities&format=json&language=en&type=item&limit=5&search=Beta+Bionics
BETA Technologies (NYS: BETA),04-Nov-2025,IPO,"""South Burlington, VT""",beta technologies,,Wikidata,ERROR,0,ERROR,,,HTTP 429 for https://www.wikidata.org/w/api.php?action=wbsearchentities&format=json&language=en&type=item&limit=5&search=BETA+Technologies
Betolar (HEL: BETOLAR),09-Dec-2021,IPO,"""Kannonkoski, Finland""",betolar,,Wikidata,ERROR,0,ERROR,,,HTTP 429 for https://www.wikidata.org/wiki/Special:EntityData/Q126372956.json
Better Home & Finance Holding (NAS: BETR),22-Aug-2023,Reverse Merger,"""New York, NY""",better home and finance,,Wikidata,ERROR,0,ERROR,,,HTTP 429 for https://www.wikidata.org/w/api.php?action=wbsearchentities&format=json&language=en&type=item&limit=5&search=Better+Home+%26+Finance+Holding
Betting Hero,27-Jun-2024,Merger/Acquisition,"""Rockford, MI""",betting hero,,Wikidata,ERROR,0,ERROR,,,HTTP 429 for https://www.wikidata.org/w/api.php?action=wbsearchentities&format=json&language=en&type=item&limit=5&search=Betting+Hero
Betty Labs,30-Mar-2021,Merger/Acquisition,"""Los Angeles, CA""",betty labs,,Wikidata,ERROR,0,ERROR,,,HTTP 429 for https://www.wikidata.org/w/api.php?action=wbsearchentities&format=json&language=en&type=item&limit=5&search=Betty+Labs
BeyondPlay,31-May-2024,Merger/Acquisition,"""London, United Kingdom""",beyondplay,,Wikidata,ERROR,0,ERROR,,,HTTP 429 for https://www.wikidata.org/w/api.php?action=wbsearchentities&format=json&language=en&type=item&limit=5&search=BeyondPlay
BFLY Operations (NYS: BFLY),12-Feb-2021,Reverse Merger,"""Burlington, MA""",bfly operations,,Wikidata,NONE,0,NO_MATCH,,,No Wikidata search results
Bicara Therapeutics (NAS: BCAX),09-Jan-2021,Merger/Acquisition,"""Boston, MA""",bicara therapeutics,,Wikidata,ERROR,0,ERROR,,,HTTP 429 for https://www.wikidata.org/w/api.php?action=wbsearchentities&format=json&language=en&type=item&limit=5&search=Bicara+Therapeutics
Big Swig,30-Sep-2021,Merger/Acquisition,"""Cedar Park, TX""",big swig,,Wikidata,ERROR,0,ERROR,,,HTTP 429 for https://www.wikidata.org/w/api.php?action=wbsearchentities&format=json&language=en&type=item&limit=5&search=Big+Swig
Biim Ultrasound,08-Mar-2022,Merger/Acquisition,"""Narvik, Norway""",biim ultrasound,,Wikidata,ERROR,0,ERROR,,,HTTP 429 for https://www.wikidata.org/w/api.php?action=wbsearchentities&format=json&language=en&type=item&limit=5&search=Biim+Ultrasound
Billie (Personal Products),29-Nov-2021,Merger/Acquisition,"""New York, NY""",billie (personal products),,Wikidata,ERROR,0,ERROR,,,HTTP 429 for https://www.wikidata.org/w/api.php?action=wbsearchentities&format=json&language=en&type=item&limit=5&search=Billie+%28Personal+Products%29
BillionToOne (NAS: BLLN),06-Nov-2025,IPO,"""Menlo Park, CA""",billiontoone,,Wikidata,ERROR,0,ERROR,,,HTTP 429 for https://www.wikidata.org/w/api.php?action=wbsearchentities&format=json&language=en&type=item&limit=5&search=BillionToOne
bioAffinity Technologies (NAS: BIAF),01-Sep-2022,IPO,"""San Antonio, TX""",bioaffinity technologies,,Wikidata,NONE,0,NO_MATCH,,,No Wikidata search results
BioAge Labs (NAS: BIOA),26-Sep-2024,IPO,"""Richmond, CA""",bioage labs,,Wikidata,ERROR,0,ERROR,,,HTTP 429 for https://www.wikidata.org/w/api.php?action=wbsearchentities&format=json&language=en&type=item&limit=5&search=BioAge+Labs
Biodit (XBUL: BDT),21-Jan-2021,IPO,"""Sofia, Bulgaria""",biodit,,Wikidata,ERROR,0,ERROR,,,HTTP 429 for https://www.wikidata.org/w/api.php?action=wbsearchentities&format=json&language=en&type=item&limit=5&search=Biodit
Biognosys,03-Jan-2023,Merger/Acquisition,"""Zurich, Switzerland""",biognosys,,Wikidata,ERROR,0,ERROR,,,HTTP 429 for https://www.wikidata.org/w/api.php?action=wbsearchentities&format=json&language=en&type=item&limit=5&search=Biognosys
Biohaven (NYS: BHVN),03-Oct-2022,Merger/Acquisition,"""New Haven, CT""",biohaven,,Wikidata,ERROR,0,ERROR,,,HTTP 429 for https://www.wikidata.org/w/api.php?action=wbsearchentities&format=json&language=en&type=item&limit=5&search=Biohaven
BioLegend,17-Sep-2021,Merger/Acquisition,"""San Diego, CA""",biolegend,,Wikidata,ERROR,0,ERROR,,,HTTP 429 for https://www.wikidata.org/w/api.php?action=wbsearchentities&format=json&language=en&type=item&limit=5&search=BioLegend
BIOLIE,14-Feb-2025,Merger/Acquisition,"""Vandoeuvre-les-Nancy, France""",biolie,,Wikidata,ERROR,0,ERROR,,,HTTP 429 for https://www.wikidata.org/wiki/Special:EntityData/Q2904019|Q56459088.json
Biomea Fusion (NAS: BMEA),16-Apr-2021,IPO,"""Redwood City, CA""",biomea fusion,,Wikidata,ERROR,0,ERROR,,,HTTP 429 for https://www.wikidata.org/w/api.php?action=wbsearchentities&format=json&language=en&type=item&limit=5&search=Biomea+Fusion
Biomodex,11-Dec-2023,Merger/Acquisition,"""Paris, France""",biomodex,,Wikidata,ERROR,0,ERROR,,,HTTP 429 for https://www.wikidata.org/wiki/Special:EntityData/Q96815739.json
Bionic (Business/Productivity Software),28-Sep-2023,Merger/Acquisition,"""Palo Alto, CA""",bionic (business/productivity software),,Wikidata,ERROR,0,ERROR,,,HTTP 429 for https://www.wikidata.org/w/api.php?action=wbsearchentities&format=json&language=en&type=item&limit=5&search=Bionic+%28Business%2FProductivity+Software%29
Bioniz Therapeutics,14-Feb-2022,Merger/Acquisition,"""Irvine, CA""",bioniz therapeutics,,Wikidata,ERROR,0,ERROR,,,HTTP 429 for https://www.wikidata.org/w/api.php?action=wbsearchentities&format=json&language=en&type=item&limit=5&search=Bioniz+Therapeutics
Bionos Biotech,06-Oct-2023,Merger/Acquisition,"""Valencia, Spain""",bionos biotech,,Wikidata,ERROR,0,ERROR,,,HTTP 429 for https://www.wikidata.org/w/api.php?action=wbsearchentities&format=json&language=en&type=item&limit=5&search=Bionos+Biotech
BioPhero,19-Jul-2022,Merger/Acquisition,"""Copenhagen, Denmark""",biophero,,Wikidata,ERROR,0,ERROR,,,HTTP 429 for https://www.wikidata.org/w/api.php?action=wbsearchentities&format=json&language=en&type=item&limit=5&search=BioPhero
BioRez,09-Aug-2022,Merger/Acquisition,"""New Haven, CT""",biorez,,Wikidata,ERROR,0,ERROR,,,HTTP 429 for https://www.wikidata.org/wiki/Special:EntityData/Q179049|Q3457780|Q283925.json
BioSenic (BRU: BIOS),25-Oct-2022,Reverse Merger,"""Mont-Saint-Guibert, Belgium""",biosenic,,Wikidata,ERROR,0,ERROR,,,HTTP 429 for https://www.wikidata.org/w/api.php?action=wbsearchentities&format=json&language=en&type=item&limit=5&search=BioSenic
Biosergen (STO: BIOSGN),24-Jun-2021,IPO,"""Solna, Sweden""",biosergen,,Wikidata,ERROR,0,ERROR,,,HTTP 429 for https://www.wikidata.org/w/api.php?action=wbsearchentities&format=json&language=en&type=item&limit=5&search=Biosergen
BioStrand (Other Healthcare Technology Systems),14-Apr-2022,Merger/Acquisition,"""Diepenbeek, Belgium""",biostrand (other healthcare technology systems),,Wikidata,ERROR,0,ERROR,,,HTTP 429 for https://www.wikidata.org/w/api.php?action=wbsearchentities&format=json&language=en&type=item&limit=5&search=BioStrand+%28Other+Healthcare+Technology+Systems%29
BioSymetrics,08-Apr-2025,Merger/Acquisition,"""New York, NY""",biosymetrics,,Wikidata,NONE,0,NO_MATCH,,,No Wikidata search results
Biotalys (BRU: BTLS),02-Jul-2021,IPO,"""Ghent, Belgium""",biotalys,,Wikidata,ERROR,0,ERROR,,,HTTP 429 for https://www.wikidata.org/w/api.php?action=wbsearchentities&format=json&language=en&type=item&limit=5&search=Biotalys
BioTech Foods,09-May-2022,Merger/Acquisition,"""San Sebastian, Spain""",biotech foods,,Wikidata,ERROR,0,ERROR,,,HTTP 429 for https://www.wikidata.org/w/api.php?action=wbsearchentities&format=json&language=en&type=item&limit=5&search=BioTech+Foods
BioVersys (SWX: BIOV),07-Feb-2025,IPO,"""Basel, Switzerland""",bioversys,,Wikidata,ERROR,0,ERROR,,,HTTP 429 for https://www.wikidata.org/w/api.php?action=wbsearchentities&format=json&language=en&type=item&limit=5&search=BioVersys
Bipi,16-Jul-2021,Merger/Acquisition,"""Madrid, Spain""",bipi,,Wikidata,ERROR,0,ERROR,,,HTTP 429 for https://www.wikidata.org/w/api.php?action=wbsearchentities&format=json&language=en&type=item&limit=5&search=Bipi
Bird Canada,03-Jan-2023,Merger/Acquisition,"""Toronto, Canada""",bird canada,,Wikidata,ERROR,0,ERROR,,,HTTP 429 for https://www.wikidata.org/w/api.php?action=wbsearchentities&format=json&language=en&type=item&limit=5&search=Bird+Canada
Bird Global,05-Nov-2021,Reverse Merger,"""West Hollywood, CA""",bird global,,Wikidata,NONE,0,NO_MATCH,,,No Wikidata search results
Bird Office,30-May-2022,Merger/Acquisition,"""Paris, France""",bird office,,Wikidata,ERROR,0,ERROR,,,HTTP 429 for https://www.wikidata.org/w/api.php?action=wbsearchentities&format=json&language=en&type=item&limit=5&search=Bird+Office
Bird Rock Bio,18-Aug-2023,Merger/Acquisition,"""La Jolla, CA""",bird rock bio,,Wikidata,ERROR,0,ERROR,,,HTTP 429 for https://www.wikidata.org/w/api.php?action=wbsearchentities&format=json&language=en&type=item&limit=5&search=Bird+Rock+Bio
Bison Trails,18-Jan-2021,Merger/Acquisition,"""New York, NY""",bison trails,,Wikidata,ERROR,0,ERROR,,,HTTP 429 for https://www.wikidata.org/w/api.php?action=wbsearchentities&format=json&language=en&type=item&limit=5&search=Bison+Trails
Bit Discovery,01-Jun-2022,Merger/Acquisition,"""Santa Clara, CA""",bit discovery,,Wikidata,ERROR,0,ERROR,,,HTTP 429 for https://www.wikidata.org/w/api.php?action=wbsearchentities&format=json&language=en&type=item&limit=5&search=Bit+Discovery
BitGo (NYS: BTGO),22-Jan-2026,IPO,"""Palo Alto, CA""",bitgo,,Wikidata,ERROR,0,ERROR,,,HTTP 429 for https://www.wikidata.org/w/api.php?action=wbsearchentities&format=json&language=en&type=item&limit=5&search=BitGo
Bitstamp,02-Jun-2025,Merger/Acquisition,"""London, United Kingdom""",bitstamp,,Wikidata,ERROR,0,ERROR,,,HTTP 429 for https://www.wikidata.org/wiki/Special:EntityData/Q16971589|Q137779179|Q42073353.json
BiVictrix Therapeutics,11-Aug-2021,IPO,"""Alderley Edge, United Kingdom""",bivictrix therapeutics,,Wikidata,ERROR,0,ERROR,,,HTTP 429 for https://www.wikidata.org/w/api.php?action=wbsearchentities&format=json&language=en&type=item&limit=5&search=BiVictrix+Therapeutics
Bizdirect,01-Jun-2021,Merger/Acquisition,"""Lisbon, Portugal""",bizdirect,,Wikidata,ERROR,0,ERROR,,,HTTP 429 for https://www.wikidata.org/w/api.php?action=wbsearchentities&format=json&language=en&type=item&limit=5&search=Bizdirect
BizSecure,12-Feb-2022,Merger/Acquisition,"""San Diego, CA""",bizsecure,,Wikidata,ERROR,0,ERROR,,,HTTP 429 for https://www.wikidata.org/w/api.php?action=wbsearchentities&format=json&language=en&type=item&limit=5&search=BizSecure
Blackbird (Business/Productivity Software),08-Jun-2021,Merger/Acquisition,"""Oakland, CA""",blackbird (business/productivity software),,Wikidata,ERROR,0,ERROR,,,HTTP 429 for https://www.wikidata.org/w/api.php?action=wbsearchentities&format=json&language=en&type=item&limit=5&search=Blackbird+%28Business%2FProductivity+Software%29
BlackBox Biometrics,17-May-2021,Merger/Acquisition,"""Rochester, NY""",blackbox biometrics,,Wikidata,ERROR,0,ERROR,,,HTTP 429 for https://www.wikidata.org/wiki/Special:EntityData/Q61934653.json
BlackHorse Solutions,06-Jul-2021,Merger/Acquisition,"""Herndon, VA""",blackhorse solutions,,Wikidata,ERROR,0,ERROR,,,HTTP 429 for https://www.wikidata.org/w/api.php?action=wbsearchentities&format=json&language=en&type=item&limit=5&search=BlackHorse+Solutions
Blackrock Neurotech,29-Apr-2024,Buyout/LBO,"""Salt Lake City, UT""",blackrock neurotech,,Wikidata,ERROR,0,ERROR,,,HTTP 429 for https://www.wikidata.org/w/api.php?action=wbsearchentities&format=json&language=en&type=item&limit=5&search=Blackrock+Neurotech
BlackSignal,16-Aug-2024,Merger/Acquisition,"""Chantilly, VA""",blacksignal,,Wikidata,ERROR,0,ERROR,,,HTTP 429 for https://www.wikidata.org/w/api.php?action=wbsearchentities&format=json&language=en&type=item&limit=5&search=BlackSignal
BlackSky Technology (NYS: BKSY),08-Sep-2021,Reverse Merger,"""Herndon, VA""",blacksky technology,,Wikidata,ERROR,0,ERROR,,,HTTP 429 for https://www.wikidata.org/w/api.php?action=wbsearchentities&format=json&language=en&type=item&limit=5&search=BlackSky+Technology
BlackSwan Vascular,24-Apr-2023,Merger/Acquisition,"""Hayward, CA""",blackswan vascular,,Wikidata,NONE,0,NO_MATCH,,,No Wikidata search results
Blaize (NAS: BZAI),13-Jan-2025,Reverse Merger,"""El Dorado Hills, CA""",blaize,,Wikidata,ERROR,0,ERROR,,,HTTP 429 for https://www.wikidata.org/w/api.php?action=wbsearchentities&format=json&language=en&type=item&limit=5&search=Blaize
Blend Labs (NYS: BLND),16-Jul-2021,IPO,"""San Francisco, CA""",blend labs,,Wikidata,ERROR,0,ERROR,,,HTTP 429 for https://www.wikidata.org/w/api.php?action=wbsearchentities&format=json&language=en&type=item&limit=5&search=Blend+Labs
BlinkLab (ASX: BB1),02-Apr-2024,IPO,"""Princeton, NJ""",blinklab,,Wikidata,ERROR,0,ERROR,,,HTTP 429 for https://www.wikidata.org/w/api.php?action=wbsearchentities&format=json&language=en&type=item&limit=5&search=BlinkLab
Block Mining,23-Jul-2024,Merger/Acquisition,"""Chicago, IL""",block mining,,Wikidata,NONE,0,NO_MATCH,,,No Wikidata search results
Blockchain Moon Acquisition,19-Oct-2021,IPO,"""Jacksonville, FL""",blockchain moon acquisition,,Wikidata,ERROR,0,ERROR,,,HTTP 429 for https://www.wikidata.org/w/api.php?action=wbsearchentities&format=json&language=en&type=item&limit=5&search=Blockchain+Moon+Acquisition
BlockX Capital,25-Sep-2024,Merger/Acquisition,"""Vancouver, Canada""",blockx capital,,Wikidata,ERROR,0,ERROR,,,HTTP 429 for https://www.wikidata.org/w/api.php?action=wbsearchentities&format=json&language=en&type=item&limit=5&search=BlockX+Capital
Bloom Farms,19-Aug-2022,Merger/Acquisition,"""Alameda, CA""",bloom farms,,Wikidata,NONE,0,NO_MATCH,,,No Wikidata search results
Bloomia,22-Feb-2024,Merger/Acquisition,"""King George, VA""",bloomia,,Wikidata,ERROR,0,ERROR,,,HTTP 429 for https://www.wikidata.org/w/api.php?action=wbsearchentities&format=json&language=en&type=item&limit=5&search=Bloomia
BluBracket,02-Jun-2023,Merger/Acquisition,"""Palo Alto, CA""",blubracket,,Wikidata,ERROR,0,ERROR,,,HTTP 429 for https://www.wikidata.org/w/api.php?action=wbsearchentities&format=json&language=en&type=item&limit=5&search=BluBracket
Blue Apron,13-Nov-2023,Merger/Acquisition,"""New York, NY""",blue apron,,Wikidata,ERROR,0,ERROR,,,HTTP 429 for https://www.wikidata.org/w/api.php?action=wbsearchentities&format=json&language=en&type=item&limit=5&search=Blue+Apron
Blue Hexagon,04-Oct-2022,Merger/Acquisition,"""Sunnyvale, CA""",blue hexagon,,Wikidata,ERROR,0,ERROR,,,HTTP 429 for https://www.wikidata.org/w/api.php?action=wbsearchentities&format=json&language=en&type=item&limit=5&search=Blue+Hexagon
Blue Ocean Robotics,11-Feb-2025,Merger/Acquisition,"""Odense, Denmark""",blue ocean robotics,,Wikidata,ERROR,0,ERROR,,,HTTP 429 for https://www.wikidata.org/wiki/Special:EntityData/Q134635079.json
Blue Pillar,03-Oct-2022,Merger/Acquisition,"""Indianapolis, IN""",blue pillar,,Wikidata,ERROR,0,ERROR,,,HTTP 429 for https://www.wikidata.org/w/api.php?action=wbsearchentities&format=json&language=en&type=item&limit=5&search=Blue+Pillar
Blue Run Spirits,07-Aug-2023,Merger/Acquisition,"""Georgetown, KY""",blue run spirits,,Wikidata,ERROR,0,ERROR,,,HTTP 429 for https://www.wikidata.org/w/api.php?action=wbsearchentities&format=json&language=en&type=item&limit=5&search=Blue+Run+Spirits
Blue Water Financial Technologies,22-Sep-2022,Merger/Acquisition,"""Deephaven, MN""",blue water financial technologies,,Wikidata,ERROR,0,ERROR,,,HTTP 429 for https://www.wikidata.org/w/api.php?action=wbsearchentities&format=json&language=en&type=item&limit=5&search=Blue+Water+Financial+Technologies
Bluedot (Business/Productivity Software),09-Jan-2024,Merger/Acquisition,"""San Francisco, CA""",bluedot (business/productivity software),,Wikidata,ERROR,0,ERROR,,,HTTP 429 for https://www.wikidata.org/w/api.php?action=wbsearchentities&format=json&language=en&type=item&limit=5&search=Bluedot+%28Business%2FProductivity+Software%29
Bluegrass Vascular Technologies,02-May-2023,Merger/Acquisition,"""San Antonio, TX""",bluegrass vascular technologies,,Wikidata,ERROR,0,ERROR,,,HTTP 429 for https://www.wikidata.org/w/api.php?action=wbsearchentities&format=json&language=en&type=item&limit=5&search=Bluegrass+Vascular+Technologies
Bluejay Diagnostics (NAS: BJDX),10-Nov-2021,IPO,"""Acton, MA""",bluejay diagnostics,,Wikidata,NONE,0,NO_MATCH,,,No Wikidata search results
Bluejay Therapeutics,26-Jan-2026,Merger/Acquisition,"""Redwood City, CA""",bluejay therapeutics,,Wikidata,ERROR,0,ERROR,,,HTTP 429 for https://www.wikidata.org/w/api.php?action=wbsearchentities&format=json&language=en&type=item&limit=5&search=Bluejay+Therapeutics
Blueprint Medicines,18-Jul-2025,Merger/Acquisition,"""Cambridge, MA""",blueprint medicines,,Wikidata,ERROR,0,ERROR,,,HTTP 429 for https://www.wikidata.org/w/api.php?action=wbsearchentities&format=json&language=en&type=item&limit=5&search=Blueprint+Medicines
BlueRibbon,01-Apr-2021,Merger/Acquisition,"""Ta'Xbiex, Malta""",blueribbon,,Wikidata,ERROR,0,ERROR,,,HTTP 429 for https://www.wikidata.org/w/api.php?action=wbsearchentities&format=json&language=en&type=item&limit=5&search=BlueRibbon
Boa Concept (PAR: ALBOA),29-Jun-2021,IPO,"""Saint-�tienne, France""",boa concept,,Wikidata,ERROR,0,ERROR,,,HTTP 429 for https://www.wikidata.org/w/api.php?action=wbsearchentities&format=json&language=en&type=item&limit=5&search=Boa+Concept
BodySano,29-Dec-2022,Merger/Acquisition,"""Antibes, France""",bodysano,,Wikidata,ERROR,0,ERROR,,,HTTP 429 for https://www.wikidata.org/w/api.php?action=wbsearchentities&format=json&language=en&type=item&limit=5&search=BodySano
Boku Identity,01-Feb-2022,Merger/Acquisition,"""San Jose, CA""",boku identity,,Wikidata,ERROR,0,ERROR,,,HTTP 429 for https://www.wikidata.org/w/api.php?action=wbsearchentities&format=json&language=en&type=item&limit=5&search=Boku+Identity
Bolder Surgical,29-Nov-2021,Merger/Acquisition,"""Louisville, CO""",bolder surgical,,Wikidata,ERROR,0,ERROR,,,HTTP 429 for https://www.wikidata.org/w/api.php?action=wbsearchentities&format=json&language=en&type=item&limit=5&search=Bolder+Surgical
Boleron (XBUL: BLRN),15-Feb-2024,IPO,"""Sofia, Bulgaria""",boleron,,Wikidata,ERROR,0,ERROR,,,HTTP 429 for https://www.wikidata.org/wiki/Special:EntityData/Q2909541|Q34396253.json
Bollinger Motors,07-Sep-2022,Merger/Acquisition,"""Oak Park, MI""",bollinger motors,,Wikidata,ERROR,0,ERROR,,,HTTP 429 for https://www.wikidata.org/w/api.php?action=wbsearchentities&format=json&language=en&type=item&limit=5&search=Bollinger+Motors
Bolt Biotherapeutics (NAS: BOLT),05-Feb-2021,IPO,"""Redwood City, CA""",bolt biotherapeutics,,Wikidata,ERROR,0,ERROR,,,HTTP 429 for https://www.wikidata.org/w/api.php?action=wbsearchentities&format=json&language=en&type=item&limit=5&search=Bolt+Biotherapeutics
Bolt Medical,01-Apr-2025,Merger/Acquisition,"""Carlsbad, CA""",bolt medical,,Wikidata,ERROR,0,ERROR,,,HTTP 429 for https://www.wikidata.org/w/api.php?action=wbsearchentities&format=json&language=en&type=item&limit=5&search=Bolt+Medical
Bonzun (STO: PADEL),13-Oct-2021,Reverse Merger,"""Stockholm, Sweden""",bonzun,,Wikidata,ERROR,0,ERROR,,,HTTP 429 for https://www.wikidata.org/w/api.php?action=wbsearchentities&format=json&language=en&type=item&limit=5&search=Bonzun
Boomf,14-Jan-2022,Merger/Acquisition,"""London, United Kingdom""",boomf,,Wikidata,ERROR,0,ERROR,,,HTTP 429 for https://www.wikidata.org/wiki/Special:EntityData/Q20876035|Q83342555|Q109078092|Q87009973|Q133041269.json
Boost Mobile,02-Dec-2024,Merger/Acquisition,"""Irvine, CA""",boost mobile,,Wikidata,ERROR,0,ERROR,,,HTTP 429 for https://www.wikidata.org/w/api.php?action=wbsearchentities&format=json&language=en&type=item&limit=5&search=Boost+Mobile
Borqs Technologies,08-Apr-2025,Merger/Acquisition,"""Santa Clara, CA""",borqs technologies,,Wikidata,ERROR,0,ERROR,,,HTTP 429 for https://www.wikidata.org/w/api.php?action=wbsearchentities&format=json&language=en&type=item&limit=5&search=Borqs+Technologies
Bossa Studios,26-Aug-2022,Merger/Acquisition,"""London, United Kingdom""",bossa studios,,Wikidata,ERROR,0,ERROR,,,HTTP 429 for https://www.wikidata.org/wiki/Special:EntityData/Q4947547.json
Bouncer(Financial Software),14-May-2021,Merger/Acquisition,"""Oakland, CA""",bouncer(financial software),,Wikidata,ERROR,0,ERROR,,,HTTP 429 for https://www.wikidata.org/w/api.php?action=wbsearchentities&format=json&language=en&type=item&limit=5&search=Bouncer%28Financial+Software%29
Boundless Bio (NAS: BOLD),28-Mar-2024,IPO,"""San Diego, CA""",boundless bio,,Wikidata,ERROR,0,ERROR,,,HTTP 429 for https://www.wikidata.org/w/api.php?action=wbsearchentities&format=json&language=en&type=item&limit=5&search=Boundless+Bio
Boxed,09-Dec-2021,Reverse Merger,"""New York, NY""",boxed,,Wikidata,ERROR,0,ERROR,,,HTTP 429 for https://www.wikidata.org/w/api.php?action=wbsearchentities&format=json&language=en&type=item&limit=5&search=Boxed
BPC Instruments (SAT: BPCINS),16-Dec-2021,IPO,"""Lund, Sweden""",bpc instruments,,Wikidata,NONE,0,NO_MATCH,,,No Wikidata search results
BQ,28-Dec-2021,Merger/Acquisition,"""Madrid, Spain""",bq,,Wikidata,ERROR,0,ERROR,,,HTTP 429 for https://www.wikidata.org/w/api.php?action=wbsearchentities&format=json&language=en&type=item&limit=5&search=BQ
BR-DGE,22-Dec-2023,Merger/Acquisition,"""Edinburgh, United Kingdom""",br-dge,,Wikidata,ERROR,0,ERROR,,,HTTP 429 for https://www.wikidata.org/w/api.php?action=wbsearchentities&format=json&language=en&type=item&limit=5&search=BR-DGE
Brag House (NAS: TBH),06-Mar-2025,IPO,"""New York, NY""",brag house,,Wikidata,ERROR,0,ERROR,,,HTTP 429 for https://www.wikidata.org/w/api.php?action=wbsearchentities&format=json&language=en&type=item&limit=5&search=Brag+House
Brain+ (CSE: BRAINP),07-Oct-2021,IPO,"""Copenhagen, Denmark""",brain+,,Wikidata,ERROR,0,ERROR,,,HTTP 429 for https://www.wikidata.org/w/api.php?action=wbsearchentities&format=json&language=en&type=item&limit=5&search=Brain%2B
Brain4Net,27-Oct-2021,Merger/Acquisition,"""Moscow, Russia""",brain4net,,Wikidata,ERROR,0,ERROR,,,HTTP 429 for https://www.wikidata.org/w/api.php?action=wbsearchentities&format=json&language=en&type=item&limit=5&search=Brain4Net
BrainFx,08-Jun-2021,Merger/Acquisition,"""Pickering, Canada""",brainfx,,Wikidata,ERROR,0,ERROR,,,HTTP 429 for https://www.wikidata.org/w/api.php?action=wbsearchentities&format=json&language=en&type=item&limit=5&search=BrainFx
Brainhint,21-Mar-2022,Merger/Acquisition,"""Chorz�w, Poland""",brainhint,,Wikidata,NONE,0,NO_MATCH,,,No Wikidata search results
BrainScan (WAR: BSN),15-May-2024,IPO,"""Gdansk, Poland""",brainscan,,Wikidata,ERROR,0,ERROR,,,HTTP 429 for https://www.wikidata.org/w/api.php?action=wbsearchentities&format=json&language=en&type=item&limit=5&search=BrainScan
BranchOut Food (NAS: BOF),16-Jun-2023,IPO,"""Bend, OR""",branchout food,,Wikidata,ERROR,0,ERROR,,,HTTP 429 for https://www.wikidata.org/w/api.php?action=wbsearchentities&format=json&language=en&type=item&limit=5&search=BranchOut+Food
Brand Legends,01-May-2022,Merger/Acquisition,"""Sliema, Malta""",brand legends,,Wikidata,ERROR,0,ERROR,,,HTTP 429 for https://www.wikidata.org/w/api.php?action=wbsearchentities&format=json&language=en&type=item&limit=5&search=Brand+Legends
Brand New Day Bank,01-Apr-2021,Merger/Acquisition,"""Amsterdam, Netherlands""",brand new day bank,,Wikidata,ERROR,0,ERROR,,,HTTP 429 for https://www.wikidata.org/w/api.php?action=wbsearchentities&format=json&language=en&type=item&limit=5&search=Brand+New+Day+Bank
Brand24,29-Apr-2024,Merger/Acquisition,"""Daytona Beach, FL""",brand24,,Wikidata,ERROR,0,ERROR,,,HTTP 429 for https://www.wikidata.org/w/api.php?action=wbsearchentities&format=json&language=en&type=item&limit=5&search=Brand24
Brax,31-Aug-2021,Merger/Acquisition,"""San Diego, CA""",brax,,Wikidata,ERROR,0,ERROR,,,HTTP 429 for https://www.wikidata.org/w/api.php?action=wbsearchentities&format=json&language=en&type=item&limit=5&search=Brax
Braze (NAS: BRZE),17-Nov-2021,IPO,"""New York, NY""",braze,,Wikidata,ERROR,0,ERROR,,,HTTP 429 for https://www.wikidata.org/wiki/Special:EntityData/Q16777|Q16263|Q126009798|Q903023|Q20829114.json
BRD,25-Nov-2021,Merger/Acquisition,"""Zurich, Switzerland""",brd,,Wikidata,ERROR,0,ERROR,,,HTTP 429 for https://www.wikidata.org/w/api.php?action=wbsearchentities&format=json&language=en&type=item&limit=5&search=BRD
Breaking Free Group,24-Jan-2022,Merger/Acquisition,"""Birmingham, United Kingdom""",breaking free,,Wikidata,ERROR,0,ERROR,,,HTTP 429 for https://www.wikidata.org/w/api.php?action=wbsearchentities&format=json&language=en&type=item&limit=5&search=Breaking+Free+Group
Breakroom,23-Jul-2024,Merger/Acquisition,"""London, United Kingdom""",breakroom,,Wikidata,ERROR,0,ERROR,,,HTTP 429 for https://www.wikidata.org/w/api.php?action=wbsearchentities&format=json&language=en&type=item&limit=5&search=Breakroom
Breather Products,27-May-2021,Merger/Acquisition,"""Montreal, Canada""",breather products,,Wikidata,ERROR,0,ERROR,,,HTTP 429 for https://www.wikidata.org/w/api.php?action=wbsearchentities&format=json&language=en&type=item&limit=5&search=Breather+Products
Bricata,24-Nov-2021,Merger/Acquisition,"""Waterloo, Canada""",bricata,,Wikidata,ERROR,0,ERROR,,,HTTP 429 for https://www.wikidata.org/wiki/Special:EntityData/Q20942230.json
Bricknode,09-Nov-2021,IPO,"""Skovde, Sweden""",bricknode,,Wikidata,ERROR,0,ERROR,,,HTTP 429 for https://www.wikidata.org/w/api.php?action=wbsearchentities&format=json&language=en&type=item&limit=5&search=Bricknode
BRICKS NEWCO,02-Jun-2023,Merger/Acquisition,"""Solihull, United Kingdom""",bricks newco,,Wikidata,ERROR,0,ERROR,,,HTTP 429 for https://www.wikidata.org/w/api.php?action=wbsearchentities&format=json&language=en&type=item&limit=5&search=BRICKS+NEWCO
Bridg,05-May-2021,Merger/Acquisition,"""Los Angeles, CA""",bridg,,Wikidata,ERROR,0,ERROR,,,HTTP 429 for https://www.wikidata.org/w/api.php?action=wbsearchentities&format=json&language=en&type=item&limit=5&search=Bridg
Bridge (San Antonio),04-Feb-2025,Merger/Acquisition,"""San Antonio, TX""",bridge (san antonio),,Wikidata,ERROR,0,ERROR,,,HTTP 429 for https://www.wikidata.org/w/api.php?action=wbsearchentities&format=json&language=en&type=item&limit=5&search=Bridge+%28San+Antonio%29
Bridgecrew,02-Mar-2021,Merger/Acquisition,"""San Francisco, CA""",bridgecrew,,Wikidata,NONE,0,NO_MATCH,,,No Wikidata search results
BridgeHaul Logistics Solutions,01-Dec-2021,Merger/Acquisition,"""Atlanta, GA""",bridgehaul logistics solutions,,Wikidata,ERROR,0,ERROR,,,HTTP 429 for https://www.wikidata.org/w/api.php?action=wbsearchentities&format=json&language=en&type=item&limit=5&search=BridgeHaul+Logistics+Solutions
BrightBid,03-Jul-2023,Merger/Acquisition,"""Stockholm, Sweden""",brightbid,,Wikidata,ERROR,0,ERROR,,,HTTP 429 for https://www.wikidata.org/w/api.php?action=wbsearchentities&format=json&language=en&type=item&limit=5&search=BrightBid
Brightflag,29-May-2025,Merger/Acquisition,"""New York, NY""",brightflag,,Wikidata,ERROR,0,ERROR,,,HTTP 429 for https://www.wikidata.org/w/api.php?action=wbsearchentities&format=json&language=en&type=item&limit=5&search=Brightflag
Brightpearl,17-Jan-2022,Merger/Acquisition,"""Newcastle Upon Tyne, United Kingdom""",brightpearl,,Wikidata,ERROR,0,ERROR,,,HTTP 429 for https://www.wikidata.org/w/api.php?action=wbsearchentities&format=json&language=en&type=item&limit=5&search=Brightpearl
Brigit,31-Jan-2025,Merger/Acquisition,"""New York, NY""",brigit,,Wikidata,ERROR,0,ERROR,,,HTTP 429 for https://www.wikidata.org/w/api.php?action=wbsearchentities&format=json&language=en&type=item&limit=5&search=Brigit
Broadpeak (PAR: ALBPK),13-Jun-2022,IPO,"""Cesson Sevigne, France""",broadpeak,,Wikidata,ERROR,0,ERROR,,,HTTP 429 for https://www.wikidata.org/w/api.php?action=wbsearchentities&format=json&language=en&type=item&limit=5&search=Broadpeak
Brumbrum,31-Jan-2022,Merger/Acquisition,"""Milan, Italy""",brumbrum,,Wikidata,ERROR,0,ERROR,,,HTTP 429 for https://www.wikidata.org/w/api.php?action=wbsearchentities&format=json&language=en&type=item&limit=5&search=Brumbrum
Br�ush (PINX: BRSHF),04-Aug-2022,IPO,"""Vancouver, Canada""",br�ush,,Wikidata,NONE,0,NO_MATCH,,,No Wikidata search results
BTQ Technologies (NEOE: BTQ),17-Feb-2023,Reverse Merger,"""Vancouver, Canada""",btq technologies,,Wikidata,ERROR,0,ERROR,,,HTTP 429 for https://www.wikidata.org/w/api.php?action=wbsearchentities&format=json&language=en&type=item&limit=5&search=BTQ+Technologies
BUA FIT,10-Sep-2022,Merger/Acquisition,"""London, United Kingdom""",bua fit,,Wikidata,ERROR,0,ERROR,,,HTTP 429 for https://www.wikidata.org/w/api.php?action=wbsearchentities&format=json&language=en&type=item&limit=5&search=BUA+FIT
Bubty,27-Jun-2025,Merger/Acquisition,"""The Hague, Netherlands""",bubty,,Wikidata,NONE,0,NO_MATCH,,,No Wikidata search results
Buda Juice (ASE: BUDA),08-Jan-2026,IPO,"""Dallas, TX""",buda juice,,Wikidata,ERROR,0,ERROR,,,HTTP 429 for https://www.wikidata.org/w/api.php?action=wbsearchentities&format=json&language=en&type=item&limit=5&search=Buda+Juice
Bug Capture,11-Jun-2024,Merger/Acquisition,"""Berlin, Germany""",bug capture,,Wikidata,ERROR,0,ERROR,,,HTTP 429 for https://www.wikidata.org/w/api.php?action=wbsearchentities&format=json&language=en&type=item&limit=5&search=Bug+Capture
Build.Security,02-Sep-2021,Merger/Acquisition,"""Sunnyvale, CA""",buildsecurity,,Wikidata,ERROR,0,ERROR,,,HTTP 429 for https://www.wikidata.org/w/api.php?action=wbsearchentities&format=json&language=en&type=item&limit=5&search=Build.Security
Bulb Technologies,09-Feb-2021,Merger/Acquisition,"""Zagreb, Croatia""",bulb technologies,,Wikidata,NONE,0,NO_MATCH,,,No Wikidata search results
Bullet Solutions,01-Jul-2024,Merger/Acquisition,"""Porto, Portugal""",bullet solutions,,Wikidata,ERROR,0,ERROR,,,HTTP 429 for https://www.wikidata.org/w/api.php?action=wbsearchentities&format=json&language=en&type=item&limit=5&search=Bullet+Solutions
Bulletin,11-Jul-2022,Merger/Acquisition,"""Oyster Bay, NY""",bulletin,,Wikidata,ERROR,0,ERROR,,,HTTP 429 for https://www.wikidata.org/w/api.php?action=wbsearchentities&format=json&language=en&type=item&limit=5&search=Bulletin
BullFrog AI (NAS: BFRG),14-Feb-2023,IPO,"""Gaithersburg, MD""",bullfrog ai,,Wikidata,ERROR,0,ERROR,,,HTTP 429 for https://www.wikidata.org/w/api.php?action=wbsearchentities&format=json&language=en&type=item&limit=5&search=BullFrog+AI
Bullfrog Power,30-Nov-2022,Merger/Acquisition,"""Calgary, Canada""",bullfrog power,,Wikidata,ERROR,0,ERROR,,,HTTP 429 for https://www.wikidata.org/w/api.php?action=wbsearchentities&format=json&language=en&type=item&limit=5&search=Bullfrog+Power
Bumble (NAS: BMBL),11-Feb-2021,IPO,"""Austin, TX""",bumble,,Wikidata,ERROR,0,ERROR,,,HTTP 429 for https://www.wikidata.org/w/api.php?action=wbsearchentities&format=json&language=en&type=item&limit=5&search=Bumble
Bumblebee (Energy Infrastructure),03-May-2023,Merger/Acquisition,"""Glasgow, United Kingdom""",bumblebee (energy infrastructure),,Wikidata,ERROR,0,ERROR,,,HTTP 429 for https://www.wikidata.org/w/api.php?action=wbsearchentities&format=json&language=en&type=item&limit=5&search=Bumblebee+%28Energy+Infrastructure%29
Bumped,08-Feb-2023,Merger/Acquisition,"""Portland, OR""",bumped,,Wikidata,ERROR,0,ERROR,,,HTTP 429 for https://www.wikidata.org/wiki/Special:EntityData/Q4997319|Q134560315|Q2205365|Q33797884|Q38886453.json
Business Talent Group,01-Apr-2021,Merger/Acquisition,"""Chicago, IL""",business talent,,Wikidata,ERROR,0,ERROR,,,HTTP 429 for https://www.wikidata.org/w/api.php?action=wbsearchentities&format=json&language=en&type=item&limit=5&search=Business+Talent+Group
Busuu,29-Nov-2021,Merger/Acquisition,"""London, United Kingdom""",busuu,,Wikidata,ERROR,0,ERROR,,,HTTP 429 for https://www.wikidata.org/w/api.php?action=wbsearchentities&format=json&language=en&type=item&limit=5&search=Busuu
Butter (Consumer Finance),01-Feb-2023,Merger/Acquisition,"""London, United Kingdom""",butter (consumer finance),,Wikidata,ERROR,0,ERROR,,,HTTP 429 for https://www.wikidata.org/w/api.php?action=wbsearchentities&format=json&language=en&type=item&limit=5&search=Butter+%28Consumer+Finance%29
BUX,01-Jul-2024,Merger/Acquisition,"""Amsterdam, Netherlands""",bux,,Wikidata,ERROR,0,ERROR,,,HTTP 429 for https://www.wikidata.org/w/api.php?action=wbsearchentities&format=json&language=en&type=item&limit=5&search=BUX
BuyerQuest,28-Jan-2021,Merger/Acquisition,"""Cleveland, OH""",buyerquest,,Wikidata,ERROR,0,ERROR,,,HTTP 429 for https://www.wikidata.org/w/api.php?action=wbsearchentities&format=json&language=en&type=item&limit=5&search=BuyerQuest
BuzzFeed (NAS: BZFD),03-Dec-2021,Reverse Merger,"""New York, NY""",buzzfeed,,Wikidata,ERROR,0,ERROR,,,HTTP 429 for https://www.wikidata.org/wiki/Special:EntityData/Q5003490|Q55715275|Q48966251|Q62515707|Q67139195.json
BuzzGames,28-Jan-2022,Merger/Acquisition,"""Miami, FL""",buzzgames,,Wikidata,ERROR,0,ERROR,,,HTTP 429 for https://www.wikidata.org/w/api.php?action=wbsearchentities&format=json&language=en&type=item&limit=5&search=BuzzGames
C2i Genomics,05-Feb-2024,Merger/Acquisition,"""New York, NY""",c2i genomics,,Wikidata,ERROR,0,ERROR,,,HTTP 429 for https://www.wikidata.org/w/api.php?action=wbsearchentities&format=json&language=en&type=item&limit=5&search=C2i+Genomics
Cacheflow,30-Oct-2024,Merger/Acquisition,"""Los Altos, CA""",cacheflow,,Wikidata,ERROR,0,ERROR,,,HTTP 429 for https://www.wikidata.org/w/api.php?action=wbsearchentities&format=json&language=en&type=item&limit=5&search=Cacheflow
Cadent Therapeutics,31-Mar-2021,Merger/Acquisition,"""Cambridge, MA""",cadent therapeutics,,Wikidata,ERROR,0,ERROR,,,HTTP 429 for https://www.wikidata.org/w/api.php?action=wbsearchentities&format=json&language=en&type=item&limit=5&search=Cadent+Therapeutics
Cadre (United States),22-Jan-2024,Merger/Acquisition,"""New York, NY""",cadre (united states),,Wikidata,NONE,0,NO_MATCH,,,No Wikidata search results
Cadrenal Therapeutics (NAS: CVKD),20-Jan-2023,IPO,"""Ponte Vedra Beach, FL""",cadrenal therapeutics,,Wikidata,ERROR,0,ERROR,,,HTTP 429 for https://www.wikidata.org/w/api.php?action=wbsearchentities&format=json&language=en&type=item&limit=5&search=Cadrenal+Therapeutics
Caelum Biosciences,06-Oct-2021,Merger/Acquisition,"""Bordentown, NJ""",caelum biosciences,,Wikidata,ERROR,0,ERROR,,,HTTP 429 for https://www.wikidata.org/w/api.php?action=wbsearchentities&format=json&language=en&type=item&limit=5&search=Caelum+Biosciences
Cajoo,16-May-2022,Merger/Acquisition,"""Paris, France""",cajoo,,Wikidata,ERROR,0,ERROR,,,HTTP 429 for https://www.wikidata.org/w/api.php?action=wbsearchentities&format=json&language=en&type=item&limit=5&search=Cajoo
Caliber (Arizona) (NAS: CWD),17-May-2023,IPO,"""Scottsdale, AZ""",caliber (arizona),,Wikidata,ERROR,0,ERROR,,,HTTP 429 for https://www.wikidata.org/w/api.php?action=wbsearchentities&format=json&language=en&type=item&limit=5&search=Caliber+%28Arizona%29
Calidi Biotherapeutics (ASE: CLDI),12-Sep-2023,Reverse Merger,"""San Diego, CA""",calidi biotherapeutics,,Wikidata,NONE,0,NO_MATCH,,,No Wikidata search results
California Bank of Commerce (Acquired),31-Jul-2024,Merger/Acquisition,"""San Diego, CA""",california bank of commerce (acquired),,Wikidata,ERROR,0,ERROR,,,HTTP 429 for https://www.wikidata.org/w/api.php?action=wbsearchentities&format=json&language=en&type=item&limit=5&search=California+Bank+of+Commerce+%28Acquired%29
Calipsa,19-Apr-2022,Merger/Acquisition,"""London, United Kingdom""",calipsa,,Wikidata,ERROR,0,ERROR,,,HTTP 429 for https://www.wikidata.org/w/api.php?action=wbsearchentities&format=json&language=en&type=item&limit=5&search=Calipsa
Callahan Financial Planning,31-Mar-2021,Merger/Acquisition,"""Omaha, NE""",callahan financial planning,,Wikidata,ERROR,0,ERROR,,,HTTP 429 for https://www.wikidata.org/w/api.php?action=wbsearchentities&format=json&language=en&type=item&limit=5&search=Callahan+Financial+Planning
CallDesk,29-Dec-2022,Merger/Acquisition,"""Paris, France""",calldesk,,Wikidata,ERROR,0,ERROR,,,HTTP 429 for https://www.wikidata.org/w/api.php?action=wbsearchentities&format=json&language=en&type=item&limit=5&search=CallDesk
Calliditas Therapeutics,30-Jul-2024,Merger/Acquisition,"""Stockholm, Sweden""",calliditas therapeutics,,Wikidata,ERROR,0,ERROR,,,HTTP 429 for https://www.wikidata.org/w/api.php?action=wbsearchentities&format=json&language=en&type=item&limit=5&search=Calliditas+Therapeutics
Callin,15-May-2023,Merger/Acquisition,"""San Francisco, CA""",callin,,Wikidata,ERROR,0,ERROR,,,HTTP 429 for https://www.wikidata.org/wiki/Special:EntityData/Q15948202|Q844839|Q2698166|Q3791245|Q5021687.json
Calypso Biotech,07-Jan-2024,Merger/Acquisition,"""Geneva, Switzerland""",calypso biotech,,Wikidata,ERROR,0,ERROR,,,HTTP 429 for https://www.wikidata.org/w/api.php?action=wbsearchentities&format=json&language=en&type=item&limit=5&search=Calypso+Biotech
CalypsoAI,26-Sep-2025,Merger/Acquisition,"""New York, NY""",calypsoai,,Wikidata,ERROR,0,ERROR,,,HTTP 429 for https://www.wikidata.org/w/api.php?action=wbsearchentities&format=json&language=en&type=item&limit=5&search=CalypsoAI
Cambridge Satchel,06-Aug-2022,Merger/Acquisition,"""Cambridge, United Kingdom""",cambridge satchel,,Wikidata,ERROR,0,ERROR,,,HTTP 429 for https://www.wikidata.org/w/api.php?action=wbsearchentities&format=json&language=en&type=item&limit=5&search=Cambridge+Satchel
Camelina Company,29-Dec-2021,Merger/Acquisition,"""Madrid, Spain""",camelina,,Wikidata,ERROR,0,ERROR,,,HTTP 429 for https://www.wikidata.org/w/api.php?action=wbsearchentities&format=json&language=en&type=item&limit=5&search=Camelina+Company
CAMP4 (NAS: CAMP),11-Oct-2024,IPO,"""Cambridge, MA""",camp4,,Wikidata,ERROR,0,ERROR,,,HTTP 429 for https://www.wikidata.org/w/api.php?action=wbsearchentities&format=json&language=en&type=item&limit=5&search=CAMP4
Canapar,14-Jun-2021,Merger/Acquisition,"""Ragusa, Italy""",canapar,,Wikidata,ERROR,0,ERROR,,,HTTP 429 for https://www.wikidata.org/wiki/Special:EntityData/Q99906903|Q18461427|Q320311|Q55578849.json
Canatu (HEL: CANATU),16-Sep-2024,Reverse Merger,"""Vantaa, Finland""",canatu,,Wikidata,ERROR,0,ERROR,,,HTTP 429 for https://www.wikidata.org/w/api.php?action=wbsearchentities&format=json&language=en&type=item&limit=5&search=Canatu
Cancer Prevention Pharmaceuticals,15-Jun-2022,Merger/Acquisition,"""Tucson, AZ""",cancer prevention pharmaceuticals,,Wikidata,ERROR,0,ERROR,,,HTTP 429 for https://www.wikidata.org/w/api.php?action=wbsearchentities&format=json&language=en&type=item&limit=5&search=Cancer+Prevention+Pharmaceuticals
CannTx,29-Oct-2021,Merger/Acquisition,"""Toronto, Canada""",canntx,,Wikidata,ERROR,0,ERROR,,,HTTP 429 for https://www.wikidata.org/w/api.php?action=wbsearchentities&format=json&language=en&type=item&limit=5&search=CannTx
Cantourage (FRA: HIGH),11-Nov-2022,IPO,"""Berlin, Germany""",cantourage,,Wikidata,ERROR,0,ERROR,,,HTTP 429 for https://www.wikidata.org/w/api.php?action=wbsearchentities&format=json&language=en&type=item&limit=5&search=Cantourage
Capcito Finance,01-Dec-2021,Merger/Acquisition,"""Stockholm, Sweden""",capcito finance,,Wikidata,NONE,0,NO_MATCH,,,No Wikidata search results
Cape Analytics,15-Jan-2025,Merger/Acquisition,"""Palo Alto, CA""",cape analytics,,Wikidata,ERROR,0,ERROR,,,HTTP 429 for https://www.wikidata.org/w/api.php?action=wbsearchentities&format=json&language=en&type=item&limit=5&search=Cape+Analytics
Capella Space,11-Jul-2025,Merger/Acquisition,"""San Francisco, CA""",capella space,,Wikidata,ERROR,0,ERROR,,,HTTP 429 for https://www.wikidata.org/w/api.php?action=wbsearchentities&format=json&language=en&type=item&limit=5&search=Capella+Space
Caper,19-Oct-2021,Merger/Acquisition,"""San Francisco, CA""",caper,,Wikidata,ERROR,0,ERROR,,,HTTP 429 for https://www.wikidata.org/w/api.php?action=wbsearchentities&format=json&language=en&type=item&limit=5&search=Caper
Capillary Biomedical,21-Jul-2022,Merger/Acquisition,"""Irvine, CA""",capillary biomedical,,Wikidata,ERROR,0,ERROR,,,HTTP 429 for https://www.wikidata.org/w/api.php?action=wbsearchentities&format=json&language=en&type=item&limit=5&search=Capillary+Biomedical
Caplist,01-Jul-2022,Merger/Acquisition,"""Oslo, Norway""",caplist,,Wikidata,NONE,0,NO_MATCH,,,No Wikidata search results
CapNostics,05-Oct-2021,Merger/Acquisition,"""Concord, NC""",capnostics,,Wikidata,ERROR,0,ERROR,,,HTTP 429 for https://www.wikidata.org/w/api.php?action=wbsearchentities&format=json&language=en&type=item&limit=5&search=CapNostics
CapsoVision (NAS: CV),02-Jul-2025,IPO,"""Saratoga, CA""",capsovision,,Wikidata,ERROR,0,ERROR,,,HTTP 429 for https://www.wikidata.org/w/api.php?action=wbsearchentities&format=json&language=en&type=item&limit=5&search=CapsoVision
Capstan Therapeutics,19-Aug-2025,Merger/Acquisition,"""San Diego, CA""",capstan therapeutics,,Wikidata,ERROR,0,ERROR,,,HTTP 429 for https://www.wikidata.org/w/api.php?action=wbsearchentities&format=json&language=en&type=item&limit=5&search=Capstan+Therapeutics
Caption Care,17-Feb-2023,Merger/Acquisition,"""San Mateo, CA""",caption care,,Wikidata,ERROR,0,ERROR,,,HTTP 429 for https://www.wikidata.org/w/api.php?action=wbsearchentities&format=json&language=en&type=item&limit=5&search=Caption+Care
Captiv8,15-May-2025,Merger/Acquisition,"""San Mateo, CA""",captiv8,,Wikidata,ERROR,0,ERROR,,,HTTP 429 for https://www.wikidata.org/w/api.php?action=wbsearchentities&format=json&language=en&type=item&limit=5&search=Captiv8
Captura Biopharma,18-Aug-2022,Reverse Merger,"""Little Rock, AR""",captura biopharma,,Wikidata,NONE,0,NO_MATCH,,,No Wikidata search results
Caraway Therapeutics,20-Nov-2023,Merger/Acquisition,"""Cambridge, MA""",caraway therapeutics,,Wikidata,ERROR,0,ERROR,,,HTTP 429 for https://www.wikidata.org/w/api.php?action=wbsearchentities&format=json&language=en&type=item&limit=5&search=Caraway+Therapeutics
Carbiolice,03-Jun-2021,Merger/Acquisition,"""Clermont-Ferrand, France""",carbiolice,,Wikidata,ERROR,0,ERROR,,,HTTP 429 for https://www.wikidata.org/w/api.php?action=wbsearchentities&format=json&language=en&type=item&limit=5&search=Carbiolice
Carbon Engineering,03-Nov-2023,Merger/Acquisition,"""Squamish, Canada""",carbon engineering,,Wikidata,ERROR,0,ERROR,,,HTTP 429 for https://www.wikidata.org/w/api.php?action=wbsearchentities&format=json&language=en&type=item&limit=5&search=Carbon+Engineering
Carbon6 (Media and Information Services (B2B)),04-Feb-2025,Merger/Acquisition,"""Toronto, Canada""",carbon6 (media and information services (b2b)),,Wikidata,ERROR,0,ERROR,,,HTTP 429 for https://www.wikidata.org/w/api.php?action=wbsearchentities&format=json&language=en&type=item&limit=5&search=Carbon6+%28Media+and+Information+Services+%28B2B%29%29
Card Isle,03-Apr-2024,Merger/Acquisition,"""Blacksburg, VA""",card isle,,Wikidata,ERROR,0,ERROR,,,HTTP 429 for https://www.wikidata.org/w/api.php?action=wbsearchentities&format=json&language=en&type=item&limit=5&search=Card+Isle
CardCash,29-Dec-2023,Merger/Acquisition,"""Brick, NJ""",cardcash,,Wikidata,ERROR,0,ERROR,,,HTTP 429 for https://www.wikidata.org/wiki/Special:EntityData/Q19866072.json
Cardiac Insight,16-Mar-2022,Merger/Acquisition,"""Bellevue, WA""",cardiac insight,,Wikidata,ERROR,0,ERROR,,,HTTP 429 for https://www.wikidata.org/w/api.php?action=wbsearchentities&format=json&language=en&type=item&limit=5&search=Cardiac+Insight
Cardior,25-Mar-2024,Merger/Acquisition,"""Hannover, Germany""",cardior,,Wikidata,ERROR,0,ERROR,,,HTTP 429 for https://www.wikidata.org/w/api.php?action=wbsearchentities&format=json&language=en&type=item&limit=5&search=Cardior
CareBridge,10-Dec-2024,Merger/Acquisition,"""Nashville, TN""",carebridge,,Wikidata,ERROR,0,ERROR,,,HTTP 429 for https://www.wikidata.org/w/api.php?action=wbsearchentities&format=json&language=en&type=item&limit=5&search=CareBridge
CareLinx,11-Aug-2021,Merger/Acquisition,"""Burlingame, CA""",carelinx,,Wikidata,ERROR,0,ERROR,,,HTTP 429 for https://www.wikidata.org/w/api.php?action=wbsearchentities&format=json&language=en&type=item&limit=5&search=CareLinx
Carevive,24-May-2024,Merger/Acquisition,"""South Jordan, UT""",carevive,,Wikidata,ERROR,0,ERROR,,,HTTP 429 for https://www.wikidata.org/w/api.php?action=wbsearchentities&format=json&language=en&type=item&limit=5&search=Carevive
Carevoyance,16-Jan-2024,Merger/Acquisition,"""Portland, OR""",carevoyance,,Wikidata,NONE,0,NO_MATCH,,,No Wikidata search results
Cargo Therapeutics,10-Nov-2023,IPO,"""San Carlos, CA""",cargo therapeutics,,Wikidata,ERROR,0,ERROR,,,HTTP 429 for https://www.wikidata.org/w/api.php?action=wbsearchentities&format=json&language=en&type=item&limit=5&search=Cargo+Therapeutics
Caribou Biosciences (NAS: CRBU),23-Jul-2021,IPO,"""Berkeley, CA""",caribou biosciences,,Wikidata,ERROR,0,ERROR,,,HTTP 429 for https://www.wikidata.org/w/api.php?action=wbsearchentities&format=json&language=en&type=item&limit=5&search=Caribou+Biosciences
Carisma Therapeutics (PINX: CARM),07-Mar-2023,Reverse Merger,"""Philadelphia, PA""",carisma therapeutics,,Wikidata,ERROR,0,ERROR,,,HTTP 429 for https://www.wikidata.org/w/api.php?action=wbsearchentities&format=json&language=en&type=item&limit=5&search=Carisma+Therapeutics
Carlsmed (NAS: CARL),23-Jul-2025,IPO,"""Carlsbad, CA""",carlsmed,,Wikidata,ERROR,0,ERROR,,,HTTP 429 for https://www.wikidata.org/w/api.php?action=wbsearchentities&format=json&language=en&type=item&limit=5&search=Carlsmed
Carmot Therapeutics,26-Jan-2024,Merger/Acquisition,"""Berkeley, CA""",carmot therapeutics,,Wikidata,ERROR,0,ERROR,,,HTTP 429 for https://www.wikidata.org/w/api.php?action=wbsearchentities&format=json&language=en&type=item&limit=5&search=Carmot+Therapeutics
CARROLL,19-Dec-2023,Merger/Acquisition,"""Atlanta, GA""",carroll,,Wikidata,ERROR,0,ERROR,,,HTTP 429 for https://www.wikidata.org/wiki/Special:EntityData/Q2666084|Q18658568|Q1903180|Q233891|Q555487.json
Cartesian Therapeutics (NAS: RNAC),13-Nov-2023,Reverse Merger,"""Frederick, MD""",cartesian therapeutics,,Wikidata,NONE,0,NO_MATCH,,,No Wikidata search results
CarZeus,31-Jul-2021,Merger/Acquisition,"""San Antonio, TX""",carzeus,,Wikidata,ERROR,0,ERROR,,,HTTP 429 for https://www.wikidata.org/w/api.php?action=wbsearchentities&format=json&language=en&type=item&limit=5&search=CarZeus
Casetext,17-Aug-2023,Merger/Acquisition,"""San Francisco, CA""",casetext,,Wikidata,ERROR,0,ERROR,,,HTTP 429 for https://www.wikidata.org/w/api.php?action=wbsearchentities&format=json&language=en&type=item&limit=5&search=Casetext
Cashforce,15-Jun-2022,Merger/Acquisition,"""Antwerp, Belgium""",cashforce,,Wikidata,ERROR,0,ERROR,,,HTTP 429 for https://www.wikidata.org/w/api.php?action=wbsearchentities&format=json&language=en&type=item&limit=5&search=Cashforce
Catalytic (Business/Productivity Software),08-Mar-2022,Merger/Acquisition,"""Chicago, IL""",catalytic (business/productivity software),,Wikidata,NONE,0,NO_MATCH,,,No Wikidata search results
Catapult Health,28-Feb-2025,Merger/Acquisition,"""Dallas, TX""",catapult health,,Wikidata,ERROR,0,ERROR,,,HTTP 429 for https://www.wikidata.org/w/api.php?action=wbsearchentities&format=json&language=en&type=item&limit=5&search=Catapult+Health
CattleEye,12-Mar-2024,Merger/Acquisition,"""Belfast, United Kingdom""",cattleeye,,Wikidata,ERROR,0,ERROR,,,HTTP 429 for https://www.wikidata.org/w/api.php?action=wbsearchentities&format=json&language=en&type=item&limit=5&search=CattleEye
Cava Group (Restaurants and Bars) (NYS: CAVA),16-Jun-2023,IPO,"""Washington, DC""",cava (restaurants and bars),,Wikidata,ERROR,0,ERROR,,,HTTP 429 for https://www.wikidata.org/w/api.php?action=wbsearchentities&format=json&language=en&type=item&limit=5&search=Cava+Group+%28Restaurants+and+Bars%29
Cavendish Online,01-Dec-2022,Merger/Acquisition,"""Exeter, United Kingdom""",cavendish online,,Wikidata,ERROR,0,ERROR,,,HTTP 429 for https://www.wikidata.org/w/api.php?action=wbsearchentities&format=json&language=en&type=item&limit=5&search=Cavendish+Online
Cazana,02-Sep-2021,Merger/Acquisition,"""London, United Kingdom""",cazana,,Wikidata,ERROR,0,ERROR,,,HTTP 429 for https://www.wikidata.org/wiki/Special:EntityData/Q63759629|Q37465378|Q137599497|Q104018984|Q104018983.json
Ccea,01-Mar-2021,Merger/Acquisition,"""Espoo, Finland""",ccea,,Wikidata,ERROR,0,ERROR,,,HTTP 429 for https://www.wikidata.org/w/api.php?action=wbsearchentities&format=json&language=en&type=item&limit=5&search=Ccea
Cedar Poly,09-May-2022,Merger/Acquisition,"""Tipton, IA""",cedar poly,,Wikidata,ERROR,0,ERROR,,,HTTP 429 for https://www.wikidata.org/w/api.php?action=wbsearchentities&format=json&language=en&type=item&limit=5&search=Cedar+Poly
Celestial AI,02-Feb-2026,Merger/Acquisition,"""Santa Clara, CA""",celestial ai,,Wikidata,ERROR,0,ERROR,,,HTTP 429 for https://www.wikidata.org/w/api.php?action=wbsearchentities&format=json&language=en&type=item&limit=5&search=Celestial+AI
Celfinet,06-Jun-2022,Merger/Acquisition,"""Lisbon, Portugal""",celfinet,,Wikidata,ERROR,0,ERROR,,,HTTP 429 for https://www.wikidata.org/wiki/Special:EntityData/Q30263718.json
Cell2Cure,03-Jan-2024,Merger/Acquisition,"""Birkerod, Denmark""",cell2cure,,Wikidata,ERROR,0,ERROR,,,HTTP 429 for https://www.wikidata.org/w/api.php?action=wbsearchentities&format=json&language=en&type=item&limit=5&search=Cell2Cure
Cellen,29-Jun-2022,Merger/Acquisition,"""London, United Kingdom""",cellen,,Wikidata,ERROR,0,ERROR,,,HTTP 429 for https://www.wikidata.org/w/api.php?action=wbsearchentities&format=json&language=en&type=item&limit=5&search=Cellen
CellmAbs Biopharmaceuticals,18-Jul-2024,Merger/Acquisition,"""Obidos, Portugal""",cellmabs biopharmaceuticals,,Wikidata,ERROR,0,ERROR,,,HTTP 429 for https://www.wikidata.org/w/api.php?action=wbsearchentities&format=json&language=en&type=item&limit=5&search=CellmAbs+Biopharmaceuticals
CellPoint (Biotechnology),21-Jun-2022,Merger/Acquisition,"""Oegstgeest, Netherlands""",cellpoint (biotechnology),,Wikidata,ERROR,0,ERROR,,,HTTP 429 for https://www.wikidata.org/w/api.php?action=wbsearchentities&format=json&language=en&type=item&limit=5&search=CellPoint+%28Biotechnology%29
Cellwize,07-Jun-2022,Merger/Acquisition,"""Southlake, TX""",cellwize,,Wikidata,NONE,0,NO_MATCH,,,No Wikidata search results
Celsius Therapeutics,27-Jun-2024,Merger/Acquisition,"""Cambridge, MA""",celsius therapeutics,,Wikidata,ERROR,0,ERROR,,,HTTP 429 for https://www.wikidata.org/w/api.php?action=wbsearchentities&format=json&language=en&type=item&limit=5&search=Celsius+Therapeutics
Cend Therapeutics,15-Sep-2022,Merger/Acquisition,"""San Diego, CA""",cend therapeutics,,Wikidata,ERROR,0,ERROR,,,HTTP 429 for https://www.wikidata.org/w/api.php?action=wbsearchentities&format=json&language=en&type=item&limit=5&search=Cend+Therapeutics
Census,01-May-2025,Merger/Acquisition,"""San Francisco, CA""",census,,Wikidata,ERROR,0,ERROR,,,HTTP 429 for https://www.wikidata.org/wiki/Special:EntityData/Q39825|Q637413|Q2725376|Q523716|Q56436498.json
Centessa Pharmaceuticals (NAS: CNTA),28-May-2021,IPO,"""Altrincham, United Kingdom""",centessa pharmaceuticals,,Wikidata,ERROR,0,ERROR,,,HTTP 429 for https://www.wikidata.org/w/api.php?action=wbsearchentities&format=json&language=en&type=item&limit=5&search=Centessa+Pharmaceuticals
CentML,13-Jun-2025,Merger/Acquisition,"""Toronto, Canada""",centml,,Wikidata,NONE,0,NO_MATCH,,,No Wikidata search results
Centred,30-Sep-2022,Merger/Acquisition,"""Seattle, WA""",centred,,Wikidata,ERROR,0,ERROR,,,HTTP 429 for https://www.wikidata.org/w/api.php?action=wbsearchentities&format=json&language=en&type=item&limit=5&search=Centred
Century Therapeutics (NAS: IPSC),18-Jun-2021,IPO,"""Philadelphia, PA""",century therapeutics,,Wikidata,ERROR,0,ERROR,,,HTTP 429 for https://www.wikidata.org/w/api.php?action=wbsearchentities&format=json&language=en&type=item&limit=5&search=Century+Therapeutics
Cepton,11-Feb-2022,Reverse Merger,"""San Jose, CA""",cepton,,Wikidata,NONE,0,NO_MATCH,,,No Wikidata search results
Ceres Technologies,20-Jun-2022,Merger/Acquisition,"""Saugerties, NY""",ceres technologies,,Wikidata,ERROR,0,ERROR,,,HTTP 429 for https://www.wikidata.org/w/api.php?action=wbsearchentities&format=json&language=en&type=item&limit=5&search=Ceres+Technologies
Ceribell (NAS: CBLL),11-Oct-2024,IPO,"""Sunnyvale, CA""",ceribell,,Wikidata,ERROR,0,ERROR,,,HTTP 429 for https://www.wikidata.org/w/api.php?action=wbsearchentities&format=json&language=en&type=item&limit=5&search=Ceribell
Cernostics,03-Dec-2021,Merger/Acquisition,"""Pittsburgh, PA""",cernostics,,Wikidata,ERROR,0,ERROR,,,HTTP 429 for https://www.wikidata.org/wiki/Special:EntityData/Q30265420.json
CERo Therapeutics Holdings (PINX: CERO),07-Jun-2023,Reverse Merger,"""South San Francisco, CA""",cero therapeutics,,Wikidata,NONE,0,NO_MATCH,,,No Wikidata search results
CertEurope,03-Nov-2021,Merger/Acquisition,"""Paris, France""",certeurope,,Wikidata,ERROR,0,ERROR,,,HTTP 429 for https://www.wikidata.org/w/api.php?action=wbsearchentities&format=json&language=en&type=item&limit=5&search=CertEurope
Cerus Endovascular,01-May-2023,Merger/Acquisition,"""Oxford, United Kingdom""",cerus endovascular,,Wikidata,ERROR,0,ERROR,,,HTTP 429 for https://www.wikidata.org/w/api.php?action=wbsearchentities&format=json&language=en&type=item&limit=5&search=Cerus+Endovascular
CervoMed (NAS: CRVO),16-Aug-2023,Reverse Merger,"""Boston, MA""",cervomed,,Wikidata,ERROR,0,ERROR,,,HTTP 429 for https://www.wikidata.org/w/api.php?action=wbsearchentities&format=json&language=en&type=item&limit=5&search=CervoMed
CF Intercity (MAD: CITY),29-Oct-2021,IPO,"""Alicante, Spain""",cf intercity,,Wikidata,ERROR,0,ERROR,,,HTTP 429 for https://www.wikidata.org/wiki/Special:EntityData/Q78345783.json
CG Oncology (NAS: CGON),25-Jan-2024,IPO,"""Irvine, CA""",cg oncology,,Wikidata,ERROR,0,ERROR,,,HTTP 429 for https://www.wikidata.org/w/api.php?action=wbsearchentities&format=json&language=en&type=item&limit=5&search=CG+Oncology
Chaikin Analytics,21-Jan-2021,Merger/Acquisition,"""Radnor, PA""",chaikin analytics,,Wikidata,ERROR,0,ERROR,,,HTTP 429 for https://www.wikidata.org/w/api.php?action=wbsearchentities&format=json&language=en&type=item&limit=5&search=Chaikin+Analytics
Chain Bridge I (PINX: CBRRF),10-Nov-2021,IPO,"""Dover, DE""",chain bridge i,,Wikidata,ERROR,0,ERROR,,,HTTP 429 for https://www.wikidata.org/w/api.php?action=wbsearchentities&format=json&language=en&type=item&limit=5&search=Chain+Bridge+I
Chainge (Logistics),18-Jul-2024,Merger/Acquisition,"""Frederiksberg, Denmark""",chainge (logistics),,Wikidata,NONE,0,NO_MATCH,,,No Wikidata search results
Chairish,04-Aug-2025,Merger/Acquisition,"""San Francisco, CA""",chairish,,Wikidata,ERROR,0,ERROR,,,HTTP 429 for https://www.wikidata.org/w/api.php?action=wbsearchentities&format=json&language=en&type=item&limit=5&search=Chairish
Chalk (Canada),02-May-2022,Merger/Acquisition,"""Kitchener, Canada""",chalk (canada),,Wikidata,ERROR,0,ERROR,,,HTTP 429 for https://www.wikidata.org/w/api.php?action=wbsearchentities&format=json&language=en&type=item&limit=5&search=Chalk+%28Canada%29
Champion Health,06-May-2022,Merger/Acquisition,"""Sheffield, United Kingdom""",champion health,,Wikidata,NONE,45,NO_MATCH,Q74747424,Champion Healthcare to buy 13 hospitals from Humana,hq=united kingdom; desc=scientific article published on 01 July 1992
Champion Health (Sweden),30-Sep-2021,Merger/Acquisition,"""Bastad, Sweden""",champion health (sweden),,Wikidata,NONE,0,NO_MATCH,,,No Wikidata search results
Chargeback (Salt Lake City),01-Nov-2021,Merger/Acquisition,"""Salt Lake City, UT""",chargeback (salt lake city),,Wikidata,NONE,0,NO_MATCH,,,No Wikidata search results
ChargePoint (NYS: CHPT),26-Feb-2021,Reverse Merger,"""Campbell, CA""",chargepoint,,Wikidata,ERROR,0,ERROR,,,HTTP 404 for https://www.wikidata.org/wiki/Special:EntityData/Q5176149|Q127690382|Q119727023|Q132737828|Q131890890.json
Chartio,26-Feb-2021,Merger/Acquisition,"""San Francisco, CA""",chartio,,Wikidata,NONE,0,NO_MATCH,,,No Wikidata search results
Checkin.com Group (STO: CHECK),20-May-2021,IPO,"""Stockholm, Sweden""",checkincom,,Wikidata,NONE,0,NO_MATCH,,,No Wikidata search results
Checkmate Pharmaceuticals,31-May-2022,Merger/Acquisition,"""Cambridge, MA""",checkmate pharmaceuticals,2015-00-00,Wikidata,MEDIUM,70,REVIEW,Q113503545,Checkmate Pharmaceuticals,hq=united states; desc=biopharmaceutical company
Checkme,15-Jul-2024,Merger/Acquisition,"""Moscow, Russia""",checkme,,Wikidata,NONE,0,NO_MATCH,,,No Wikidata search results
Checkmyguest,29-Jul-2024,Merger/Acquisition,"""Paris, France""",checkmyguest,,Wikidata,NONE,0,NO_MATCH,,,No Wikidata search results
Checkout Charlie,18-Jul-2025,Merger/Acquisition,"""Berlin, Germany""",checkout charlie,,Wikidata,ERROR,0,ERROR,,,HTTP 429 for https://www.wikidata.org/w/api.php?action=wbsearchentities&format=json&language=en&type=item&limit=5&search=Checkout+Charlie
Cheelcare,07-Jul-2025,Reverse Merger,"""Markham, Canada""",cheelcare,,Wikidata,ERROR,0,ERROR,,,HTTP 429 for https://www.wikidata.org/w/api.php?action=wbsearchentities&format=json&language=en&type=item&limit=5&search=Cheelcare
ChemIntelligence,28-Jun-2022,Merger/Acquisition,"""Lyon, France""",chemintelligence,,Wikidata,ERROR,0,ERROR,,,HTTP 429 for https://www.wikidata.org/w/api.php?action=wbsearchentities&format=json&language=en&type=item&limit=5&search=ChemIntelligence
CHEQ (Kirkland),01-Feb-2024,Merger/Acquisition,"""Kirkland, WA""",cheq (kirkland),,Wikidata,ERROR,0,ERROR,,,HTTP 429 for https://www.wikidata.org/w/api.php?action=wbsearchentities&format=json&language=en&type=item&limit=5&search=CHEQ+%28Kirkland%29
Cherry Xtrfy,14-Dec-2022,Merger/Acquisition,"""Landskrona, Sweden""",cherry xtrfy,,Wikidata,NONE,0,NO_MATCH,,,No Wikidata search results
Chevron Renewable Energy Group,13-Jun-2022,Merger/Acquisition,"""Ames, IA""",chevron renewable energy,,Wikidata,ERROR,0,ERROR,,,HTTP 429 for https://www.wikidata.org/w/api.php?action=wbsearchentities&format=json&language=en&type=item&limit=5&search=Chevron+Renewable+Energy+Group
Childs Farm,21-Mar-2022,Merger/Acquisition,"""Basingstoke, United Kingdom""",childs farm,,Wikidata,ERROR,0,ERROR,,,HTTP 429 for https://www.wikidata.org/w/api.php?action=wbsearchentities&format=json&language=en&type=item&limit=5&search=Childs+Farm
Chime Financial (NAS: CHYM),11-Jun-2025,IPO,"""San Francisco, CA""",chime financial,,Wikidata,ERROR,0,ERROR,,,HTTP 429 for https://www.wikidata.org/w/api.php?action=wbsearchentities&format=json&language=en&type=item&limit=5&search=Chime+Financial
Chinook Therapeutics,11-Aug-2023,Merger/Acquisition,"""Seattle, WA""",chinook therapeutics,,Wikidata,ERROR,0,ERROR,,,HTTP 429 for https://www.wikidata.org/wiki/Special:EntityData/Q112085469.json
Chorus.ai,12-Jul-2021,Merger/Acquisition,"""San Francisco, CA""",chorusai,,Wikidata,ERROR,0,ERROR,,,HTTP 429 for https://www.wikidata.org/w/api.php?action=wbsearchentities&format=json&language=en&type=item&limit=5&search=Chorus.ai
Chroma Medicine,04-Dec-2024,Merger/Acquisition,"""Boston, MA""",chroma medicine,,Wikidata,ERROR,0,ERROR,,,HTTP 429 for https://www.wikidata.org/w/api.php?action=wbsearchentities&format=json&language=en&type=item&limit=5&search=Chroma+Medicine
Chronos Therapeutics,05-Apr-2024,Merger/Acquisition,"""Oxford, United Kingdom""",chronos therapeutics,,Wikidata,NONE,0,NO_MATCH,,,No Wikidata search results
Chronosphere,29-Jan-2026,Merger/Acquisition,"""New York, NY""",chronosphere,,Wikidata,ERROR,0,ERROR,,,HTTP 429 for https://www.wikidata.org/w/api.php?action=wbsearchentities&format=json&language=en&type=item&limit=5&search=Chronosphere
Cidara Therapeutics,07-Jan-2026,Merger/Acquisition,"""San Diego, CA""",cidara therapeutics,,Wikidata,ERROR,0,ERROR,,,HTTP 429 for https://www.wikidata.org/w/api.php?action=wbsearchentities&format=json&language=en&type=item&limit=5&search=Cidara+Therapeutics
CiiTECH,03-Apr-2023,Merger/Acquisition,"""London, United Kingdom""",ciitech,,Wikidata,ERROR,0,ERROR,,,HTTP 429 for https://www.wikidata.org/w/api.php?action=wbsearchentities&format=json&language=en&type=item&limit=5&search=CiiTECH
Cinclus Pharma (STO: CINPHA),19-Jun-2024,IPO,"""Stockholm, Sweden""",cinclus pharma,,Wikidata,ERROR,0,ERROR,,,HTTP 429 for https://www.wikidata.org/w/api.php?action=wbsearchentities&format=json&language=en&type=item&limit=5&search=Cinclus+Pharma
CinCor Pharma,07-Jan-2022,IPO,"""Waltham, MA""",cincor pharma,,Wikidata,NONE,0,NO_MATCH,,,No Wikidata search results
Cinis Fertilizer,21-Oct-2022,IPO,"""Lund, Sweden""",cinis fertilizer,,Wikidata,ERROR,0,ERROR,,,HTTP 429 for https://www.wikidata.org/w/api.php?action=wbsearchentities&format=json&language=en&type=item&limit=5&search=Cinis+Fertilizer
Cipher ( Business/Productivity Software),31-Mar-2023,Merger/Acquisition,"""London, United Kingdom""",cipher ( business/productivity software),,Wikidata,ERROR,0,ERROR,,,HTTP 429 for https://www.wikidata.org/w/api.php?action=wbsearchentities&format=json&language=en&type=item&limit=5&search=Cipher+%28+Business%2FProductivity+Software%29
Circle (NYS: CRCL),05-Jun-2025,IPO,"""New York, NY""",circle,,Wikidata,ERROR,0,ERROR,,,HTTP 429 for https://www.wikidata.org/w/api.php?action=wbsearchentities&format=json&language=en&type=item&limit=5&search=Circle
Circularis,03-Oct-2022,Merger/Acquisition,"""Oakland, CA""",circularis,,Wikidata,ERROR,0,ERROR,,,HTTP 429 for https://www.wikidata.org/w/api.php?action=wbsearchentities&format=json&language=en&type=item&limit=5&search=Circularis
Circulomics,20-Jul-2021,Merger/Acquisition,"""Baltimore, MD""",circulomics,,Wikidata,ERROR,0,ERROR,,,HTTP 429 for https://www.wikidata.org/wiki/Special:EntityData/Q30255570.json
Citizen Health,14-Sep-2021,Merger/Acquisition,"""San Francisco, CA""",citizen health,,Wikidata,ERROR,0,ERROR,,,HTTP 429 for https://www.wikidata.org/w/api.php?action=wbsearchentities&format=json&language=en&type=item&limit=5&search=Citizen+Health
Citymapper,15-Mar-2023,Merger/Acquisition,"""London, United Kingdom""",citymapper,,Wikidata,ERROR,0,ERROR,,,HTTP 429 for https://www.wikidata.org/w/api.php?action=wbsearchentities&format=json&language=en&type=item&limit=5&search=Citymapper
Cityscoot,21-Feb-2024,Merger/Acquisition,"""Paris, France""",cityscoot,,Wikidata,ERROR,0,ERROR,,,HTTP 429 for https://www.wikidata.org/wiki/Special:EntityData/Q60853295.json
Civil Maps,15-Jun-2022,Merger/Acquisition,"""San Francisco, CA""",civil maps,,Wikidata,ERROR,0,ERROR,,,HTTP 429 for https://www.wikidata.org/w/api.php?action=wbsearchentities&format=json&language=en&type=item&limit=5&search=Civil+Maps
Cizzle Biotechnology Holdings (LON: CIZ),26-Apr-2021,Reverse Merger,"""London, United Kingdom""",cizzle biotechnology,,Wikidata,ERROR,0,ERROR,,,HTTP 429 for https://www.wikidata.org/w/api.php?action=wbsearchentities&format=json&language=en&type=item&limit=5&search=Cizzle+Biotechnology+Holdings
Clade Therapeutics,11-Apr-2024,Merger/Acquisition,"""Boston, MA""",clade therapeutics,,Wikidata,ERROR,0,ERROR,,,HTTP 429 for https://www.wikidata.org/w/api.php?action=wbsearchentities&format=json&language=en&type=item&limit=5&search=Clade+Therapeutics
Clairvoyant,16-Dec-2021,Merger/Acquisition,"""Chandler, AZ""",clairvoyant,,Wikidata,ERROR,0,ERROR,,,HTTP 429 for https://www.wikidata.org/w/api.php?action=wbsearchentities&format=json&language=en&type=item&limit=5&search=Clairvoyant
Clarabridge,01-Oct-2021,Merger/Acquisition,"""Reston, VA""",clarabridge,,Wikidata,ERROR,0,ERROR,,,HTTP 429 for https://www.wikidata.org/wiki/Special:EntityData/Q104841020.json
Clare (Other Hardware),08-Aug-2022,Merger/Acquisition,"""Sarasota, FL""",clare (other hardware),,Wikidata,ERROR,0,ERROR,,,HTTP 429 for https://www.wikidata.org/w/api.php?action=wbsearchentities&format=json&language=en&type=item&limit=5&search=Clare+%28Other+Hardware%29
Clarus R+D,01-Sep-2022,Merger/Acquisition,"""Columbus, OH""",clarus r+d,,Wikidata,ERROR,0,ERROR,,,HTTP 429 for https://www.wikidata.org/w/api.php?action=wbsearchentities&format=json&language=en&type=item&limit=5&search=Clarus+R%2BD
Clarus Therapeutics,09-Sep-2021,Reverse Merger,"""Northbrook, IL""",clarus therapeutics,,Wikidata,ERROR,0,ERROR,,,HTTP 429 for https://www.wikidata.org/w/api.php?action=wbsearchentities&format=json&language=en&type=item&limit=5&search=Clarus+Therapeutics
Class Collaborate,29-Jun-2022,Merger/Acquisition,"""Calgary, Canada""",class collaborate,,Wikidata,NONE,0,NO_MATCH,,,No Wikidata search results
Clean Power Hydrogen (LON: CPH2),16-Feb-2022,IPO,"""Doncaster, United Kingdom""",clean power hydrogen,,Wikidata,ERROR,0,ERROR,,,HTTP 429 for https://www.wikidata.org/w/api.php?action=wbsearchentities&format=json&language=en&type=item&limit=5&search=Clean+Power+Hydrogen
Cleana,31-Oct-2024,Merger/Acquisition,"""Boston, MA""",cleana,,Wikidata,ERROR,0,ERROR,,,HTTP 429 for https://www.wikidata.org/w/api.php?action=wbsearchentities&format=json&language=en&type=item&limit=5&search=Cleana
Cleanlab,20-Jan-2026,Merger/Acquisition,"""San Francisco, CA""",cleanlab,,Wikidata,ERROR,0,ERROR,,,HTTP 429 for https://www.wikidata.org/w/api.php?action=wbsearchentities&format=json&language=en&type=item&limit=5&search=Cleanlab
Cleanshelf,18-Mar-2021,Merger/Acquisition,"""San Francisco, CA""",cleanshelf,,Wikidata,ERROR,0,ERROR,,,HTTP 429 for https://www.wikidata.org/w/api.php?action=wbsearchentities&format=json&language=en&type=item&limit=5&search=Cleanshelf
Cleaq,23-Oct-2024,Merger/Acquisition,"""Paris, France""",cleaq,,Wikidata,NONE,0,NO_MATCH,,,No Wikidata search results
Clearbit,01-Dec-2023,Merger/Acquisition,"""San Francisco, CA""",clearbit,,Wikidata,ERROR,0,ERROR,,,HTTP 429 for https://www.wikidata.org/w/api.php?action=wbsearchentities&format=json&language=en&type=item&limit=5&search=Clearbit
Clearbridge BioPhotonics,20-Apr-2021,Merger/Acquisition,"""Pasadena, CA""",clearbridge biophotonics,,Wikidata,ERROR,0,ERROR,,,HTTP 429 for https://www.wikidata.org/w/api.php?action=wbsearchentities&format=json&language=en&type=item&limit=5&search=Clearbridge+BioPhotonics
Cleared,18-Jan-2022,Merger/Acquisition,"""New York, NY""",cleared,,Wikidata,ERROR,0,ERROR,,,HTTP 429 for https://www.wikidata.org/w/api.php?action=wbsearchentities&format=json&language=en&type=item&limit=5&search=Cleared
Clearpath Robotics,02-Oct-2023,Merger/Acquisition,"""Kitchener, Canada""",clearpath robotics,,Wikidata,ERROR,0,ERROR,,,HTTP 429 for https://www.wikidata.org/wiki/Special:EntityData/Q30283026.json
ClearQuery,18-Sep-2024,Merger/Acquisition,"""McLean, VA""",clearquery,,Wikidata,ERROR,0,ERROR,,,HTTP 429 for https://www.wikidata.org/w/api.php?action=wbsearchentities&format=json&language=en&type=item&limit=5&search=ClearQuery
Clementine (Enterprise Systems (Healthcare)),01-Jun-2021,Merger/Acquisition,"""Maastricht, Netherlands""",clementine (enterprise systems (healthcare)),,Wikidata,ERROR,0,ERROR,,,HTTP 429 for https://www.wikidata.org/w/api.php?action=wbsearchentities&format=json&language=en&type=item&limit=5&search=Clementine+%28Enterprise+Systems+%28Healthcare%29%29
Clever (Educational Software),06-May-2021,Merger/Acquisition,"""San Francisco, CA""",clever (educational software),,Wikidata,NONE,0,NO_MATCH,,,No Wikidata search results
Clevon,28-Jun-2022,IPO,"""Viljandi, Estonia""",clevon,,Wikidata,ERROR,0,ERROR,,,HTTP 429 for https://www.wikidata.org/w/api.php?action=wbsearchentities&format=json&language=en&type=item&limit=5&search=Clevon
ClickSWITCH,01-Apr-2021,Merger/Acquisition,"""Minneapolis, MN""",clickswitch,,Wikidata,ERROR,0,ERROR,,,HTTP 429 for https://www.wikidata.org/w/api.php?action=wbsearchentities&format=json&language=en&type=item&limit=5&search=ClickSWITCH
Climb Bio (NAS: CLYM),10-Aug-2021,IPO,"""Wellesley Hills, MA""",climb bio,,Wikidata,NONE,0,NO_MATCH,,,No Wikidata search results
Cling,01-Nov-2022,Merger/Acquisition,"""Stockholm, Sweden""",cling,,Wikidata,ERROR,0,ERROR,,,HTTP 429 for https://www.wikidata.org/w/api.php?action=wbsearchentities&format=json&language=en&type=item&limit=5&search=Cling
Clinigence Health,01-Apr-2022,Merger/Acquisition,"""Fort Lauderdale, FL""",clinigence health,,Wikidata,ERROR,0,ERROR,,,HTTP 429 for https://www.wikidata.org/w/api.php?action=wbsearchentities&format=json&language=en&type=item&limit=5&search=Clinigence+Health
Clinpal,12-Oct-2022,Merger/Acquisition,"""Stirling, United Kingdom""",clinpal,,Wikidata,NONE,0,NO_MATCH,,,No Wikidata search results
Clio Draft,08-Sep-2021,Merger/Acquisition,"""San Francisco, CA""",clio draft,,Wikidata,ERROR,0,ERROR,,,HTTP 429 for https://www.wikidata.org/w/api.php?action=wbsearchentities&format=json&language=en&type=item&limit=5&search=Clio+Draft
Clique Brands,15-Jun-2022,Merger/Acquisition,"""West Hollywood, CA""",clique brands,,Wikidata,NONE,70,NO_MATCH,Q56063628,Clique Brands,hq=united states; aliases=Clique Media Group
CLMBR,02-Feb-2024,Merger/Acquisition,"""Denver, CO""",clmbr,,Wikidata,ERROR,0,ERROR,,,HTTP 429 for https://www.wikidata.org/w/api.php?action=wbsearchentities&format=json&language=en&type=item&limit=5&search=CLMBR
Cloud Fastpath,16-Feb-2021,Merger/Acquisition,"""Boston, MA""",cloud fastpath,,Wikidata,NONE,0,NO_MATCH,,,No Wikidata search results
Cloudastructure (NAS: CSAI),01-Apr-2025,IPO,"""Palo Alto, CA""",cloudastructure,,Wikidata,NONE,0,NO_MATCH,,,No Wikidata search results
Cloudbreak Pharmaceutical (HKG: 02592),03-Jul-2025,IPO,"""Irvine, CA""",cloudbreak pharmaceutical,,Wikidata,NONE,0,NO_MATCH,,,No Wikidata search results
CloudCheckr,05-Nov-2021,Merger/Acquisition,"""Rochester, NY""",cloudcheckr,,Wikidata,ERROR,0,ERROR,,,HTTP 429 for https://www.wikidata.org/wiki/Special:EntityData/Q117022104.json
CloudRail,31-Aug-2023,Merger/Acquisition,"""Mannheim, Germany""",cloudrail,,Wikidata,NONE,0,NO_MATCH,,,No Wikidata search results
CloudSnap,18-Jan-2022,Merger/Acquisition,"""Austin, TX""",cloudsnap,,Wikidata,ERROR,0,ERROR,,,HTTP 429 for https://www.wikidata.org/wiki/Special:EntityData/Q5135617.json
Cloudvirga,25-May-2021,Merger/Acquisition,"""Irvine, CA""",cloudvirga,,Wikidata,ERROR,0,ERROR,,,HTTP 429 for https://www.wikidata.org/w/api.php?action=wbsearchentities&format=json&language=en&type=item&limit=5&search=Cloudvirga
Cloudways,01-Sep-2022,Merger/Acquisition,"""Saint Julians, Malta""",cloudways,,Wikidata,ERROR,0,ERROR,,,HTTP 429 for https://www.wikidata.org/wiki/Special:EntityData/Q135003129.json
Clover Health Investments (NAS: CLOV),07-Jan-2021,Reverse Merger,"""Franklin, TN""",clover health investments,,Wikidata,NONE,0,NO_MATCH,,,No Wikidata search results
ClubSpark,18-Mar-2021,Buyout/LBO,"""London, United Kingdom""",clubspark,,Wikidata,ERROR,0,ERROR,,,HTTP 429 for https://www.wikidata.org/w/api.php?action=wbsearchentities&format=json&language=en&type=item&limit=5&search=ClubSpark
Clumio,01-Oct-2024,Merger/Acquisition,"""Santa Clara, CA""",clumio,,Wikidata,ERROR,0,ERROR,,,HTTP 429 for https://www.wikidata.org/w/api.php?action=wbsearchentities&format=json&language=en&type=item&limit=5&search=Clumio
Cluno,21-Feb-2021,Merger/Acquisition,"""Munich, Germany""",cluno,,Wikidata,ERROR,0,ERROR,,,HTTP 429 for https://www.wikidata.org/w/api.php?action=wbsearchentities&format=json&language=en&type=item&limit=5&search=Cluno
Clutter,29-Jun-2023,Merger/Acquisition,"""Culver City, CA""",clutter,,Wikidata,ERROR,0,ERROR,,,HTTP 429 for https://www.wikidata.org/w/api.php?action=wbsearchentities&format=json&language=en&type=item&limit=5&search=Clutter
Cmd (Network Management Software),25-Aug-2021,Merger/Acquisition,"""Vancouver, Canada""",cmd (network management software),,Wikidata,NONE,0,NO_MATCH,,,No Wikidata search results
Coastal (Internet Retail),05-Oct-2021,Merger/Acquisition,"""Santa Barbara, CA""",coastal (internet retail),,Wikidata,ERROR,0,ERROR,,,HTTP 429 for https://www.wikidata.org/w/api.php?action=wbsearchentities&format=json&language=en&type=item&limit=5&search=Coastal+%28Internet+Retail%29
Coastal Bank & Trust,09-Apr-2024,Merger/Acquisition,"""Jacksonville, NC""",coastal bank and trust,,Wikidata,ERROR,0,ERROR,,,HTTP 429 for https://www.wikidata.org/w/api.php?action=wbsearchentities&format=json&language=en&type=item&limit=5&search=Coastal+Bank+%26+Trust
Cobalt Software,12-Oct-2021,Merger/Acquisition,"""Boston, MA""",cobalt software,,Wikidata,ERROR,0,ERROR,,,HTTP 429 for https://www.wikidata.org/w/api.php?action=wbsearchentities&format=json&language=en&type=item&limit=5&search=Cobalt+Software
Cobase,01-Dec-2023,Merger/Acquisition,"""Amsterdam, Netherlands""",cobase,,Wikidata,ERROR,0,ERROR,,,HTTP 429 for https://www.wikidata.org/wiki/Special:EntityData/Q4712928.json
CODA (Electronic Equipment and Instruments),15-Oct-2024,Merger/Acquisition,"""Derby, United Kingdom""",coda (electronic equipment and instruments),,Wikidata,ERROR,0,ERROR,,,HTTP 429 for https://www.wikidata.org/w/api.php?action=wbsearchentities&format=json&language=en&type=item&limit=5&search=CODA+%28Electronic+Equipment+and+Instruments%29
Codecademy,04-Apr-2022,Merger/Acquisition,"""New York, NY""",codecademy,,Wikidata,ERROR,0,ERROR,,,HTTP 429 for https://www.wikidata.org/w/api.php?action=wbsearchentities&format=json&language=en&type=item&limit=5&search=Codecademy
Codeplay,01-Jun-2022,Merger/Acquisition,"""Edinburgh, United Kingdom""",codeplay,,Wikidata,ERROR,0,ERROR,,,HTTP 429 for https://www.wikidata.org/wiki/Special:EntityData/Q5140158|Q126355772.json
CodeStream,01-Oct-2021,Merger/Acquisition,"""San Francisco, CA""",codestream,,Wikidata,ERROR,0,ERROR,,,HTTP 429 for https://www.wikidata.org/w/api.php?action=wbsearchentities&format=json&language=en&type=item&limit=5&search=CodeStream
Coding Dojo,01-Dec-2022,Merger/Acquisition,"""Colorado Springs, CO""",coding dojo,,Wikidata,ERROR,0,ERROR,,,HTTP 429 for https://www.wikidata.org/w/api.php?action=wbsearchentities&format=json&language=en&type=item&limit=5&search=Coding+Dojo
CoEdition,28-Dec-2021,Merger/Acquisition,"""New York, NY""",coedition,,Wikidata,NONE,0,NO_MATCH,,,No Wikidata search results
Cognigy,07-Sep-2025,Merger/Acquisition,"""Dusseldorf, Germany""",cognigy,,Wikidata,ERROR,0,ERROR,,,HTTP 429 for https://www.wikidata.org/w/api.php?action=wbsearchentities&format=json&language=en&type=item&limit=5&search=Cognigy
Cognition Therapeutics (NAS: CGTX),08-Oct-2021,IPO,"""New York, NY""",cognition therapeutics,2007,Wikidata,LOW,45,REVIEW,Q30287217,Cognition Therapeutics (United States),"hq=united states; desc=company in Pittsburgh, United States"
CognitiveScale,13-Dec-2022,Merger/Acquisition,"""Austin, TX""",cognitivescale,,Wikidata,ERROR,0,ERROR,,,HTTP 429 for https://www.wikidata.org/w/api.php?action=wbsearchentities&format=json&language=en&type=item&limit=5&search=CognitiveScale
Cognito (Network Management Software),20-Jan-2022,Merger/Acquisition,"""Walnut, CA""",cognito (network management software),,Wikidata,ERROR,0,ERROR,,,HTTP 429 for https://www.wikidata.org/w/api.php?action=wbsearchentities&format=json&language=en&type=item&limit=5&search=Cognito+%28Network+Management+Software%29
Coinify,02-Aug-2021,Merger/Acquisition,"""K�benhavn V, Denmark""",coinify,,Wikidata,NONE,0,NO_MATCH,,,No Wikidata search results
Colisweb,16-Dec-2021,Merger/Acquisition,"""Lille, France""",colisweb,,Wikidata,ERROR,0,ERROR,,,HTTP 429 for https://www.wikidata.org/w/api.php?action=wbsearchentities&format=json&language=en&type=item&limit=5&search=Colisweb
Combangio,15-Nov-2021,Merger/Acquisition,"""Menlo Park, CA""",combangio,,Wikidata,ERROR,0,ERROR,,,HTTP 429 for https://www.wikidata.org/w/api.php?action=wbsearchentities&format=json&language=en&type=item&limit=5&search=Combangio
Combinostics,02-Jan-2025,Merger/Acquisition,"""Tampere, Finland""",combinostics,,Wikidata,ERROR,0,ERROR,,,HTTP 429 for https://www.wikidata.org/w/api.php?action=wbsearchentities&format=json&language=en&type=item&limit=5&search=Combinostics
Comera Life Sciences Holdings,19-May-2022,Reverse Merger,"""Woburn, MA""",comera life sciences,,Wikidata,ERROR,0,ERROR,,,HTTP 429 for https://www.wikidata.org/w/api.php?action=wbsearchentities&format=json&language=en&type=item&limit=5&search=Comera+Life+Sciences+Holdings
Comet Therapeutics,21-Sep-2021,Merger/Acquisition,"""Cambridge, MA""",comet therapeutics,,Wikidata,ERROR,0,ERROR,,,HTTP 429 for https://www.wikidata.org/w/api.php?action=wbsearchentities&format=json&language=en&type=item&limit=5&search=Comet+Therapeutics
Commotion,01-Dec-2025,Merger/Acquisition,"""Los Angeles, CA""",commotion,,Wikidata,ERROR,0,ERROR,,,HTTP 429 for https://www.wikidata.org/wiki/Special:EntityData/Q113551834|Q56404880|Q2986836|Q22006484|Q32845777.json
Compass (Application Software) (NYS: COMP),01-Apr-2021,IPO,"""New York, NY""",compass (application software),,Wikidata,ERROR,0,ERROR,,,HTTP 429 for https://www.wikidata.org/w/api.php?action=wbsearchentities&format=json&language=en&type=item&limit=5&search=Compass+%28Application+Software%29
Compass Therapeutics (NAS: CMPX),04-Nov-2021,IPO,"""Boston, MA""",compass therapeutics,,Wikidata,ERROR,0,ERROR,,,HTTP 429 for https://www.wikidata.org/w/api.php?action=wbsearchentities&format=json&language=en&type=item&limit=5&search=Compass+Therapeutics
CompilerWorks,20-Oct-2021,Merger/Acquisition,"""Menlo Park, CA""",compilerworks,,Wikidata,ERROR,0,ERROR,,,HTTP 429 for https://www.wikidata.org/w/api.php?action=wbsearchentities&format=json&language=en&type=item&limit=5&search=CompilerWorks
Complex Games,01-Nov-2022,Merger/Acquisition,"""Winnipeg, Canada""",complex games,,Wikidata,ERROR,0,ERROR,,,HTTP 429 for https://www.wikidata.org/w/api.php?action=wbsearchentities&format=json&language=en&type=item&limit=5&search=Complex+Games
Comtravo,03-Feb-2022,Merger/Acquisition,"""Berlin, Germany""",comtravo,,Wikidata,ERROR,0,ERROR,,,HTTP 429 for https://www.wikidata.org/w/api.php?action=wbsearchentities&format=json&language=en&type=item&limit=5&search=Comtravo
Confluent (NAS: CFLT),24-Jun-2021,IPO,"""Mountain View, CA""",confluent,,Wikidata,ERROR,0,ERROR,,,HTTP 429 for https://www.wikidata.org/wiki/Special:EntityData/Q212507|Q95581857|Q15709951|Q19994718|Q94758727.json
Connect&GO,20-Nov-2025,Merger/Acquisition,"""Montreal, Canada""",connect and go,,Wikidata,ERROR,0,ERROR,,,HTTP 429 for https://www.wikidata.org/w/api.php?action=wbsearchentities&format=json&language=en&type=item&limit=5&search=Connect%26GO
ConnectM Technology Solutions (PINX: CNTM),12-Jul-2024,Reverse Merger,"""Marlborough, MA""",connectm technology solutions,,Wikidata,ERROR,0,ERROR,,,HTTP 429 for https://www.wikidata.org/w/api.php?action=wbsearchentities&format=json&language=en&type=item&limit=5&search=ConnectM+Technology+Solutions
Connexicon Medical,01-Feb-2023,Merger/Acquisition,"""Dublin, Ireland""",connexicon medical,,Wikidata,ERROR,0,ERROR,,,HTTP 429 for https://www.wikidata.org/w/api.php?action=wbsearchentities&format=json&language=en&type=item&limit=5&search=Connexicon+Medical
ContactEngine,17-Jun-2021,Merger/Acquisition,"""Southampton, United Kingdom""",contactengine,,Wikidata,NONE,0,NO_MATCH,,,No Wikidata search results
ContentCal,08-Dec-2021,Merger/Acquisition,"""London, United Kingdom""",contentcal,,Wikidata,ERROR,0,ERROR,,,HTTP 429 for https://www.wikidata.org/w/api.php?action=wbsearchentities&format=json&language=en&type=item&limit=5&search=ContentCal
Contessa,01-Aug-2021,Merger/Acquisition,"""Nashville, TN""",contessa,,Wikidata,ERROR,0,ERROR,,,HTTP 429 for https://www.wikidata.org/w/api.php?action=wbsearchentities&format=json&language=en&type=item&limit=5&search=Contessa
Context (Acquired 2021),31-Dec-2021,Merger/Acquisition,"""Courbevoie, France""",context (acquired 2021),,Wikidata,ERROR,0,ERROR,,,HTTP 429 for https://www.wikidata.org/w/api.php?action=wbsearchentities&format=json&language=en&type=item&limit=5&search=Context+%28Acquired+2021%29
Context Therapeutics (NAS: CNTX),20-Oct-2021,IPO,"""Philadelphia, PA""",context therapeutics,,Wikidata,ERROR,0,ERROR,,,HTTP 429 for https://www.wikidata.org/w/api.php?action=wbsearchentities&format=json&language=en&type=item&limit=5&search=Context+Therapeutics
ContextLogic Holdings (PINX: LOGC),19-Apr-2024,Merger/Acquisition,"""San Francisco, CA""",contextlogic,,Wikidata,ERROR,0,ERROR,,,HTTP 429 for https://www.wikidata.org/w/api.php?action=wbsearchentities&format=json&language=en&type=item&limit=5&search=ContextLogic+Holdings
Contineum Therapeutics (NAS: CTNM),05-Apr-2024,IPO,"""San Diego, CA""",contineum therapeutics,,Wikidata,NONE,0,NO_MATCH,,,No Wikidata search results
Contovista,01-Jan-2022,Merger/Acquisition,"""Schlieren, Switzerland""",contovista,,Wikidata,ERROR,0,ERROR,,,HTTP 429 for https://www.wikidata.org/w/api.php?action=wbsearchentities&format=json&language=en&type=item&limit=5&search=Contovista
Contract.fit,13-Sep-2024,Merger/Acquisition,"""Brussels, Belgium""",contractfit,,Wikidata,ERROR,0,ERROR,,,HTTP 429 for https://www.wikidata.org/w/api.php?action=wbsearchentities&format=json&language=en&type=item&limit=5&search=Contract.fit
Contura International,25-Feb-2021,Merger/Acquisition,"""London, United Kingdom""",contura international,,Wikidata,ERROR,0,ERROR,,,HTTP 429 for https://www.wikidata.org/w/api.php?action=wbsearchentities&format=json&language=en&type=item&limit=5&search=Contura+International
Conversia,20-Nov-2023,Merger/Acquisition,"""Madrid, Spain""",conversia,,Wikidata,ERROR,0,ERROR,,,HTTP 429 for https://www.wikidata.org/w/api.php?action=wbsearchentities&format=json&language=en&type=item&limit=5&search=Conversia
Conversocial,23-Aug-2021,Merger/Acquisition,"""Alpharetta, GA""",conversocial,,Wikidata,ERROR,0,ERROR,,,HTTP 429 for https://www.wikidata.org/w/api.php?action=wbsearchentities&format=json&language=en&type=item&limit=5&search=Conversocial
Convey (Business/Productivity Software),21-Sep-2021,Merger/Acquisition,"""Austin, TX""",convey (business/productivity software),,Wikidata,NONE,0,NO_MATCH,,,No Wikidata search results
Convion,26-Aug-2024,Merger/Acquisition,"""Espoo, Finland""",convion,,Wikidata,ERROR,0,ERROR,,,HTTP 429 for https://www.wikidata.org/w/api.php?action=wbsearchentities&format=json&language=en&type=item&limit=5&search=Convion
Coolbet,01-Jan-2021,Merger/Acquisition,"""Tallinn, Estonia""",coolbet,,Wikidata,ERROR,0,ERROR,,,HTTP 429 for https://www.wikidata.org/w/api.php?action=wbsearchentities&format=json&language=en&type=item&limit=5&search=Coolbet
Coolwave Communication,06-Feb-2024,Merger/Acquisition,"""Dublin, Ireland""",coolwave communication,,Wikidata,ERROR,0,ERROR,,,HTTP 429 for https://www.wikidata.org/w/api.php?action=wbsearchentities&format=json&language=en&type=item&limit=5&search=Coolwave+Communication
Coorpacademy,01-Apr-2022,Merger/Acquisition,"""Paris, France""",coorpacademy,,Wikidata,ERROR,0,ERROR,,,HTTP 429 for https://www.wikidata.org/w/api.php?action=wbsearchentities&format=json&language=en&type=item&limit=5&search=Coorpacademy
Copyright Agent,07-Jul-2021,IPO,"""Copenhagen, Denmark""",copyright agent,,Wikidata,ERROR,0,ERROR,,,HTTP 429 for https://www.wikidata.org/w/api.php?action=wbsearchentities&format=json&language=en&type=item&limit=5&search=Copyright+Agent
Core Scientific (NAS: CORZ),20-Jan-2022,Reverse Merger,"""Dover, DE""",core scientific,,Wikidata,ERROR,0,ERROR,,,HTTP 429 for https://www.wikidata.org/wiki/Special:EntityData/Q138585044|Q92375598.json
Corellium,02-Dec-2025,Merger/Acquisition,"""Delray Beach, FL""",corellium,,Wikidata,ERROR,0,ERROR,,,HTTP 429 for https://www.wikidata.org/w/api.php?action=wbsearchentities&format=json&language=en&type=item&limit=5&search=Corellium
CoreWeave (NAS: CRWV),28-Mar-2025,IPO,"""Livingston, NJ""",coreweave,,Wikidata,ERROR,0,ERROR,,,HTTP 429 for https://www.wikidata.org/w/api.php?action=wbsearchentities&format=json&language=en&type=item&limit=5&search=CoreWeave
Corlieve Therapeutics,30-Jul-2021,Merger/Acquisition,"""Paris, France""",corlieve therapeutics,,Wikidata,ERROR,0,ERROR,,,HTTP 429 for https://www.wikidata.org/w/api.php?action=wbsearchentities&format=json&language=en&type=item&limit=5&search=Corlieve+Therapeutics
Corpay One,13-Jan-2021,Merger/Acquisition,"""Atlanta, GA""",corpay one,,Wikidata,ERROR,0,ERROR,,,HTTP 429 for https://www.wikidata.org/w/api.php?action=wbsearchentities&format=json&language=en&type=item&limit=5&search=Corpay+One
Corvian,03-Mar-2021,IPO,"""Winnipeg, Canada""",corvian,,Wikidata,ERROR,0,ERROR,,,HTTP 429 for https://www.wikidata.org/wiki/Special:EntityData/Q135043943.json
Corvium,10-Feb-2023,Merger/Acquisition,"""Reston, VA""",corvium,,Wikidata,ERROR,0,ERROR,,,HTTP 429 for https://www.wikidata.org/w/api.php?action=wbsearchentities&format=json&language=en&type=item&limit=5&search=Corvium
Corvus Insurance,02-Jan-2024,Merger/Acquisition,"""Boston, MA""",corvus insurance,,Wikidata,ERROR,0,ERROR,,,HTTP 429 for https://www.wikidata.org/w/api.php?action=wbsearchentities&format=json&language=en&type=item&limit=5&search=Corvus+Insurance
Costa Brazil,07-May-2021,Merger/Acquisition,"""New York, NY""",costa brazil,,Wikidata,ERROR,0,ERROR,,,HTTP 429 for https://www.wikidata.org/w/api.php?action=wbsearchentities&format=json&language=en&type=item&limit=5&search=Costa+Brazil
CoStim Pharmaceuticals,11-Jan-2024,Merger/Acquisition,"""Boston, MA""",costim pharmaceuticals,,Wikidata,ERROR,0,ERROR,,,HTTP 429 for https://www.wikidata.org/w/api.php?action=wbsearchentities&format=json&language=en&type=item&limit=5&search=CoStim+Pharmaceuticals
Cotsworks,07-Jul-2025,Merger/Acquisition,"""Cleveland, OH""",cotsworks,,Wikidata,NONE,0,NO_MATCH,,,No Wikidata search results
Coupang (NYS: CPNG),11-Mar-2021,IPO,"""Seattle, WA""",coupang,,Wikidata,ERROR,0,ERROR,,,HTTP 429 for https://www.wikidata.org/w/api.php?action=wbsearchentities&format=json&language=en&type=item&limit=5&search=Coupang
Courier Therapeutics,28-May-2021,Merger/Acquisition,"""Houston, TX""",courier therapeutics,,Wikidata,ERROR,0,ERROR,,,HTTP 429 for https://www.wikidata.org/w/api.php?action=wbsearchentities&format=json&language=en&type=item&limit=5&search=Courier+Therapeutics
Courseloop,01-Nov-2024,Merger/Acquisition,"""Fort Collins, CO""",courseloop,,Wikidata,ERROR,0,ERROR,,,HTTP 429 for https://www.wikidata.org/w/api.php?action=wbsearchentities&format=json&language=en&type=item&limit=5&search=Courseloop
Coursera (NYS: COUR),31-Mar-2021,IPO,"""Mountain View, CA""",coursera,,Wikidata,ERROR,0,ERROR,,,HTTP 429 for https://www.wikidata.org/w/api.php?action=wbsearchentities&format=json&language=en&type=item&limit=5&search=Coursera
Coveo Solutions (TSE: CVO),24-Nov-2021,IPO,"""Montreal, Canada""",coveo solutions,,Wikidata,ERROR,0,ERROR,,,HTTP 429 for https://www.wikidata.org/w/api.php?action=wbsearchentities&format=json&language=en&type=item&limit=5&search=Coveo+Solutions
Cowboy (Automotive),18-Dec-2025,Merger/Acquisition,"""Brussels, Belgium""",cowboy (automotive),,Wikidata,NONE,0,NO_MATCH,,,No Wikidata search results
Coworkees,10-Mar-2021,Merger/Acquisition,"""Annecy, France""",coworkees,,Wikidata,ERROR,0,ERROR,,,HTTP 429 for https://www.wikidata.org/w/api.php?action=wbsearchentities&format=json&language=en&type=item&limit=5&search=Coworkees
Coya,20-Jan-2022,Merger/Acquisition,"""Berlin, Germany""",coya,,Wikidata,ERROR,0,ERROR,,,HTTP 429 for https://www.wikidata.org/w/api.php?action=wbsearchentities&format=json&language=en&type=item&limit=5&search=Coya
Coya Therapeutics (NAS: COYA),29-Dec-2022,IPO,"""Houston, TX""",coya therapeutics,,Wikidata,ERROR,0,ERROR,,,HTTP 429 for https://www.wikidata.org/w/api.php?action=wbsearchentities&format=json&language=en&type=item&limit=5&search=Coya+Therapeutics
CRA Health,01-Feb-2021,Merger/Acquisition,"""Waltham, MA""",cra health,,Wikidata,ERROR,0,ERROR,,,HTTP 429 for https://www.wikidata.org/w/api.php?action=wbsearchentities&format=json&language=en&type=item&limit=5&search=CRA+Health
CreateAI Holdings (PINX: TSPH),15-Apr-2021,IPO,"""San Diego, CA""",createai,,Wikidata,NONE,0,NO_MATCH,,,No Wikidata search results
Creative Motion Control,06-Mar-2022,Merger/Acquisition,"""Woodinville, WA""",creative motion control,,Wikidata,ERROR,0,ERROR,,,HTTP 429 for https://www.wikidata.org/w/api.php?action=wbsearchentities&format=json&language=en&type=item&limit=5&search=Creative+Motion+Control
CreativeLive,01-Oct-2021,Merger/Acquisition,"""Seattle, WA""",creativelive,,Wikidata,ERROR,0,ERROR,,,HTTP 429 for https://www.wikidata.org/w/api.php?action=wbsearchentities&format=json&language=en&type=item&limit=5&search=CreativeLive
Credence ID,29-Dec-2025,Merger/Acquisition,"""Oakland, CA""",credence id,,Wikidata,ERROR,0,ERROR,,,HTTP 429 for https://www.wikidata.org/w/api.php?action=wbsearchentities&format=json&language=en&type=item&limit=5&search=Credence+ID
Credit Kudos,22-Mar-2022,Merger/Acquisition,"""London, United Kingdom""",credit kudos,,Wikidata,ERROR,0,ERROR,,,HTTP 429 for https://www.wikidata.org/w/api.php?action=wbsearchentities&format=json&language=en&type=item&limit=5&search=Credit+Kudos
CreditIQ,09-Nov-2021,Merger/Acquisition,"""New York, NY""",creditiq,,Wikidata,ERROR,0,ERROR,,,HTTP 429 for https://www.wikidata.org/w/api.php?action=wbsearchentities&format=json&language=en&type=item&limit=5&search=CreditIQ
CreditPoint Software,01-Jul-2023,Merger/Acquisition,"""Tulsa, OK""",creditpoint software,,Wikidata,NONE,0,NO_MATCH,,,No Wikidata search results
Credly,30-Jan-2022,Merger/Acquisition,"""New York, NY""",credly,,Wikidata,ERROR,0,ERROR,,,HTTP 429 for https://www.wikidata.org/w/api.php?action=wbsearchentities&format=json&language=en&type=item&limit=5&search=Credly
Credova,13-Mar-2024,Merger/Acquisition,"""Bozeman, MT""",credova,,Wikidata,ERROR,0,ERROR,,,HTTP 429 for https://www.wikidata.org/w/api.php?action=wbsearchentities&format=json&language=en&type=item&limit=5&search=Credova
Crestwynd Exploration,15-Feb-2022,Merger/Acquisition,"""Calgary, Canada""",crestwynd exploration,,Wikidata,ERROR,0,ERROR,,,HTTP 429 for https://www.wikidata.org/w/api.php?action=wbsearchentities&format=json&language=en&type=item&limit=5&search=Crestwynd+Exploration
Creturner,01-Oct-2022,Merger/Acquisition,"""Smedjebacken, Sweden""",creturner,,Wikidata,ERROR,0,ERROR,,,HTTP 429 for https://www.wikidata.org/w/api.php?action=wbsearchentities&format=json&language=en&type=item&limit=5&search=Creturner
Crocus Technology,31-Oct-2023,Merger/Acquisition,"""Milpitas, CA""",crocus technology,,Wikidata,ERROR,0,ERROR,,,HTTP 429 for https://www.wikidata.org/w/api.php?action=wbsearchentities&format=json&language=en&type=item&limit=5&search=Crocus+Technology
Crosscope,27-Feb-2023,Merger/Acquisition,"""Mountain View, CA""",crosscope,,Wikidata,NONE,0,NO_MATCH,,,No Wikidata search results
Crossinx,09-Apr-2021,Merger/Acquisition,"""Frankfurt, Germany""",crossinx,,Wikidata,ERROR,0,ERROR,,,HTTP 429 for https://www.wikidata.org/w/api.php?action=wbsearchentities&format=json&language=en&type=item&limit=5&search=Crossinx
CrowdVision,06-Apr-2021,Merger/Acquisition,"""London, United Kingdom""",crowdvision,,Wikidata,ERROR,0,ERROR,,,HTTP 429 for https://www.wikidata.org/w/api.php?action=wbsearchentities&format=json&language=en&type=item&limit=5&search=CrowdVision
Crown Bioscience,13-Nov-2025,Merger/Acquisition,"""San Diego, CA""",crown bioscience,,Wikidata,ERROR,0,ERROR,,,HTTP 429 for https://www.wikidata.org/w/api.php?action=wbsearchentities&format=json&language=en&type=item&limit=5&search=Crown+Bioscience
Crozdesk,28-Apr-2022,Merger/Acquisition,"""London, United Kingdom""",crozdesk,,Wikidata,ERROR,0,ERROR,,,HTTP 429 for https://www.wikidata.org/w/api.php?action=wbsearchentities&format=json&language=en&type=item&limit=5&search=Crozdesk
Crunchy Data,06-Jun-2025,Merger/Acquisition,"""Charleston, SC""",crunchy data,,Wikidata,ERROR,0,ERROR,,,HTTP 429 for https://www.wikidata.org/w/api.php?action=wbsearchentities&format=json&language=en&type=item&limit=5&search=Crunchy+Data
Cryo Pur,19-Apr-2022,Merger/Acquisition,"""Wissous, France""",cryo pur,,Wikidata,ERROR,0,ERROR,,,HTTP 429 for https://www.wikidata.org/w/api.php?action=wbsearchentities&format=json&language=en&type=item&limit=5&search=Cryo+Pur
Crypto Finance,15-Dec-2021,Merger/Acquisition,"""Zurich, Switzerland""",crypto finance,,Wikidata,ERROR,0,ERROR,,,HTTP 429 for https://www.wikidata.org/wiki/Special:EntityData/Q133815055|Q111690518.json
CTRG,31-Aug-2025,Merger/Acquisition,"""Bristol, United Kingdom""",ctrg,,Wikidata,ERROR,0,ERROR,,,HTTP 429 for https://www.wikidata.org/w/api.php?action=wbsearchentities&format=json&language=en&type=item&limit=5&search=CTRG
CTsystems,31-Aug-2022,Merger/Acquisition,"""Dubendorf, Switzerland""",ctsystems,,Wikidata,ERROR,0,ERROR,,,HTTP 429 for https://www.wikidata.org/w/api.php?action=wbsearchentities&format=json&language=en&type=item&limit=5&search=CTsystems
Cube (Media and Information Services (B2B)),26-Nov-2021,Merger/Acquisition,"""Stockholm, Sweden""",cube (media and information services (b2b)),,Wikidata,ERROR,0,ERROR,,,HTTP 429 for https://www.wikidata.org/w/api.php?action=wbsearchentities&format=json&language=en&type=item&limit=5&search=Cube+%28Media+and+Information+Services+%28B2B%29%29
Cube Labs (MIL: CUBE),21-Mar-2023,IPO,"""Rome, Italy""",cube labs,,Wikidata,ERROR,0,ERROR,,,HTTP 429 for https://www.wikidata.org/w/api.php?action=wbsearchentities&format=json&language=en&type=item&limit=5&search=Cube+Labs
Cubic3,04-Dec-2023,Merger/Acquisition,"""Dublin, Ireland""",cubic3,,Wikidata,ERROR,0,ERROR,,,HTTP 429 for https://www.wikidata.org/wiki/Special:EntityData/Q110317869.json
Cubicure,02-Jan-2024,Merger/Acquisition,"""Vienna, Austria""",cubicure,,Wikidata,ERROR,0,ERROR,,,HTTP 429 for https://www.wikidata.org/w/api.php?action=wbsearchentities&format=json&language=en&type=item&limit=5&search=Cubicure
Cue Health,24-Sep-2021,IPO,"""San Diego, CA""",cue health,,Wikidata,ERROR,0,ERROR,,,HTTP 429 for https://www.wikidata.org/w/api.php?action=wbsearchentities&format=json&language=en&type=item&limit=5&search=Cue+Health
Cullinan Therapeutics (NAS: CGEM),08-Jan-2021,IPO,"""Cambridge, MA""",cullinan therapeutics,,Wikidata,ERROR,0,ERROR,,,HTTP 429 for https://www.wikidata.org/w/api.php?action=wbsearchentities&format=json&language=en&type=item&limit=5&search=Cullinan+Therapeutics
Cult Beauty,04-Aug-2021,Merger/Acquisition,"""London, United Kingdom""",cult beauty,,Wikidata,ERROR,0,ERROR,,,HTTP 429 for https://www.wikidata.org/w/api.php?action=wbsearchentities&format=json&language=en&type=item&limit=5&search=Cult+Beauty
Cunningham Energy,11-Oct-2022,Merger/Acquisition,"""Charleston, WV""",cunningham energy,,Wikidata,ERROR,0,ERROR,,,HTTP 429 for https://www.wikidata.org/w/api.php?action=wbsearchentities&format=json&language=en&type=item&limit=5&search=Cunningham+Energy
Curaleaf International,07-Apr-2021,Merger/Acquisition,"""London, United Kingdom""",curaleaf international,,Wikidata,NONE,0,NO_MATCH,,,No Wikidata search results
Curated,09-Jul-2024,Merger/Acquisition,"""San Francisco, CA""",curated,,Wikidata,ERROR,0,ERROR,,,HTTP 429 for https://www.wikidata.org/w/api.php?action=wbsearchentities&format=json&language=en&type=item&limit=5&search=Curated
CureVac,18-Dec-2025,Merger/Acquisition,"""Tubingen, Germany""",curevac,,Wikidata,ERROR,0,ERROR,,,HTTP 429 for https://www.wikidata.org/w/api.php?action=wbsearchentities&format=json&language=en&type=item&limit=5&search=CureVac
Currencycloud,20-Dec-2021,Merger/Acquisition,"""London, United Kingdom""",currencycloud,,Wikidata,ERROR,0,ERROR,,,HTTP 429 for https://www.wikidata.org/w/api.php?action=wbsearchentities&format=json&language=en&type=item&limit=5&search=Currencycloud
Current Health,02-Nov-2021,Merger/Acquisition,"""Edinburgh, United Kingdom""",current health,,Wikidata,ERROR,0,ERROR,,,HTTP 429 for https://www.wikidata.org/w/api.php?action=wbsearchentities&format=json&language=en&type=item&limit=5&search=Current+Health
Curricula,19-Jul-2022,Merger/Acquisition,"""Atlanta, GA""",curricula,,Wikidata,ERROR,0,ERROR,,,HTTP 429 for https://www.wikidata.org/w/api.php?action=wbsearchentities&format=json&language=en&type=item&limit=5&search=Curricula
Curv,08-Mar-2021,Merger/Acquisition,"""New York, NY""",curv,,Wikidata,ERROR,0,ERROR,,,HTTP 429 for https://www.wikidata.org/w/api.php?action=wbsearchentities&format=json&language=en&type=item&limit=5&search=Curv
CVRx (NAS: CVRX),30-Jun-2021,IPO,"""Minneapolis, MN""",cvrx,,Wikidata,ERROR,0,ERROR,,,HTTP 429 for https://www.wikidata.org/wiki/Special:EntityData/Q50038324|Q132100572.json
Cybeats Technologies (CNQ: CYBT),18-Mar-2021,Merger/Acquisition,"""Toronto, Canada""",cybeats technologies,,Wikidata,ERROR,0,ERROR,,,HTTP 429 for https://www.wikidata.org/w/api.php?action=wbsearchentities&format=json&language=en&type=item&limit=5&search=Cybeats+Technologies
Cybersprint,23-Feb-2022,Merger/Acquisition,"""The Hague, Netherlands""",cybersprint,,Wikidata,ERROR,0,ERROR,,,HTTP 429 for https://www.wikidata.org/w/api.php?action=wbsearchentities&format=json&language=en&type=item&limit=5&search=Cybersprint
CycleZyme (SAT: CYCLE),22-Dec-2023,IPO,"""Lund, Sweden""",cyclezyme,,Wikidata,ERROR,0,ERROR,,,HTTP 429 for https://www.wikidata.org/w/api.php?action=wbsearchentities&format=json&language=en&type=item&limit=5&search=CycleZyme
Cyclica,25-May-2023,Merger/Acquisition,"""Toronto, Canada""",cyclica,,Wikidata,ERROR,0,ERROR,,,HTTP 429 for https://www.wikidata.org/w/api.php?action=wbsearchentities&format=json&language=en&type=item&limit=5&search=Cyclica
Cykel AI,25-Oct-2023,IPO,"""London, United Kingdom""",cykel ai,,Wikidata,NONE,0,NO_MATCH,,,No Wikidata search results
Cylance,03-Feb-2025,Merger/Acquisition,"""Irvine, CA""",cylance,,Wikidata,ERROR,0,ERROR,,,HTTP 429 for https://www.wikidata.org/w/api.php?action=wbsearchentities&format=json&language=en&type=item&limit=5&search=Cylance
Cynerio,29-Jul-2025,Merger/Acquisition,"""New York, NY""",cynerio,,Wikidata,ERROR,0,ERROR,,,HTTP 429 for https://www.wikidata.org/w/api.php?action=wbsearchentities&format=json&language=en&type=item&limit=5&search=Cynerio
Cyngn (NAS: CYN),20-Oct-2021,IPO,"""Mountain View, CA""",cyngn,,Wikidata,ERROR,0,ERROR,,,HTTP 429 for https://www.wikidata.org/w/api.php?action=wbsearchentities&format=json&language=en&type=item&limit=5&search=Cyngn
Cynny,01-Aug-2024,Merger/Acquisition,"""Firenze, Italy""",cynny,,Wikidata,ERROR,0,ERROR,,,HTTP 429 for https://www.wikidata.org/wiki/Special:EntityData/Q107583107|Q77173174|Q77179577|Q76857114|Q74572726.json
Cyral,17-Mar-2025,Merger/Acquisition,"""Milpitas, CA""",cyral,,Wikidata,ERROR,0,ERROR,,,HTTP 429 for https://www.wikidata.org/w/api.php?action=wbsearchentities&format=json&language=en&type=item&limit=5&search=Cyral
Cyteir Therapeutics,18-Jun-2021,IPO,"""Lexington, MA""",cyteir therapeutics,,Wikidata,ERROR,0,ERROR,,,HTTP 429 for https://www.wikidata.org/w/api.php?action=wbsearchentities&format=json&language=en&type=item&limit=5&search=Cyteir+Therapeutics
D-Line (Electrical Equipment),29-Feb-2024,Merger/Acquisition,"""North Shields, United Kingdom""",d-line (electrical equipment),,Wikidata,ERROR,0,ERROR,,,HTTP 429 for https://www.wikidata.org/w/api.php?action=wbsearchentities&format=json&language=en&type=item&limit=5&search=D-Line+%28Electrical+Equipment%29
Dadi,01-Mar-2022,Merger/Acquisition,"""New York, NY""",dadi,,Wikidata,ERROR,0,ERROR,,,HTTP 429 for https://www.wikidata.org/w/api.php?action=wbsearchentities&format=json&language=en&type=item&limit=5&search=Dadi
Daedalean,05-Jan-2026,Merger/Acquisition,"""Zurich, Switzerland""",daedalean,,Wikidata,ERROR,0,ERROR,,,HTTP 429 for https://www.wikidata.org/wiki/Special:EntityData/Q115322007|Q105241985|Q105286962|Q77504942|Q77311070.json
Dalata Hotel Group,07-Nov-2025,Merger/Acquisition,"""Dublin, Ireland""",dalata hotel,,Wikidata,ERROR,0,ERROR,,,HTTP 429 for https://www.wikidata.org/w/api.php?action=wbsearchentities&format=json&language=en&type=item&limit=5&search=Dalata+Hotel+Group
Damon Motorcycles,14-Nov-2024,Merger/Acquisition,"""Vancouver, Canada""",damon motorcycles,,Wikidata,ERROR,0,ERROR,,,HTTP 429 for https://www.wikidata.org/w/api.php?action=wbsearchentities&format=json&language=en&type=item&limit=5&search=Damon+Motorcycles
Dan.com,01-Jul-2022,Merger/Acquisition,"""Amsterdam, Netherlands""",dancom,,Wikidata,ERROR,0,ERROR,,,HTTP 429 for https://www.wikidata.org/w/api.php?action=wbsearchentities&format=json&language=en&type=item&limit=5&search=Dan.com
Dark Blue Therapeutics,06-Jan-2026,Merger/Acquisition,"""Oxford, United Kingdom""",dark blue therapeutics,,Wikidata,ERROR,0,ERROR,,,HTTP 429 for https://www.wikidata.org/w/api.php?action=wbsearchentities&format=json&language=en&type=item&limit=5&search=Dark+Blue+Therapeutics
Dark Heart Nursery,17-Jan-2024,Merger/Acquisition,"""San Leandro, CA""",dark heart nursery,,Wikidata,NONE,0,NO_MATCH,,,No Wikidata search results
Dashworks,01-May-2025,Merger/Acquisition,"""San Francisco, CA""",dashworks,,Wikidata,ERROR,0,ERROR,,,HTTP 429 for https://www.wikidata.org/w/api.php?action=wbsearchentities&format=json&language=en&type=item&limit=5&search=Dashworks
Data Legal Drive,03-Dec-2024,Merger/Acquisition,"""Paris, France""",data legal drive,,Wikidata,ERROR,0,ERROR,,,HTTP 429 for https://www.wikidata.org/w/api.php?action=wbsearchentities&format=json&language=en&type=item&limit=5&search=Data+Legal+Drive
Data Mechanics,18-Jun-2021,Merger/Acquisition,"""San Francisco, CA""",data mechanics,,Wikidata,ERROR,0,ERROR,,,HTTP 429 for https://www.wikidata.org/w/api.php?action=wbsearchentities&format=json&language=en&type=item&limit=5&search=Data+Mechanics
Datacoral,01-Jun-2021,Merger/Acquisition,"""San Francisco, CA""",datacoral,,Wikidata,ERROR,0,ERROR,,,HTTP 429 for https://www.wikidata.org/w/api.php?action=wbsearchentities&format=json&language=en&type=item&limit=5&search=Datacoral
DataFleets,17-Feb-2021,Merger/Acquisition,"""Palo Alto, CA""",datafleets,,Wikidata,ERROR,0,ERROR,,,HTTP 429 for https://www.wikidata.org/w/api.php?action=wbsearchentities&format=json&language=en&type=item&limit=5&search=DataFleets
Dataseat,30-Apr-2022,Merger/Acquisition,"""London, United Kingdom""",dataseat,,Wikidata,ERROR,0,ERROR,,,HTTP 429 for https://www.wikidata.org/w/api.php?action=wbsearchentities&format=json&language=en&type=item&limit=5&search=Dataseat
Datasmoothie,20-Jan-2024,Merger/Acquisition,"""London, United Kingdom""",datasmoothie,,Wikidata,NONE,0,NO_MATCH,,,No Wikidata search results
Datavolo,25-Nov-2024,Merger/Acquisition,"""Peoria, AZ""",datavolo,,Wikidata,ERROR,0,ERROR,,,HTTP 429 for https://www.wikidata.org/w/api.php?action=wbsearchentities&format=json&language=en&type=item&limit=5&search=Datavolo
Datorium,11-Jan-2022,Merger/Acquisition,"""Palo Alto, CA""",datorium,,Wikidata,ERROR,0,ERROR,,,HTTP 429 for https://www.wikidata.org/w/api.php?action=wbsearchentities&format=json&language=en&type=item&limit=5&search=Datorium
Datrix (MIL: DATA),03-Dec-2021,IPO,"""Milan, Italy""",datrix,,Wikidata,ERROR,0,ERROR,,,HTTP 429 for https://www.wikidata.org/w/api.php?action=wbsearchentities&format=json&language=en&type=item&limit=5&search=Datrix
Datum Solutions,01-Jul-2022,Merger/Acquisition,"""Indianapolis, IN""",datum solutions,,Wikidata,ERROR,0,ERROR,,,HTTP 429 for https://www.wikidata.org/w/api.php?action=wbsearchentities&format=json&language=en&type=item&limit=5&search=Datum+Solutions
Dave (NAS: DAVE),05-Jan-2022,Reverse Merger,"""Los Angeles, CA""",dave,,Wikidata,ERROR,0,ERROR,,,HTTP 429 for https://www.wikidata.org/w/api.php?action=wbsearchentities&format=json&language=en&type=item&limit=5&search=Dave
DAVO Technologies,20-Apr-2021,Merger/Acquisition,"""Westbrook, ME""",davo technologies,,Wikidata,NONE,0,NO_MATCH,,,No Wikidata search results
Day One Biopharmaceuticals (NAS: DAWN),27-May-2021,IPO,"""Brisbane, CA""",day one biopharmaceuticals,,Wikidata,ERROR,0,ERROR,,,HTTP 429 for https://www.wikidata.org/w/api.php?action=wbsearchentities&format=json&language=en&type=item&limit=5&search=Day+One+Biopharmaceuticals
Day Zero Diagnostics,13-Jun-2025,Merger/Acquisition,"""Watertown, MA""",day zero diagnostics,,Wikidata,ERROR,0,ERROR,,,HTTP 429 for https://www.wikidata.org/w/api.php?action=wbsearchentities&format=json&language=en&type=item&limit=5&search=Day+Zero+Diagnostics
DaytoDay,19-Jan-2022,Merger/Acquisition,"""Boston, MA""",daytoday,,Wikidata,ERROR,0,ERROR,,,HTTP 429 for https://www.wikidata.org/w/api.php?action=wbsearchentities&format=json&language=en&type=item&limit=5&search=DaytoDay
Decibel Insight,12-Mar-2021,Merger/Acquisition,"""Altrincham, United Kingdom""",decibel insight,,Wikidata,ERROR,0,ERROR,,,HTTP 429 for https://www.wikidata.org/w/api.php?action=wbsearchentities&format=json&language=en&type=item&limit=5&search=Decibel+Insight
Decibel Therapeutics,12-Feb-2021,IPO,"""Boston, MA""",decibel therapeutics,,Wikidata,ERROR,0,ERROR,,,HTTP 429 for https://www.wikidata.org/wiki/Special:EntityData/Q120196917.json
Decipher Urologic Cancers,12-Mar-2021,Merger/Acquisition,"""San Diego, CA""",decipher urologic cancers,,Wikidata,ERROR,0,ERROR,,,HTTP 429 for https://www.wikidata.org/w/api.php?action=wbsearchentities&format=json&language=en&type=item&limit=5&search=Decipher+Urologic+Cancers
Deciphera Pharmaceuticals,11-Jun-2024,Merger/Acquisition,"""Waltham, MA""",deciphera pharmaceuticals,,Wikidata,ERROR,0,ERROR,,,HTTP 429 for https://www.wikidata.org/w/api.php?action=wbsearchentities&format=json&language=en&type=item&limit=5&search=Deciphera+Pharmaceuticals
Deck (Media and Information Services B2B),30-Nov-2022,Merger/Acquisition,"""Washington, DC""",deck (media and information services b2b),,Wikidata,ERROR,0,ERROR,,,HTTP 429 for https://www.wikidata.org/w/api.php?action=wbsearchentities&format=json&language=en&type=item&limit=5&search=Deck+%28Media+and+Information+Services+B2B%29
Decoy Biosystems,03-Aug-2021,Merger/Acquisition,"""San Diego, CA""",decoy biosystems,,Wikidata,ERROR,0,ERROR,,,HTTP 429 for https://www.wikidata.org/w/api.php?action=wbsearchentities&format=json&language=en&type=item&limit=5&search=Decoy+Biosystems
Dedrone,02-Oct-2024,Merger/Acquisition,"""Sterling, VA""",dedrone,,Wikidata,ERROR,0,ERROR,,,HTTP 429 for https://www.wikidata.org/wiki/Special:EntityData/Q115519264.json
Deep 6 AI,11-Mar-2025,Merger/Acquisition,"""Pasadena, CA""",deep 6 ai,,Wikidata,ERROR,0,ERROR,,,HTTP 429 for https://www.wikidata.org/w/api.php?action=wbsearchentities&format=json&language=en&type=item&limit=5&search=Deep+6+AI
Deep Reason,19-Nov-2021,Merger/Acquisition,"""Oxford, United Kingdom""",deep reason,,Wikidata,ERROR,0,ERROR,,,HTTP 429 for https://www.wikidata.org/w/api.php?action=wbsearchentities&format=json&language=en&type=item&limit=5&search=Deep+Reason
Deep Trekker,14-Apr-2022,Merger/Acquisition,"""Kitchener, Canada""",deep trekker,,Wikidata,ERROR,0,ERROR,,,HTTP 429 for https://www.wikidata.org/w/api.php?action=wbsearchentities&format=json&language=en&type=item&limit=5&search=Deep+Trekker
DeepSea,14-Jul-2023,Merger/Acquisition,"""Athens, Greece""",deepsea,,Wikidata,ERROR,0,ERROR,,,HTTP 429 for https://www.wikidata.org/w/api.php?action=wbsearchentities&format=json&language=en&type=item&limit=5&search=DeepSea
Defence Holdings (LON: ALRT),15-Oct-2024,Merger/Acquisition,"""London, United Kingdom""",defence,,Wikidata,NONE,0,NO_MATCH,,,No Wikidata search results
Defensor Group,29-Aug-2025,Buyout/LBO,"""Stockholm, Sweden""",defensor,,Wikidata,ERROR,0,ERROR,,,HTTP 429 for https://www.wikidata.org/w/api.php?action=wbsearchentities&format=json&language=en&type=item&limit=5&search=Defensor+Group
DeFi Development (NAS: DFDV),26-Jul-2023,IPO,"""Boca Raton, FL""",defi development,,Wikidata,ERROR,0,ERROR,,,HTTP 429 for https://www.wikidata.org/w/api.php?action=wbsearchentities&format=json&language=en&type=item&limit=5&search=DeFi+Development
Delic Labs,27-May-2021,Merger/Acquisition,"""Vancouver, Canada""",delic labs,,Wikidata,ERROR,0,ERROR,,,HTTP 429 for https://www.wikidata.org/w/api.php?action=wbsearchentities&format=json&language=en&type=item&limit=5&search=Delic+Labs
Deliveroo,31-Mar-2021,IPO,"""London, United Kingdom""",deliveroo,,Wikidata,ERROR,0,ERROR,,,HTTP 429 for https://www.wikidata.org/w/api.php?action=wbsearchentities&format=json&language=en&type=item&limit=5&search=Deliveroo
Deliverr,08-Jul-2022,Merger/Acquisition,"""San Francisco, CA""",deliverr,,Wikidata,ERROR,0,ERROR,,,HTTP 429 for https://www.wikidata.org/w/api.php?action=wbsearchentities&format=json&language=en&type=item&limit=5&search=Deliverr
Della,22-Dec-2022,Merger/Acquisition,"""London, United Kingdom""",della,,Wikidata,ERROR,0,ERROR,,,HTTP 429 for https://www.wikidata.org/wiki/Special:EntityData/Q20888797|Q37220618|Q5254153|Q25713010|Q110228093.json
Delphai,03-Apr-2024,Merger/Acquisition,"""Berlin, Germany""",delphai,,Wikidata,ERROR,0,ERROR,,,HTTP 429 for https://www.wikidata.org/w/api.php?action=wbsearchentities&format=json&language=en&type=item&limit=5&search=Delphai
Delphi Genetics,25-Feb-2021,Merger/Acquisition,"""Charleroi, Belgium""",delphi genetics,,Wikidata,ERROR,0,ERROR,,,HTTP 429 for https://www.wikidata.org/w/api.php?action=wbsearchentities&format=json&language=en&type=item&limit=5&search=Delphi+Genetics
DeltaTek Global,08-Feb-2023,Merger/Acquisition,"""Aberdeen, United Kingdom""",deltatek global,,Wikidata,NONE,0,NO_MATCH,,,No Wikidata search results
Demolish Games (WAR: DGS),24-Aug-2023,IPO,"""Warsaw, Poland""",demolish games,,Wikidata,ERROR,0,ERROR,,,HTTP 429 for https://www.wikidata.org/w/api.php?action=wbsearchentities&format=json&language=en&type=item&limit=5&search=Demolish+Games
Demyst,11-Apr-2025,Merger/Acquisition,"""New York, NY""",demyst,,Wikidata,ERROR,0,ERROR,,,HTTP 429 for https://www.wikidata.org/w/api.php?action=wbsearchentities&format=json&language=en&type=item&limit=5&search=Demyst
Depop,11-Jul-2021,Merger/Acquisition,"""Bristol, United Kingdom""",depop,,Wikidata,ERROR,0,ERROR,,,HTTP 429 for https://www.wikidata.org/w/api.php?action=wbsearchentities&format=json&language=en&type=item&limit=5&search=Depop
Deporvillage,14-Oct-2022,Merger/Acquisition,"""Barcelona, Spain""",deporvillage,,Wikidata,ERROR,0,ERROR,,,HTTP 429 for https://www.wikidata.org/w/api.php?action=wbsearchentities&format=json&language=en&type=item&limit=5&search=Deporvillage
Depositphotos,01-Oct-2021,Merger/Acquisition,"""New York, NY""",depositphotos,,Wikidata,ERROR,0,ERROR,,,HTTP 429 for https://www.wikidata.org/wiki/Special:EntityData/Q15991709.json
Dermata Therapeutics (NAS: DRMA),13-Aug-2021,IPO,"""San Diego, CA""",dermata therapeutics,,Wikidata,NONE,0,NO_MATCH,,,No Wikidata search results
Dermicus,01-Feb-2025,Merger/Acquisition,"""Gothenburg, Sweden""",dermicus,,Wikidata,ERROR,0,ERROR,,,HTTP 429 for https://www.wikidata.org/w/api.php?action=wbsearchentities&format=json&language=en&type=item&limit=5&search=Dermicus
Deseret Wellness,10-Apr-2023,Merger/Acquisition,"""Provo, UT""",deseret wellness,,Wikidata,NONE,0,NO_MATCH,,,No Wikidata search results
Desert Control (OSL: DSRT),14-Apr-2021,IPO,"""Sandnes, Norway""",desert control,,Wikidata,ERROR,0,ERROR,,,HTTP 429 for https://www.wikidata.org/w/api.php?action=wbsearchentities&format=json&language=en&type=item&limit=5&search=Desert+Control
Desktop Metal,02-Apr-2025,Merger/Acquisition,"""Burlington, MA""",desktop metal,,Wikidata,ERROR,0,ERROR,,,HTTP 429 for https://www.wikidata.org/wiki/Special:EntityData/Q48800016|Q131634320.json
Devolver Digital (LON: DEVO),04-Nov-2021,IPO,"""Austin, TX""",devolver digital,,Wikidata,ERROR,0,ERROR,,,HTTP 429 for https://www.wikidata.org/wiki/Special:EntityData/Q5267669|Q115610401.json
DeVoro Medical,21-Sep-2021,Merger/Acquisition,"""Fremont, CA""",devoro medical,,Wikidata,ERROR,0,ERROR,,,HTTP 429 for https://www.wikidata.org/w/api.php?action=wbsearchentities&format=json&language=en&type=item&limit=5&search=DeVoro+Medical
DFLabs,24-May-2021,Merger/Acquisition,"""Milan, Italy""",dflabs,,Wikidata,ERROR,0,ERROR,,,HTTP 429 for https://www.wikidata.org/w/api.php?action=wbsearchentities&format=json&language=en&type=item&limit=5&search=DFLabs
DG Innovate,08-Apr-2022,Reverse Merger,"""Manchester, United Kingdom""",dg innovate,,Wikidata,ERROR,0,ERROR,,,HTTP 429 for https://www.wikidata.org/w/api.php?action=wbsearchentities&format=json&language=en&type=item&limit=5&search=DG+Innovate
Dharma Pharmaceuticals,01-Jul-2021,Merger/Acquisition,"""Abingdon, VA""",dharma pharmaceuticals,,Wikidata,NONE,0,NO_MATCH,,,No Wikidata search results
Diagenode,01-Mar-2021,Merger/Acquisition,"""Seraing, Belgium""",diagenode,,Wikidata,ERROR,0,ERROR,,,HTTP 429 for https://www.wikidata.org/w/api.php?action=wbsearchentities&format=json&language=en&type=item&limit=5&search=Diagenode
DialogTech,24-May-2021,Merger/Acquisition,"""Chicago, IL""",dialogtech,,Wikidata,ERROR,0,ERROR,,,HTTP 429 for https://www.wikidata.org/w/api.php?action=wbsearchentities&format=json&language=en&type=item&limit=5&search=DialogTech
Dialogue Health Technologies,30-Mar-2021,IPO,"""Montreal, Canada""",dialogue health technologies,,Wikidata,ERROR,0,ERROR,,,HTTP 429 for https://www.wikidata.org/w/api.php?action=wbsearchentities&format=json&language=en&type=item&limit=5&search=Dialogue+Health+Technologies
Diamond Fortress Technologies,30-Jul-2021,Merger/Acquisition,"""Birmingham, AL""",diamond fortress technologies,,Wikidata,NONE,0,NO_MATCH,,,No Wikidata search results
Diamond Whites Aligners,15-Feb-2023,Merger/Acquisition,"""London, United Kingdom""",diamond whites aligners,,Wikidata,ERROR,0,ERROR,,,HTTP 429 for https://www.wikidata.org/w/api.php?action=wbsearchentities&format=json&language=en&type=item&limit=5&search=Diamond+Whites+Aligners
Dianomi (LON: DNM),24-May-2021,IPO,"""London, United Kingdom""",dianomi,,Wikidata,ERROR,0,ERROR,,,HTTP 429 for https://www.wikidata.org/w/api.php?action=wbsearchentities&format=json&language=en&type=item&limit=5&search=Dianomi
Dianthus Therapeutics (NAS: DNTH),11-Sep-2023,Reverse Merger,"""New York, NY""",dianthus therapeutics,,Wikidata,ERROR,0,ERROR,,,HTTP 429 for https://www.wikidata.org/w/api.php?action=wbsearchentities&format=json&language=en&type=item&limit=5&search=Dianthus+Therapeutics
DiaSpect Medical,30-Dec-2023,Merger/Acquisition,"""Sailauf, Germany""",diaspect medical,,Wikidata,ERROR,0,ERROR,,,HTTP 429 for https://www.wikidata.org/w/api.php?action=wbsearchentities&format=json&language=en&type=item&limit=5&search=DiaSpect+Medical
DICE Therapeutics,15-Sep-2021,IPO,"""South San Francisco, CA""",dice therapeutics,,Wikidata,ERROR,0,ERROR,,,HTTP 429 for https://www.wikidata.org/w/api.php?action=wbsearchentities&format=json&language=en&type=item&limit=5&search=DICE+Therapeutics
Dicerna Pharmaceuticals,28-Dec-2021,Merger/Acquisition,"""Lexington, MA""",dicerna pharmaceuticals,,Wikidata,ERROR,0,ERROR,,,HTTP 429 for https://www.wikidata.org/wiki/Special:EntityData/Q30268905.json
Diem Association,31-Jan-2022,Merger/Acquisition,"""Geneva, Switzerland""",diem association,,Wikidata,ERROR,0,ERROR,,,HTTP 429 for https://www.wikidata.org/w/api.php?action=wbsearchentities&format=json&language=en&type=item&limit=5&search=Diem+Association
Dig Security,05-Dec-2023,Merger/Acquisition,"""New York, NY""",dig security,,Wikidata,ERROR,0,ERROR,,,HTTP 429 for https://www.wikidata.org/w/api.php?action=wbsearchentities&format=json&language=en&type=item&limit=5&search=Dig+Security
Digisure,31-Oct-2023,Merger/Acquisition,"""Oslo, Norway""",digisure,,Wikidata,ERROR,0,ERROR,,,HTTP 429 for https://www.wikidata.org/w/api.php?action=wbsearchentities&format=json&language=en&type=item&limit=5&search=Digisure
Digit (Financial Software),22-Dec-2021,Merger/Acquisition,"""San Francisco, CA""",digit (financial software),,Wikidata,ERROR,0,ERROR,,,HTTP 429 for https://www.wikidata.org/w/api.php?action=wbsearchentities&format=json&language=en&type=item&limit=5&search=Digit+%28Financial+Software%29
Digital Asset Custody Company,10-Feb-2024,Merger/Acquisition,NJ,digital asset custody,,Wikidata,NONE,0,NO_MATCH,,,No Wikidata search results
Digital Ignition (Georgia),22-Apr-2024,Merger/Acquisition,"""Alpharetta, GA""",digital ignition (georgia),,Wikidata,ERROR,0,ERROR,,,HTTP 429 for https://www.wikidata.org/w/api.php?action=wbsearchentities&format=json&language=en&type=item&limit=5&search=Digital+Ignition+%28Georgia%29
Digital Magics,01-Apr-2024,Merger/Acquisition,"""Milan, Italy""",digital magics,,Wikidata,ERROR,0,ERROR,,,HTTP 429 for https://www.wikidata.org/w/api.php?action=wbsearchentities&format=json&language=en&type=item&limit=5&search=Digital+Magics
Digital Motors,31-May-2022,Merger/Acquisition,"""Irvine, CA""",digital motors,,Wikidata,ERROR,0,ERROR,,,HTTP 429 for https://www.wikidata.org/w/api.php?action=wbsearchentities&format=json&language=en&type=item&limit=5&search=Digital+Motors
Digital Workforce Services (HEL: DWF),03-Dec-2021,IPO,"""Helsinki, Finland""",digital workforce services,,Wikidata,ERROR,0,ERROR,,,HTTP 429 for https://www.wikidata.org/w/api.php?action=wbsearchentities&format=json&language=en&type=item&limit=5&search=Digital+Workforce+Services
Digitalcrafts,02-Aug-2021,Merger/Acquisition,"""Atlanta, GA""",digitalcrafts,,Wikidata,ERROR,0,ERROR,,,HTTP 429 for https://www.wikidata.org/w/api.php?action=wbsearchentities&format=json&language=en&type=item&limit=5&search=Digitalcrafts
DigitalOcean (NYS: DOCN),24-Mar-2021,IPO,"""New York, NY""",digitalocean,,Wikidata,ERROR,0,ERROR,,,HTTP 429 for https://www.wikidata.org/wiki/Special:EntityData/Q17052116|Q114603573|Q125289544.json
DigitalOnUS,19-Apr-2021,Merger/Acquisition,"""San Jose, CA""",digitalonus,,Wikidata,ERROR,0,ERROR,,,HTTP 429 for https://www.wikidata.org/w/api.php?action=wbsearchentities&format=json&language=en&type=item&limit=5&search=DigitalOnUS
Diligent Robotics,27-Jan-2026,Merger/Acquisition,"""Austin, TX""",diligent robotics,,Wikidata,ERROR,0,ERROR,,,HTTP 429 for https://www.wikidata.org/w/api.php?action=wbsearchentities&format=json&language=en&type=item&limit=5&search=Diligent+Robotics
Direct Credit,23-Sep-2021,Merger/Acquisition,"""Moscow, Russia""",direct credit,,Wikidata,ERROR,0,ERROR,,,HTTP 429 for https://www.wikidata.org/w/api.php?action=wbsearchentities&format=json&language=en&type=item&limit=5&search=Direct+Credit
Direktiv,17-Mar-2025,Merger/Acquisition,"""San Francisco, CA""",direktiv,,Wikidata,ERROR,0,ERROR,,,HTTP 429 for https://www.wikidata.org/w/api.php?action=wbsearchentities&format=json&language=en&type=item&limit=5&search=Direktiv
Disc Medicine (NAS: IRON),30-Dec-2022,Reverse Merger,"""Watertown, MA""",disc medicine,,Wikidata,NONE,0,NO_MATCH,,,No Wikidata search results
DISCO (Austin) (NYS: LAW),21-Jul-2021,IPO,"""Austin, TX""",disco (austin),,Wikidata,ERROR,0,ERROR,,,HTTP 429 for https://www.wikidata.org/w/api.php?action=wbsearchentities&format=json&language=en&type=item&limit=5&search=DISCO+%28Austin%29
Disior,10-Jan-2022,Merger/Acquisition,"""Helsinki, Finland""",disior,,Wikidata,ERROR,0,ERROR,,,HTTP 429 for https://www.wikidata.org/w/api.php?action=wbsearchentities&format=json&language=en&type=item&limit=5&search=Disior
Divvy Homes,10-Jan-2025,Merger/Acquisition,"""San Francisco, CA""",divvy homes,,Wikidata,ERROR,0,ERROR,,,HTTP 429 for https://www.wikidata.org/w/api.php?action=wbsearchentities&format=json&language=en&type=item&limit=5&search=Divvy+Homes
DJS Antibodies,19-Oct-2022,Merger/Acquisition,"""Bicester, United Kingdom""",djs antibodies,,Wikidata,ERROR,0,ERROR,,,HTTP 429 for https://www.wikidata.org/w/api.php?action=wbsearchentities&format=json&language=en&type=item&limit=5&search=DJS+Antibodies
Dlaboratory Sweden (STO: DLAB),21-Apr-2021,IPO,"""Lund, Sweden""",dlaboratory sweden,,Wikidata,ERROR,0,ERROR,,,HTTP 429 for https://www.wikidata.org/w/api.php?action=wbsearchentities&format=json&language=en&type=item&limit=5&search=Dlaboratory+Sweden
DocFox,20-Mar-2024,Merger/Acquisition,"""Miami, FL""",docfox,,Wikidata,NONE,0,NO_MATCH,,,No Wikidata search results
DocGo (NAS: DCGO),05-Nov-2021,Reverse Merger,"""New York, NY""",docgo,,Wikidata,ERROR,0,ERROR,,,HTTP 429 for https://www.wikidata.org/w/api.php?action=wbsearchentities&format=json&language=en&type=item&limit=5&search=DocGo
DocSend,22-Mar-2021,Merger/Acquisition,"""San Francisco, CA""",docsend,,Wikidata,ERROR,0,ERROR,,,HTTP 429 for https://www.wikidata.org/w/api.php?action=wbsearchentities&format=json&language=en&type=item&limit=5&search=DocSend
Donde (Media and Information Services),20-Jul-2021,Merger/Acquisition,"""New York, NY""",donde (media and information services),,Wikidata,ERROR,0,ERROR,,,HTTP 429 for https://www.wikidata.org/w/api.php?action=wbsearchentities&format=json&language=en&type=item&limit=5&search=Donde+%28Media+and+Information+Services%29
DonkeyRepublic Admin (CSE: DONKEY),25-May-2021,IPO,"""Copenhagen, Denmark""",donkeyrepublic admin,,Wikidata,ERROR,0,ERROR,,,HTTP 429 for https://www.wikidata.org/w/api.php?action=wbsearchentities&format=json&language=en&type=item&limit=5&search=DonkeyRepublic+Admin
Door2Door,24-Mar-2022,Merger/Acquisition,"""Berlin, Germany""",door2door,,Wikidata,ERROR,0,ERROR,,,HTTP 429 for https://www.wikidata.org/w/api.php?action=wbsearchentities&format=json&language=en&type=item&limit=5&search=Door2Door
Dosh,10-Mar-2021,Merger/Acquisition,"""Bee Cave, TX""",dosh,,Wikidata,ERROR,0,ERROR,,,HTTP 429 for https://www.wikidata.org/wiki/Special:EntityData/Q37032526|Q921088|Q1204426|Q1250980|Q324637.json
Dot Ai (NAS: DAIC),20-Jun-2025,Reverse Merger,"""Las Vegas, NV""",dot ai,,Wikidata,ERROR,0,ERROR,,,HTTP 429 for https://www.wikidata.org/w/api.php?action=wbsearchentities&format=json&language=en&type=item&limit=5&search=Dot+Ai
DotEmu,30-Sep-2021,Merger/Acquisition,"""Paris, France""",dotemu,,Wikidata,ERROR,0,ERROR,,,HTTP 429 for https://www.wikidata.org/w/api.php?action=wbsearchentities&format=json&language=en&type=item&limit=5&search=DotEmu
Dotstay (MIL: DOT),29-Dec-2022,IPO,"""Milan, Italy""",dotstay,,Wikidata,ERROR,0,ERROR,,,HTTP 429 for https://www.wikidata.org/w/api.php?action=wbsearchentities&format=json&language=en&type=item&limit=5&search=Dotstay
Doximity (NYS: DOCS),24-Jun-2021,IPO,"""San Francisco, CA""",doximity,,Wikidata,ERROR,0,ERROR,,,HTTP 429 for https://www.wikidata.org/w/api.php?action=wbsearchentities&format=json&language=en&type=item&limit=5&search=Doximity
DrChrono,18-Nov-2021,Merger/Acquisition,"""Orlando, FL""",drchrono,,Wikidata,ERROR,0,ERROR,,,HTTP 429 for https://www.wikidata.org/wiki/Special:EntityData/Q5306192.json
Dreamix,26-Mar-2024,Merger/Acquisition,"""Sofia, Bulgaria""",dreamix,,Wikidata,ERROR,0,ERROR,,,HTTP 429 for https://www.wikidata.org/w/api.php?action=wbsearchentities&format=json&language=en&type=item&limit=5&search=Dreamix
DripKit,25-Feb-2022,Merger/Acquisition,"""New York, NY""",dripkit,,Wikidata,ERROR,0,ERROR,,,HTTP 429 for https://www.wikidata.org/w/api.php?action=wbsearchentities&format=json&language=en&type=item&limit=5&search=DripKit
DriveWorks,15-Oct-2024,Merger/Acquisition,"""Thelwall, United Kingdom""",driveworks,,Wikidata,ERROR,0,ERROR,,,HTTP 429 for https://www.wikidata.org/w/api.php?action=wbsearchentities&format=json&language=en&type=item&limit=5&search=DriveWorks
Drizly,02-Feb-2021,Merger/Acquisition,"""Boston, MA""",drizly,,Wikidata,ERROR,0,ERROR,,,HTTP 429 for https://www.wikidata.org/w/api.php?action=wbsearchentities&format=json&language=en&type=item&limit=5&search=Drizly
Drone Racing League,19-Apr-2024,Merger/Acquisition,"""New York, NY""",drone racing league,,Wikidata,ERROR,0,ERROR,,,HTTP 429 for https://www.wikidata.org/wiki/Special:EntityData/Q48835558.json
"""Drop (Computers, Parts and Peripherals)""",14-Jul-2023,Merger/Acquisition,"""Milpitas, CA""",drop (computers parts and peripherals),,Wikidata,ERROR,0,ERROR,,,HTTP 429 for https://www.wikidata.org/w/api.php?action=wbsearchentities&format=json&language=en&type=item&limit=5&search=%22Drop+%28Computers%2C+Parts+and+Peripherals%29%22
Dropworks (Boulder),15-Oct-2021,Merger/Acquisition,"""Boulder, CO""",dropworks (boulder),,Wikidata,ERROR,0,ERROR,,,HTTP 429 for https://www.wikidata.org/w/api.php?action=wbsearchentities&format=json&language=en&type=item&limit=5&search=Dropworks+%28Boulder%29
DTx Pharma,14-Jul-2023,Merger/Acquisition,"""San Diego, CA""",dtx pharma,,Wikidata,ERROR,0,ERROR,,,HTTP 429 for https://www.wikidata.org/w/api.php?action=wbsearchentities&format=json&language=en&type=item&limit=5&search=DTx+Pharma
Ducentis,28-Dec-2022,Merger/Acquisition,"""Oxford, United Kingdom""",ducentis,,Wikidata,ERROR,0,ERROR,,,HTTP 429 for https://www.wikidata.org/w/api.php?action=wbsearchentities&format=json&language=en&type=item&limit=5&search=Ducentis
Duolingo (NAS: DUOL),28-Jul-2021,IPO,"""Pittsburgh, PA""",duolingo,,Wikidata,ERROR,0,ERROR,,,HTTP 429 for https://www.wikidata.org/wiki/Special:EntityData/Q2918660|Q47004745|Q76167254|Q76105524|Q76103467.json
DUPR,24-Jan-2024,Buyout/LBO,"""Delray Beach, FL""",dupr,,Wikidata,ERROR,0,ERROR,,,HTTP 429 for https://www.wikidata.org/w/api.php?action=wbsearchentities&format=json&language=en&type=item&limit=5&search=DUPR
DX,19-Nov-2025,Merger/Acquisition,"""San Francisco, CA""",dx,,Wikidata,ERROR,0,ERROR,,,HTTP 429 for https://www.wikidata.org/w/api.php?action=wbsearchentities&format=json&language=en&type=item&limit=5&search=DX
Dynamic (Financial Services),23-Oct-2025,Merger/Acquisition,"""Miami, FL""",dynamic (financial services),,Wikidata,ERROR,0,ERROR,,,HTTP 429 for https://www.wikidata.org/w/api.php?action=wbsearchentities&format=json&language=en&type=item&limit=5&search=Dynamic+%28Financial+Services%29
Dynamic Biosensors,02-Oct-2024,Merger/Acquisition,"""Munich, Germany""",dynamic biosensors,,Wikidata,ERROR,0,ERROR,,,HTTP 429 for https://www.wikidata.org/w/api.php?action=wbsearchentities&format=json&language=en&type=item&limit=5&search=Dynamic+Biosensors
Dynamic Yield,01-Apr-2022,Merger/Acquisition,"""New York, NY""",dynamic yield,,Wikidata,ERROR,0,ERROR,,,HTTP 429 for https://www.wikidata.org/w/api.php?action=wbsearchentities&format=json&language=en&type=item&limit=5&search=Dynamic+Yield
DynamicAction,28-Apr-2021,Merger/Acquisition,"""Redwood City, CA""",dynamicaction,,Wikidata,NONE,0,NO_MATCH,,,No Wikidata search results
E-bot7,15-Jul-2021,Merger/Acquisition,"""Munich, Germany""",e-bot7,,Wikidata,ERROR,0,ERROR,,,HTTP 429 for https://www.wikidata.org/w/api.php?action=wbsearchentities&format=json&language=en&type=item&limit=5&search=E-bot7
e-Novia (MIL: E9IA),12-Dec-2022,IPO,"""Milan, Italy""",e-novia,,Wikidata,ERROR,0,ERROR,,,HTTP 429 for https://www.wikidata.org/w/api.php?action=wbsearchentities&format=json&language=en&type=item&limit=5&search=e-Novia
E.C.D. Automotive Design (PINX: ECDA),12-Dec-2023,Reverse Merger,"""Kissimmee, FL""",ecd automotive design,,Wikidata,ERROR,0,ERROR,,,HTTP 429 for https://www.wikidata.org/w/api.php?action=wbsearchentities&format=json&language=en&type=item&limit=5&search=E.C.D.+Automotive+Design
eAgile,03-Apr-2023,Merger/Acquisition,"""Grand Rapids, MI""",eagile,,Wikidata,ERROR,0,ERROR,,,HTTP 429 for https://www.wikidata.org/w/api.php?action=wbsearchentities&format=json&language=en&type=item&limit=5&search=eAgile
Earth Science Analytics,28-Jul-2025,Merger/Acquisition,"""Stavanger, Norway""",earth science analytics,,Wikidata,NONE,0,NO_MATCH,,,No Wikidata search results
Earthly Labs,14-Dec-2021,Merger/Acquisition,"""Austin, TX""",earthly labs,,Wikidata,ERROR,0,ERROR,,,HTTP 429 for https://www.wikidata.org/w/api.php?action=wbsearchentities&format=json&language=en&type=item&limit=5&search=Earthly+Labs
Eat & Co,31-Dec-2022,Merger/Acquisition,"""London, United Kingdom""",eat and,,Wikidata,ERROR,0,ERROR,,,HTTP 429 for https://www.wikidata.org/w/api.php?action=wbsearchentities&format=json&language=en&type=item&limit=5&search=Eat+%26+Co
EB Charging,22-Apr-2022,Merger/Acquisition,"""St Albans, United Kingdom""",eb charging,,Wikidata,ERROR,0,ERROR,,,HTTP 429 for https://www.wikidata.org/w/api.php?action=wbsearchentities&format=json&language=en&type=item&limit=5&search=EB+Charging
EBCO (Automotive),01-Apr-2022,Merger/Acquisition,"""Warwick, United Kingdom""",ebco (automotive),,Wikidata,ERROR,0,ERROR,,,HTTP 429 for https://www.wikidata.org/w/api.php?action=wbsearchentities&format=json&language=en&type=item&limit=5&search=EBCO+%28Automotive%29
EBET (PINX: EBET),15-Apr-2021,IPO,"""Las Vegas, NV""",ebet,,Wikidata,ERROR,0,ERROR,,,HTTP 429 for https://www.wikidata.org/w/api.php?action=wbsearchentities&format=json&language=en&type=item&limit=5&search=EBET
EBR Systems (ASX: EBR),01-Oct-2021,IPO,"""Sunnyvale, CA""",ebr systems,,Wikidata,ERROR,0,ERROR,,,HTTP 429 for https://www.wikidata.org/wiki/Special:EntityData/Q104480384|Q131665138.json
Echo (Devices and Supplies),26-Jun-2021,Merger/Acquisition,"""San Diego, CA""",echo (devices and supplies),,Wikidata,ERROR,0,ERROR,,,HTTP 429 for https://www.wikidata.org/w/api.php?action=wbsearchentities&format=json&language=en&type=item&limit=5&search=Echo+%28Devices+and+Supplies%29
Echo Ridge (Commercial Services),30-Jul-2021,Merger/Acquisition,"""Sterling, VA""",echo ridge (commercial services),,Wikidata,ERROR,0,ERROR,,,HTTP 429 for https://www.wikidata.org/w/api.php?action=wbsearchentities&format=json&language=en&type=item&limit=5&search=Echo+Ridge+%28Commercial+Services%29
Eclettica,06-Jan-2021,Merger/Acquisition,"""Fisciano, Italy""",eclettica,,Wikidata,ERROR,0,ERROR,,,HTTP 429 for https://www.wikidata.org/w/api.php?action=wbsearchentities&format=json&language=en&type=item&limit=5&search=Eclettica
Eco Driver,17-Oct-2023,Merger/Acquisition,"""London, United Kingdom""",eco driver,,Wikidata,ERROR,0,ERROR,,,HTTP 429 for https://www.wikidata.org/w/api.php?action=wbsearchentities&format=json&language=en&type=item&limit=5&search=Eco+Driver
Eco-Adapt,02-Mar-2023,Merger/Acquisition,"""Paris, France""",eco-adapt,,Wikidata,NONE,0,NO_MATCH,,,No Wikidata search results
ecobee,01-Dec-2021,Merger/Acquisition,"""Toronto, Canada""",ecobee,,Wikidata,ERROR,0,ERROR,,,HTTP 429 for https://www.wikidata.org/w/api.php?action=wbsearchentities&format=json&language=en&type=item&limit=5&search=ecobee
Ecochlor,13-Nov-2024,Merger/Acquisition,"""North Haven, CT""",ecochlor,,Wikidata,ERROR,0,ERROR,,,HTTP 429 for https://www.wikidata.org/w/api.php?action=wbsearchentities&format=json&language=en&type=item&limit=5&search=Ecochlor
eCollect,11-Sep-2023,Merger/Acquisition,"""Zug, Switzerland""",ecollect,,Wikidata,ERROR,0,ERROR,,,HTTP 429 for https://www.wikidata.org/w/api.php?action=wbsearchentities&format=json&language=en&type=item&limit=5&search=eCollect
ecosio,30-Aug-2024,Merger/Acquisition,"""Vienna, Austria""",ecosio,,Wikidata,ERROR,0,ERROR,,,HTTP 429 for https://www.wikidata.org/w/api.php?action=wbsearchentities&format=json&language=en&type=item&limit=5&search=ecosio
Ectin Research,18-Aug-2021,IPO,"""Molndal, Sweden""",ectin research,,Wikidata,ERROR,0,ERROR,,,HTTP 429 for https://www.wikidata.org/w/api.php?action=wbsearchentities&format=json&language=en&type=item&limit=5&search=Ectin+Research
EdgeCast Networks,15-Jun-2022,Merger/Acquisition,"""Santa Monica, CA""",edgecast networks,,Wikidata,ERROR,0,ERROR,,,HTTP 429 for https://www.wikidata.org/w/api.php?action=wbsearchentities&format=json&language=en&type=item&limit=5&search=EdgeCast+Networks
Edgewise Therapeutics (NAS: EWTX),26-Mar-2021,IPO,"""Boulder, CO""",edgewise therapeutics,,Wikidata,ERROR,0,ERROR,,,HTTP 429 for https://www.wikidata.org/wiki/Special:EntityData/Q119857228.json
Edible Garden (NAS: EDBL),05-May-2022,IPO,"""Belvidere, NJ""",edible garden,,Wikidata,ERROR,0,ERROR,,,HTTP 429 for https://www.wikidata.org/w/api.php?action=wbsearchentities&format=json&language=en&type=item&limit=5&search=Edible+Garden
Edzcom,29-Feb-2024,Merger/Acquisition,"""Espoo, Finland""",edzcom,,Wikidata,ERROR,0,ERROR,,,HTTP 429 for https://www.wikidata.org/w/api.php?action=wbsearchentities&format=json&language=en&type=item&limit=5&search=Edzcom
eEducation Albert (STO: ALBERT),01-Oct-2021,IPO,"""Gothenburg, Sweden""",eeducation albert,,Wikidata,ERROR,0,ERROR,,,HTTP 429 for https://www.wikidata.org/w/api.php?action=wbsearchentities&format=json&language=en&type=item&limit=5&search=eEducation+Albert
Effectiv,24-Oct-2024,Merger/Acquisition,"""San Francisco, CA""",effectiv,,Wikidata,ERROR,0,ERROR,,,HTTP 429 for https://www.wikidata.org/w/api.php?action=wbsearchentities&format=json&language=en&type=item&limit=5&search=Effectiv
Effector Therapeutics (PINX: EFTR),25-Aug-2021,Reverse Merger,"""Solana Beach, CA""",effector therapeutics,,Wikidata,NONE,0,NO_MATCH,,,No Wikidata search results
Effortless IVF,09-Sep-2021,Merger/Acquisition,"""Fort Worth, TX""",effortless ivf,,Wikidata,ERROR,0,ERROR,,,HTTP 429 for https://www.wikidata.org/w/api.php?action=wbsearchentities&format=json&language=en&type=item&limit=5&search=Effortless+IVF
EGEIRO Pharma,17-Jun-2021,IPO,"""Jumet, Belgium""",egeiro pharma,,Wikidata,ERROR,0,ERROR,,,HTTP 429 for https://www.wikidata.org/w/api.php?action=wbsearchentities&format=json&language=en&type=item&limit=5&search=EGEIRO+Pharma
EGO Movement,17-Sep-2021,Merger/Acquisition,"""Zurich, Switzerland""",ego movement,,Wikidata,ERROR,0,ERROR,,,HTTP 429 for https://www.wikidata.org/w/api.php?action=wbsearchentities&format=json&language=en&type=item&limit=5&search=EGO+Movement
Egreement,24-Sep-2021,Merger/Acquisition,"""Stockholm, Sweden""",egreement,,Wikidata,NONE,0,NO_MATCH,,,No Wikidata search results
Eidos Therapeutics,26-Jan-2021,Merger/Acquisition,"""San Francisco, CA""",eidos therapeutics,,Wikidata,ERROR,0,ERROR,,,HTTP 429 for https://www.wikidata.org/w/api.php?action=wbsearchentities&format=json&language=en&type=item&limit=5&search=Eidos+Therapeutics
Eikon Therapeutics (NAS: EIKN),05-Feb-2026,IPO,"""Millbrae, CA""",eikon therapeutics,,Wikidata,ERROR,0,ERROR,,,HTTP 429 for https://www.wikidata.org/w/api.php?action=wbsearchentities&format=json&language=en&type=item&limit=5&search=Eikon+Therapeutics
Elastic.io,08-Sep-2021,Merger/Acquisition,"""Solingen, Germany""",elasticio,,Wikidata,ERROR,0,ERROR,,,HTTP 429 for https://www.wikidata.org/w/api.php?action=wbsearchentities&format=json&language=en&type=item&limit=5&search=Elastic.io
ElectraMeccanica Vehicles,26-Mar-2024,Merger/Acquisition,"""Mesa, AZ""",electrameccanica vehicles,,Wikidata,ERROR,0,ERROR,,,HTTP 429 for https://www.wikidata.org/w/api.php?action=wbsearchentities&format=json&language=en&type=item&limit=5&search=ElectraMeccanica+Vehicles
Electric Last Mile Solutions,25-Jun-2021,Reverse Merger,"""Troy, MI""",electric last mile solutions,,Wikidata,ERROR,0,ERROR,,,HTTP 429 for https://www.wikidata.org/w/api.php?action=wbsearchentities&format=json&language=en&type=item&limit=5&search=Electric+Last+Mile+Solutions
Electriq Power (PINX: ELIQQ),31-Jul-2023,Reverse Merger,"""San Leandro, CA""",electriq power,,Wikidata,NONE,0,NO_MATCH,,,No Wikidata search results
Elektrofi,18-Nov-2025,Merger/Acquisition,"""Boston, MA""",elektrofi,,Wikidata,ERROR,0,ERROR,,,HTTP 429 for https://www.wikidata.org/w/api.php?action=wbsearchentities&format=json&language=en&type=item&limit=5&search=Elektrofi
Element AI,08-Jan-2021,Merger/Acquisition,"""Montreal, Canada""",element ai,,Wikidata,ERROR,0,ERROR,,,HTTP 429 for https://www.wikidata.org/w/api.php?action=wbsearchentities&format=json&language=en&type=item&limit=5&search=Element+AI
Element451,27-Nov-2024,Merger/Acquisition,"""Raleigh, NC""",element451,,Wikidata,ERROR,0,ERROR,,,HTTP 429 for https://www.wikidata.org/w/api.php?action=wbsearchentities&format=json&language=en&type=item&limit=5&search=Element451
Eleos Technologies,01-Feb-2021,Merger/Acquisition,"""Greenville, SC""",eleos technologies,,Wikidata,ERROR,0,ERROR,,,HTTP 429 for https://www.wikidata.org/w/api.php?action=wbsearchentities&format=json&language=en&type=item&limit=5&search=Eleos+Technologies
Eleusis,20-Oct-2022,Merger/Acquisition,"""London, United Kingdom""",eleusis,,Wikidata,ERROR,0,ERROR,,,HTTP 429 for https://www.wikidata.org/w/api.php?action=wbsearchentities&format=json&language=en&type=item&limit=5&search=Eleusis
Elevation Oncology,25-Jun-2021,IPO,"""Boston, MA""",elevation oncology,,Wikidata,NONE,0,NO_MATCH,,,No Wikidata search results
Elicio Therapeutics (NAS: ELTX),01-Jun-2023,Reverse Merger,"""Boston, MA""",elicio therapeutics,,Wikidata,ERROR,0,ERROR,,,HTTP 429 for https://www.wikidata.org/w/api.php?action=wbsearchentities&format=json&language=en&type=item&limit=5&search=Elicio+Therapeutics
Eligo,28-Dec-2022,IPO,"""Milan, Italy""",eligo,,Wikidata,ERROR,0,ERROR,,,HTTP 429 for https://www.wikidata.org/w/api.php?action=wbsearchentities&format=json&language=en&type=item&limit=5&search=Eligo
ELIOS Vision,10-Dec-2024,Merger/Acquisition,"""Los Angeles, CA""",elios vision,,Wikidata,ERROR,0,ERROR,,,HTTP 429 for https://www.wikidata.org/w/api.php?action=wbsearchentities&format=json&language=en&type=item&limit=5&search=ELIOS+Vision
elvah,28-Jun-2023,Merger/Acquisition,"""Essen, Germany""",elvah,,Wikidata,ERROR,0,ERROR,,,HTTP 429 for https://www.wikidata.org/w/api.php?action=wbsearchentities&format=json&language=en&type=item&limit=5&search=elvah
EMB Mission Bound (STO: EMB),23-Jun-2021,IPO,"""Stockholm, Sweden""",emb mission bound,,Wikidata,NONE,0,NO_MATCH,,,No Wikidata search results
Embark Biotech,30-Aug-2023,Merger/Acquisition,"""Copenhagen, Denmark""",embark biotech,,Wikidata,NONE,0,NO_MATCH,,,No Wikidata search results
Embark Health,28-Jan-2022,Merger/Acquisition,"""Toronto, Canada""",embark health,,Wikidata,NONE,0,NO_MATCH,,,No Wikidata search results
Embee Mobile,01-Nov-2021,Merger/Acquisition,"""San Francisco, CA""",embee mobile,,Wikidata,ERROR,0,ERROR,,,HTTP 429 for https://www.wikidata.org/w/api.php?action=wbsearchentities&format=json&language=en&type=item&limit=5&search=Embee+Mobile
Embody (Therapeutic Devices),01-Feb-2023,Merger/Acquisition,"""Norfolk, VA""",embody (therapeutic devices),,Wikidata,NONE,0,NO_MATCH,,,No Wikidata search results
emotion3D,10-Aug-2025,Merger/Acquisition,"""Vienna, Austria""",emotion3d,,Wikidata,ERROR,0,ERROR,,,HTTP 429 for https://www.wikidata.org/w/api.php?action=wbsearchentities&format=json&language=en&type=item&limit=5&search=emotion3D
Empery Digital (NAS: EMPD),06-Oct-2021,IPO,"""Austin, TX""",empery digital,,Wikidata,ERROR,0,ERROR,,,HTTP 429 for https://www.wikidata.org/w/api.php?action=wbsearchentities&format=json&language=en&type=item&limit=5&search=Empery+Digital
Empire Games (Entertainment Software),14-Aug-2024,Merger/Acquisition,"""London, United Kingdom""",empire games (entertainment software),,Wikidata,ERROR,0,ERROR,,,HTTP 429 for https://www.wikidata.org/w/api.php?action=wbsearchentities&format=json&language=en&type=item&limit=5&search=Empire+Games+%28Entertainment+Software%29
Emplify,27-Apr-2021,Merger/Acquisition,"""Fishers, IN""",emplify,,Wikidata,ERROR,0,ERROR,,,HTTP 429 for https://www.wikidata.org/wiki/Special:EntityData/Q30672390|Q136088682.json
Encore Technologies (Holding Companies) (CNQ: ENCR),28-Nov-2025,IPO,"""Vancouver, Canada""",encore technologies ( companies),,Wikidata,ERROR,0,ERROR,,,HTTP 429 for https://www.wikidata.org/w/api.php?action=wbsearchentities&format=json&language=en&type=item&limit=5&search=Encore+Technologies+%28Holding+Companies%29
Encuentra24.com,31-Dec-2021,Buyout/LBO,"""Bern, Switzerland""",encuentra24com,,Wikidata,NONE,0,NO_MATCH,,,No Wikidata search results
EndoGastric Solutions,01-Jul-2024,Merger/Acquisition,"""Redmond, WA""",endogastric solutions,,Wikidata,ERROR,0,ERROR,,,HTTP 429 for https://www.wikidata.org/w/api.php?action=wbsearchentities&format=json&language=en&type=item&limit=5&search=EndoGastric+Solutions
Endomag,25-Jul-2024,Merger/Acquisition,"""Cambridge, United Kingdom""",endomag,,Wikidata,ERROR,0,ERROR,,,HTTP 429 for https://www.wikidata.org/w/api.php?action=wbsearchentities&format=json&language=en&type=item&limit=5&search=Endomag
Endotronix,19-Aug-2024,Merger/Acquisition,"""Naperville, IL""",endotronix,,Wikidata,ERROR,0,ERROR,,,HTTP 429 for https://www.wikidata.org/w/api.php?action=wbsearchentities&format=json&language=en&type=item&limit=5&search=Endotronix
Endurance Motive (MAD: END),08-Jul-2021,IPO,"""Valencia, Spain""",endurance motive,,Wikidata,ERROR,0,ERROR,,,HTTP 429 for https://www.wikidata.org/w/api.php?action=wbsearchentities&format=json&language=en&type=item&limit=5&search=Endurance+Motive
Energenius,11-Oct-2022,Merger/Acquisition,"""Rovereto, Italy""",energenius,,Wikidata,NONE,0,NO_MATCH,,,No Wikidata search results
Energy Solar Tech (MAD: ETC),09-Jan-2023,IPO,"""Madrid, Spain""",energy solar tech,,Wikidata,ERROR,0,ERROR,,,HTTP 429 for https://www.wikidata.org/w/api.php?action=wbsearchentities&format=json&language=en&type=item&limit=5&search=Energy+Solar+Tech
Energy Vault Holdings (NYS: NRGV),14-Feb-2022,Reverse Merger,"""Westlake Village, CA""",energy vault,,Wikidata,ERROR,0,ERROR,,,HTTP 429 for https://www.wikidata.org/w/api.php?action=wbsearchentities&format=json&language=en&type=item&limit=5&search=Energy+Vault+Holdings
EnergyVision (BRU: ENRGY),09-Jul-2025,IPO,"""Ghent, Belgium""",energyvision,,Wikidata,ERROR,0,ERROR,,,HTTP 429 for https://www.wikidata.org/w/api.php?action=wbsearchentities&format=json&language=en&type=item&limit=5&search=EnergyVision
Enfoil,23-Apr-2025,Merger/Acquisition,"""Genk, Belgium""",enfoil,,Wikidata,ERROR,0,ERROR,,,HTTP 429 for https://www.wikidata.org/w/api.php?action=wbsearchentities&format=json&language=en&type=item&limit=5&search=Enfoil
Engine,17-Feb-2022,Merger/Acquisition,"""New York, NY""",engine,,Wikidata,ERROR,0,ERROR,,,HTTP 429 for https://www.wikidata.org/w/api.php?action=wbsearchentities&format=json&language=en&type=item&limit=5&search=Engine
Enlighten Technologies,14-Jan-2022,Merger/Acquisition,"""Bowling Green, KY""",enlighten technologies,,Wikidata,NONE,0,NO_MATCH,,,No Wikidata search results
Enlitic (ASX: ENL),19-Dec-2023,IPO,"""Fort Collins, CO""",enlitic,,Wikidata,ERROR,0,ERROR,,,HTTP 429 for https://www.wikidata.org/w/api.php?action=wbsearchentities&format=json&language=en&type=item&limit=5&search=Enlitic
Enliven Therapeutics (NAS: ELVN),23-Feb-2023,Reverse Merger,"""Boulder, CO""",enliven therapeutics,,Wikidata,ERROR,0,ERROR,,,HTTP 429 for https://www.wikidata.org/w/api.php?action=wbsearchentities&format=json&language=en&type=item&limit=5&search=Enliven+Therapeutics
Enodo,25-Jun-2021,Merger/Acquisition,"""Chicago, IL""",enodo,,Wikidata,ERROR,0,ERROR,,,HTTP 404 for https://www.wikidata.org/wiki/Special:EntityData/Q18113727|Q30148010|Q111995051|Q17984504|Q4991510.json
Enogia (PAR: ALENO),14-Jul-2021,IPO,"""Marseille, France""",enogia,2009-00-00,Wikidata,MEDIUM,70,REVIEW,Q64604856,Enogia,hq=france
Enovix (NAS: ENVX),14-Jul-2021,Reverse Merger,"""Fremont, CA""",enovix,,Wikidata,NONE,90,NO_MATCH,Q124624329,Enovix Corporation,hq=united states; aliases=Enovix; desc=battery technology company
EnSilica (LON: ENSI),24-May-2022,IPO,"""Abingdon, United Kingdom""",ensilica,,Wikidata,ERROR,0,ERROR,,,HTTP 404 for https://www.wikidata.org/wiki/Special:EntityData/Q5374944|Q92483487|Q96230327.json
Entrada Therapeutics (NAS: TRDA),02-Nov-2021,IPO,"""Boston, MA""",entrada therapeutics,,Wikidata,NONE,0,NO_MATCH,,,No Wikidata search results
Envera Health,12-Oct-2023,Merger/Acquisition,"""Richmond, VA""",envera health,,Wikidata,ERROR,0,ERROR,,,HTTP 429 for https://www.wikidata.org/w/api.php?action=wbsearchentities&format=json&language=en&type=item&limit=5&search=Envera+Health
Enview,05-Jan-2022,Merger/Acquisition,"""San Diego, CA""",enview,,Wikidata,ERROR,0,ERROR,,,HTTP 429 for https://www.wikidata.org/w/api.php?action=wbsearchentities&format=json&language=en&type=item&limit=5&search=Enview
Envoy (Culver City),18-Apr-2023,Merger/Acquisition,"""Culver City, CA""",envoy (culver city),,Wikidata,ERROR,0,ERROR,,,HTTP 429 for https://www.wikidata.org/w/api.php?action=wbsearchentities&format=json&language=en&type=item&limit=5&search=Envoy+%28Culver+City%29
EPH (Milan) (MIL: EPH),23-Jun-2022,Merger/Acquisition,"""Milan, Italy""",eph (milan),,Wikidata,ERROR,0,ERROR,,,HTTP 429 for https://www.wikidata.org/w/api.php?action=wbsearchentities&format=json&language=en&type=item&limit=5&search=EPH+%28Milan%29
Epic! Kids,21-Jul-2021,Merger/Acquisition,"""Palo Alto, CA""",epic! kids,,Wikidata,NONE,0,NO_MATCH,,,No Wikidata search results
Epiluvac,31-Jan-2023,Merger/Acquisition,"""Lund, Sweden""",epiluvac,,Wikidata,NONE,0,NO_MATCH,,,No Wikidata search results
Epizyme,12-Aug-2022,Merger/Acquisition,"""Cambridge, MA""",epizyme,,Wikidata,ERROR,0,ERROR,,,HTTP 429 for https://www.wikidata.org/w/api.php?action=wbsearchentities&format=json&language=en&type=item&limit=5&search=Epizyme
Eppo,05-May-2025,Merger/Acquisition,"""San Francisco, CA""",eppo,,Wikidata,ERROR,0,ERROR,,,HTTP 429 for https://www.wikidata.org/wiki/Special:EntityData/Q21143212|Q1967903|Q5413070|Q1361639|Q21479701.json
Epsagon,25-Oct-2021,Merger/Acquisition,"""New York, NY""",epsagon,,Wikidata,NONE,0,NO_MATCH,,,No Wikidata search results
Epygenix Therapeutics,30-Apr-2024,Merger/Acquisition,"""Paramus, NJ""",epygenix therapeutics,,Wikidata,ERROR,0,ERROR,,,HTTP 429 for https://www.wikidata.org/w/api.php?action=wbsearchentities&format=json&language=en&type=item&limit=5&search=Epygenix+Therapeutics
EQRx,17-Dec-2021,Reverse Merger,"""Cambridge, MA""",eqrx,,Wikidata,ERROR,0,ERROR,,,HTTP 429 for https://www.wikidata.org/w/api.php?action=wbsearchentities&format=json&language=en&type=item&limit=5&search=EQRx
EquipmentShare (NAS: EQPT),23-Jan-2026,IPO,"""Columbia, MO""",equipmentshare,,Wikidata,ERROR,0,ERROR,,,HTTP 429 for https://www.wikidata.org/w/api.php?action=wbsearchentities&format=json&language=en&type=item&limit=5&search=EquipmentShare
Equity Wine Group,06-Oct-2021,Merger/Acquisition,"""Jordan Station, Canada""",equity wine,,Wikidata,NONE,0,NO_MATCH,,,No Wikidata search results
Erasca (NAS: ERAS),16-Jul-2021,IPO,"""San Diego, CA""",erasca,,Wikidata,ERROR,0,ERROR,,,HTTP 429 for https://www.wikidata.org/w/api.php?action=wbsearchentities&format=json&language=en&type=item&limit=5&search=Erasca
Erbi Biosystems,01-Dec-2022,Merger/Acquisition,"""Stoneham, MA""",erbi biosystems,,Wikidata,NONE,0,NO_MATCH,,,No Wikidata search results
ErisX,02-May-2022,Merger/Acquisition,"""Chicago, IL""",erisx,,Wikidata,ERROR,0,ERROR,,,HTTP 429 for https://www.wikidata.org/w/api.php?action=wbsearchentities&format=json&language=en&type=item&limit=5&search=ErisX
EryDel,20-Oct-2023,Merger/Acquisition,"""Milan, Italy""",erydel,,Wikidata,ERROR,0,ERROR,,,HTTP 429 for https://www.wikidata.org/w/api.php?action=wbsearchentities&format=json&language=en&type=item&limit=5&search=EryDel
Escient Pharmaceuticals,30-May-2024,Merger/Acquisition,"""San Diego, CA""",escient pharmaceuticals,,Wikidata,ERROR,0,ERROR,,,HTTP 429 for https://www.wikidata.org/w/api.php?action=wbsearchentities&format=json&language=en&type=item&limit=5&search=Escient+Pharmaceuticals
eSight,02-Nov-2023,Merger/Acquisition,"""Zeeland, MI""",esight,,Wikidata,ERROR,0,ERROR,,,HTTP 429 for https://www.wikidata.org/wiki/Special:EntityData/Q39087546|Q67129353.json
EsoBiotec,19-May-2025,Merger/Acquisition,"""Charleroi, Belgium""",esobiotec,,Wikidata,ERROR,0,ERROR,,,HTTP 429 for https://www.wikidata.org/w/api.php?action=wbsearchentities&format=json&language=en&type=item&limit=5&search=EsoBiotec
ESS Tech (NYS: GWH),11-Oct-2021,Reverse Merger,"""Wilsonville, OR""",ess tech,,Wikidata,ERROR,0,ERROR,,,HTTP 429 for https://www.wikidata.org/w/api.php?action=wbsearchentities&format=json&language=en&type=item&limit=5&search=ESS+Tech
Eta Wireless,01-Sep-2021,Merger/Acquisition,"""Cambridge, MA""",eta wireless,,Wikidata,ERROR,0,ERROR,,,HTTP 429 for https://www.wikidata.org/w/api.php?action=wbsearchentities&format=json&language=en&type=item&limit=5&search=Eta+Wireless
ETEC,16-Feb-2021,Merger/Acquisition,"""Dearborn, MI""",etec,,Wikidata,ERROR,0,ERROR,,,HTTP 429 for https://www.wikidata.org/w/api.php?action=wbsearchentities&format=json&language=en&type=item&limit=5&search=ETEC
Eternal (Food Products),25-Oct-2021,Merger/Acquisition,"""Coral Gables, FL""",eternal (food products),,Wikidata,NONE,0,NO_MATCH,,,No Wikidata search results
ETF Stream,16-Jun-2025,Merger/Acquisition,"""London, United Kingdom""",etf stream,,Wikidata,ERROR,0,ERROR,,,HTTP 429 for https://www.wikidata.org/w/api.php?action=wbsearchentities&format=json&language=en&type=item&limit=5&search=ETF+Stream
Ethos Technologies (Insurance Brokers) (NAS: LIFE),29-Jan-2026,IPO,"""Austin, TX""",ethos technologies (insurance brokers),,Wikidata,ERROR,0,ERROR,,,HTTP 429 for https://www.wikidata.org/w/api.php?action=wbsearchentities&format=json&language=en&type=item&limit=5&search=Ethos+Technologies+%28Insurance+Brokers%29
Eupraxia Pharmaceuticals (TSE: EPRX),09-Mar-2021,IPO,"""Victoria, Canada""",eupraxia pharmaceuticals,,Wikidata,ERROR,0,ERROR,,,HTTP 429 for https://www.wikidata.org/w/api.php?action=wbsearchentities&format=json&language=en&type=item&limit=5&search=Eupraxia+Pharmaceuticals
Evaxion (NAS: EVAX),05-Feb-2021,IPO,"""Hoersholm, Denmark""",evaxion,,Wikidata,ERROR,0,ERROR,,,HTTP 429 for https://www.wikidata.org/w/api.php?action=wbsearchentities&format=json&language=en&type=item&limit=5&search=Evaxion
Eve Holding (NYS: EVEX),10-May-2022,Reverse Merger,"""Melbourne, FL""",eve,,Wikidata,NONE,0,NO_MATCH,,,No Wikidata search results
Eventdex,14-Oct-2025,Merger/Acquisition,"""New York, NY""",eventdex,,Wikidata,ERROR,0,ERROR,,,HTTP 429 for https://www.wikidata.org/w/api.php?action=wbsearchentities&format=json&language=en&type=item&limit=5&search=Eventdex
Evergreen Theragnostics,01-Apr-2025,Merger/Acquisition,"""Springfield, NJ""",evergreen theragnostics,,Wikidata,ERROR,0,ERROR,,,HTTP 429 for https://www.wikidata.org/w/api.php?action=wbsearchentities&format=json&language=en&type=item&limit=5&search=Evergreen+Theragnostics
Everli,21-Feb-2024,Merger/Acquisition,"""Milan, Italy""",everli,,Wikidata,ERROR,0,ERROR,,,HTTP 429 for https://www.wikidata.org/w/api.php?action=wbsearchentities&format=json&language=en&type=item&limit=5&search=Everli
Evermind,31-Dec-2025,Merger/Acquisition,"""Lancaster, PA""",evermind,,Wikidata,ERROR,0,ERROR,,,HTTP 429 for https://www.wikidata.org/w/api.php?action=wbsearchentities&format=json&language=en&type=item&limit=5&search=Evermind
EveryMundo,30-Nov-2021,Merger/Acquisition,"""Miami, FL""",everymundo,,Wikidata,ERROR,0,ERROR,,,HTTP 429 for https://www.wikidata.org/w/api.php?action=wbsearchentities&format=json&language=en&type=item&limit=5&search=EveryMundo
EvinceMed,14-Apr-2022,Merger/Acquisition,"""Las Vegas, NV""",evincemed,,Wikidata,NONE,0,NO_MATCH,,,No Wikidata search results
Evisort,08-Oct-2024,Merger/Acquisition,"""San Francisco, CA""",evisort,,Wikidata,ERROR,0,ERROR,,,HTTP 429 for https://www.wikidata.org/w/api.php?action=wbsearchentities&format=json&language=en&type=item&limit=5&search=Evisort
Evoke Neuroscience.,05-May-2025,Merger/Acquisition,"""New York, NY""",evoke neuroscience,,Wikidata,ERROR,0,ERROR,,,HTTP 429 for https://www.wikidata.org/w/api.php?action=wbsearchentities&format=json&language=en&type=item&limit=5&search=Evoke+Neuroscience.
Evoke Pharma,15-Dec-2025,Merger/Acquisition,"""Solana Beach, CA""",evoke pharma,,Wikidata,ERROR,0,ERROR,,,HTTP 429 for https://www.wikidata.org/w/api.php?action=wbsearchentities&format=json&language=en&type=item&limit=5&search=Evoke+Pharma
Evolar,12-May-2023,Merger/Acquisition,"""Uppsala, Sweden""",evolar,,Wikidata,ERROR,0,ERROR,,,HTTP 429 for https://www.wikidata.org/w/api.php?action=wbsearchentities&format=json&language=en&type=item&limit=5&search=Evolar
EvolutionIQ,23-Dec-2024,Merger/Acquisition,"""New York, NY""",evolutioniq,,Wikidata,ERROR,0,ERROR,,,HTTP 429 for https://www.wikidata.org/w/api.php?action=wbsearchentities&format=json&language=en&type=item&limit=5&search=EvolutionIQ
Evolv Technologies Holdings (NAS: EVLV),16-Jul-2021,Reverse Merger,"""Waltham, MA""",evolv technologies,,Wikidata,ERROR,0,ERROR,,,HTTP 429 for https://www.wikidata.org/w/api.php?action=wbsearchentities&format=json&language=en&type=item&limit=5&search=Evolv+Technologies+Holdings
Evommune (NYS: EVMN),06-Nov-2025,IPO,"""Palo Alto, CA""",evommune,,Wikidata,NONE,0,NO_MATCH,,,No Wikidata search results
EvoNext Holdings,28-Dec-2023,Merger/Acquisition,"""Reinach, Switzerland""",evonext,,Wikidata,ERROR,0,ERROR,,,HTTP 429 for https://www.wikidata.org/w/api.php?action=wbsearchentities&format=json&language=en&type=item&limit=5&search=EvoNext+Holdings
EVRYTHNG,03-Jan-2022,Merger/Acquisition,"""London, United Kingdom""",evrythng,,Wikidata,ERROR,0,ERROR,,,HTTP 429 for https://www.wikidata.org/w/api.php?action=wbsearchentities&format=json&language=en&type=item&limit=5&search=EVRYTHNG
ExactCure,24-Apr-2024,Merger/Acquisition,"""Nice, France""",exactcure,,Wikidata,ERROR,0,ERROR,,,HTTP 429 for https://www.wikidata.org/w/api.php?action=wbsearchentities&format=json&language=en&type=item&limit=5&search=ExactCure
exactEarth,01-Nov-2021,Merger/Acquisition,"""Cambridge, Canada""",exactearth,,Wikidata,ERROR,0,ERROR,,,HTTP 429 for https://www.wikidata.org/w/api.php?action=wbsearchentities&format=json&language=en&type=item&limit=5&search=exactEarth
ExactlyIT,22-Jun-2021,Merger/Acquisition,"""Morrisville, NC""",exactlyit,,Wikidata,NONE,0,NO_MATCH,,,No Wikidata search results
Exalos,18-Sep-2023,Merger/Acquisition,"""Schlieren, Switzerland""",exalos,,Wikidata,ERROR,0,ERROR,,,HTTP 429 for https://www.wikidata.org/w/api.php?action=wbsearchentities&format=json&language=en&type=item&limit=5&search=Exalos
Execus (MIL: EXEC),04-Aug-2023,IPO,"""Milan, Italy""",execus,,Wikidata,ERROR,0,ERROR,,,HTTP 429 for https://www.wikidata.org/w/api.php?action=wbsearchentities&format=json&language=en&type=item&limit=5&search=Execus
Exium,16-Jun-2025,Merger/Acquisition,"""Palo Alto, CA""",exium,,Wikidata,ERROR,0,ERROR,,,HTTP 429 for https://www.wikidata.org/w/api.php?action=wbsearchentities&format=json&language=en&type=item&limit=5&search=Exium
Exo-Space,21-Aug-2023,Merger/Acquisition,"""Pasadena, CA""",exo-space,,Wikidata,ERROR,0,ERROR,,,HTTP 429 for https://www.wikidata.org/w/api.php?action=wbsearchentities&format=json&language=en&type=item&limit=5&search=Exo-Space
Exodus Movement (ASE: EXOD),05-May-2021,IPO,"""Omaha, NE""",exodus movement,,Wikidata,ERROR,0,ERROR,,,HTTP 429 for https://www.wikidata.org/w/api.php?action=wbsearchentities&format=json&language=en&type=item&limit=5&search=Exodus+Movement
Exonar,25-Mar-2022,Merger/Acquisition,"""Reading, United Kingdom""",exonar,,Wikidata,ERROR,0,ERROR,,,HTTP 429 for https://www.wikidata.org/wiki/Special:EntityData/Q3733024|Q5853198.json
Exosome Diagnostics,15-Sep-2025,Merger/Acquisition,"""Waltham, MA""",exosome diagnostics,,Wikidata,ERROR,0,ERROR,,,HTTP 429 for https://www.wikidata.org/w/api.php?action=wbsearchentities&format=json&language=en&type=item&limit=5&search=Exosome+Diagnostics
Expandly,22-Mar-2021,Buyout/LBO,"""St. Albans, United Kingdom""",expandly,,Wikidata,ERROR,0,ERROR,,,HTTP 429 for https://www.wikidata.org/w/api.php?action=wbsearchentities&format=json&language=en&type=item&limit=5&search=Expandly
Expensify (NAS: EXFY),10-Nov-2021,IPO,"""Portland, OR""",expensify,,Wikidata,ERROR,0,ERROR,,,HTTP 429 for https://www.wikidata.org/w/api.php?action=wbsearchentities&format=json&language=en&type=item&limit=5&search=Expensify
Expetitle,20-Jan-2022,Merger/Acquisition,"""Miami, FL""",expetitle,,Wikidata,ERROR,0,ERROR,,,HTTP 429 for https://www.wikidata.org/w/api.php?action=wbsearchentities&format=json&language=en&type=item&limit=5&search=Expetitle
Expion360 (NAS: XPON),01-Apr-2022,IPO,"""Redmond, OR""",expion360,,Wikidata,NONE,0,NO_MATCH,,,No Wikidata search results
Exscientia,01-Oct-2021,IPO,"""Oxford, United Kingdom""",exscientia,,Wikidata,ERROR,0,ERROR,,,HTTP 429 for https://www.wikidata.org/w/api.php?action=wbsearchentities&format=json&language=en&type=item&limit=5&search=Exscientia
EyeBio,11-Jul-2024,Merger/Acquisition,"""London, United Kingdom""",eyebio,,Wikidata,ERROR,0,ERROR,,,HTTP 429 for https://www.wikidata.org/w/api.php?action=wbsearchentities&format=json&language=en&type=item&limit=5&search=EyeBio
EYEVIDO,09-Aug-2023,Merger/Acquisition,"""Koblenz, Germany""",eyevido,,Wikidata,ERROR,0,ERROR,,,HTTP 429 for https://www.wikidata.org/w/api.php?action=wbsearchentities&format=json&language=en&type=item&limit=5&search=EYEVIDO
EZ-Wheel,01-Aug-2023,Merger/Acquisition,"""Charente, France""",ez-wheel,,Wikidata,ERROR,0,ERROR,,,HTTP 429 for https://www.wikidata.org/w/api.php?action=wbsearchentities&format=json&language=en&type=item&limit=5&search=EZ-Wheel
EZ4U,28-May-2024,Merger/Acquisition,"""Matosinhos, Portugal""",ez4u,,Wikidata,ERROR,0,ERROR,,,HTTP 429 for https://www.wikidata.org/wiki/Special:EntityData/Q124065664.json
F-Star Therapeutics,08-Mar-2023,Merger/Acquisition,"""Cambridge, United Kingdom""",f-star therapeutics,,Wikidata,ERROR,0,ERROR,,,HTTP 429 for https://www.wikidata.org/w/api.php?action=wbsearchentities&format=json&language=en&type=item&limit=5&search=F-Star+Therapeutics
F45 Training (PINX: FXLV),15-Jul-2021,IPO,"""Austin, TX""",f45 training,,Wikidata,ERROR,0,ERROR,,,HTTP 429 for https://www.wikidata.org/w/api.php?action=wbsearchentities&format=json&language=en&type=item&limit=5&search=F45+Training
Fabl,08-Jan-2021,Merger/Acquisition,"""Durham, NC""",fabl,,Wikidata,ERROR,0,ERROR,,,HTTP 429 for https://www.wikidata.org/w/api.php?action=wbsearchentities&format=json&language=en&type=item&limit=5&search=Fabl
Fabric (Other Financial Services),02-Jan-2024,Merger/Acquisition,"""Boulder, CO""",fabric (other financial services),,Wikidata,ERROR,0,ERROR,,,HTTP 429 for https://www.wikidata.org/w/api.php?action=wbsearchentities&format=json&language=en&type=item&limit=5&search=Fabric+%28Other+Financial+Services%29
Fabric Genomics,05-May-2025,Merger/Acquisition,"""Oakland, CA""",fabric genomics,,Wikidata,NONE,0,NO_MATCH,,,No Wikidata search results
Factorin,27-Jul-2021,Merger/Acquisition,"""Moscow, Russia""",factorin,,Wikidata,ERROR,0,ERROR,,,HTTP 429 for https://www.wikidata.org/w/api.php?action=wbsearchentities&format=json&language=en&type=item&limit=5&search=Factorin
FactoryFour,05-Nov-2021,Merger/Acquisition,"""Culver City, CA""",factoryfour,,Wikidata,ERROR,0,ERROR,,,HTTP 429 for https://www.wikidata.org/w/api.php?action=wbsearchentities&format=json&language=en&type=item&limit=5&search=FactoryFour
Fadel Partners (LON: FADL),06-Apr-2023,IPO,"""New York, NY""",fadel partners,,Wikidata,ERROR,0,ERROR,,,HTTP 429 for https://www.wikidata.org/w/api.php?action=wbsearchentities&format=json&language=en&type=item&limit=5&search=Fadel+Partners
Fair,14-Mar-2022,Merger/Acquisition,"""Santa Monica, CA""",fair,,Wikidata,ERROR,0,ERROR,,,HTTP 429 for https://www.wikidata.org/w/api.php?action=wbsearchentities&format=json&language=en&type=item&limit=5&search=Fair
FairX,01-Feb-2022,Merger/Acquisition,"""Chicago, IL""",fairx,,Wikidata,ERROR,0,ERROR,,,HTTP 429 for https://www.wikidata.org/w/api.php?action=wbsearchentities&format=json&language=en&type=item&limit=5&search=FairX
Falcon V Systems,11-Oct-2024,Merger/Acquisition,"""Gdynia, Poland""",falcon v systems,,Wikidata,ERROR,0,ERROR,,,HTTP 429 for https://www.wikidata.org/w/api.php?action=wbsearchentities&format=json&language=en&type=item&limit=5&search=Falcon+V+Systems
Fall Damage,11-Oct-2023,Merger/Acquisition,"""Stockholm, Sweden""",fall damage,,Wikidata,NONE,0,NO_MATCH,,,No Wikidata search results
Fandor,19-Jan-2021,Merger/Acquisition,"""San Francisco, CA""",fandor,,Wikidata,ERROR,0,ERROR,,,HTTP 429 for https://www.wikidata.org/w/api.php?action=wbsearchentities&format=json&language=en&type=item&limit=5&search=Fandor
FanFix,21-Jul-2022,Merger/Acquisition,"""Los Angeles, CA""",fanfix,,Wikidata,ERROR,0,ERROR,,,HTTP 429 for https://www.wikidata.org/w/api.php?action=wbsearchentities&format=json&language=en&type=item&limit=5&search=FanFix
Farada Group,16-Oct-2025,Buyout/LBO,"""Lubart�w, Poland""",farada,,Wikidata,ERROR,0,ERROR,,,HTTP 429 for https://www.wikidata.org/w/api.php?action=wbsearchentities&format=json&language=en&type=item&limit=5&search=Farada+Group
Faraday Future Intelligent Electric (NAS: FFAI),22-Jul-2021,Reverse Merger,"""Gardena, CA""",faraday future intelligent electric,,Wikidata,ERROR,0,ERROR,,,HTTP 429 for https://www.wikidata.org/w/api.php?action=wbsearchentities&format=json&language=en&type=item&limit=5&search=Faraday+Future+Intelligent+Electric
Faradion,05-Jan-2022,Merger/Acquisition,"""Sheffield, United Kingdom""",faradion,,Wikidata,ERROR,0,ERROR,,,HTTP 429 for https://www.wikidata.org/w/api.php?action=wbsearchentities&format=json&language=en&type=item&limit=5&search=Faradion
Farapulse,24-Jun-2021,Merger/Acquisition,"""Menlo Park, CA""",farapulse,,Wikidata,NONE,0,NO_MATCH,,,No Wikidata search results
Farmobile,16-Apr-2021,Merger/Acquisition,"""Leawood, KS""",farmobile,,Wikidata,ERROR,0,ERROR,,,HTTP 429 for https://www.wikidata.org/w/api.php?action=wbsearchentities&format=json&language=en&type=item&limit=5&search=Farmobile
Faromatics,10-Sep-2021,Merger/Acquisition,"""Vilanova I La Geltru, Spain""",faromatics,,Wikidata,ERROR,0,ERROR,,,HTTP 429 for https://www.wikidata.org/w/api.php?action=wbsearchentities&format=json&language=en&type=item&limit=5&search=Faromatics
Fastback Networks,29-Jan-2021,Merger/Acquisition,"""Boulder, CO""",fastback networks,,Wikidata,ERROR,0,ERROR,,,HTTP 429 for https://www.wikidata.org/w/api.php?action=wbsearchentities&format=json&language=en&type=item&limit=5&search=Fastback+Networks
FasterLines,08-Sep-2021,Merger/Acquisition,"""Warrenton, NC""",fasterlines,,Wikidata,ERROR,0,ERROR,,,HTTP 429 for https://www.wikidata.org/w/api.php?action=wbsearchentities&format=json&language=en&type=item&limit=5&search=FasterLines
FastPay,12-Jul-2021,Merger/Acquisition,"""Los Angeles, CA""",fastpay,,Wikidata,ERROR,0,ERROR,,,HTTP 429 for https://www.wikidata.org/w/api.php?action=wbsearchentities&format=json&language=en&type=item&limit=5&search=FastPay
Fat Llama,15-Aug-2022,Merger/Acquisition,"""London, United Kingdom""",fat llama,,Wikidata,NONE,0,NO_MATCH,,,No Wikidata search results
FaZe Clan,19-Jul-2022,Reverse Merger,"""Los Angeles, CA""",faze clan,,Wikidata,ERROR,0,ERROR,,,HTTP 429 for https://www.wikidata.org/w/api.php?action=wbsearchentities&format=json&language=en&type=item&limit=5&search=FaZe+Clan
Faze Media,16-Jan-2025,Buyout/LBO,"""Frisco, TX""",faze media,,Wikidata,ERROR,0,ERROR,,,HTTP 429 for https://www.wikidata.org/w/api.php?action=wbsearchentities&format=json&language=en&type=item&limit=5&search=Faze+Media
Feather Pay,01-Jan-2024,Merger/Acquisition,"""Atlanta, GA""",feather pay,,Wikidata,ERROR,0,ERROR,,,HTTP 429 for https://www.wikidata.org/w/api.php?action=wbsearchentities&format=json&language=en&type=item&limit=5&search=Feather+Pay
Featurespace,19-Dec-2024,Merger/Acquisition,"""Cambridge, United Kingdom""",featurespace,,Wikidata,ERROR,0,ERROR,,,HTTP 429 for https://www.wikidata.org/w/api.php?action=wbsearchentities&format=json&language=en&type=item&limit=5&search=Featurespace
FeedBackNow,01-Aug-2024,Merger/Acquisition,"""New York, NY""",feedbacknow,,Wikidata,ERROR,0,ERROR,,,HTTP 429 for https://www.wikidata.org/w/api.php?action=wbsearchentities&format=json&language=en&type=item&limit=5&search=FeedBackNow
Femasys (NAS: FEMY),18-Jun-2021,IPO,"""Suwanee, GA""",femasys,,Wikidata,ERROR,0,ERROR,,,HTTP 429 for https://www.wikidata.org/w/api.php?action=wbsearchentities&format=json&language=en&type=item&limit=5&search=Femasys
FemtoTools,28-Jun-2024,Merger/Acquisition,"""Zurich, Switzerland""",femtotools,,Wikidata,NONE,0,NO_MATCH,,,No Wikidata search results
FEops,18-Jul-2024,Merger/Acquisition,"""Gent, Belgium""",feops,,Wikidata,ERROR,0,ERROR,,,HTTP 429 for https://www.wikidata.org/w/api.php?action=wbsearchentities&format=json&language=en&type=item&limit=5&search=FEops
Fermi (REIT) (NAS: FRMI),01-Oct-2025,IPO,"""Amarillo, TX""",fermi (reit),,Wikidata,ERROR,0,ERROR,,,HTTP 429 for https://www.wikidata.org/w/api.php?action=wbsearchentities&format=json&language=en&type=item&limit=5&search=Fermi+%28REIT%29
Fetch Robotics,09-Aug-2021,Merger/Acquisition,"""San Jose, CA""",fetch robotics,,Wikidata,ERROR,0,ERROR,,,HTTP 429 for https://www.wikidata.org/w/api.php?action=wbsearchentities&format=json&language=en&type=item&limit=5&search=Fetch+Robotics
Fexy,11-Jan-2023,Merger/Acquisition,"""Seattle, WA""",fexy,,Wikidata,ERROR,0,ERROR,,,HTTP 429 for https://www.wikidata.org/w/api.php?action=wbsearchentities&format=json&language=en&type=item&limit=5&search=Fexy
Fidcar,03-Dec-2021,Merger/Acquisition,"""Paris, France""",fidcar,,Wikidata,ERROR,0,ERROR,,,HTTP 429 for https://www.wikidata.org/w/api.php?action=wbsearchentities&format=json&language=en&type=item&limit=5&search=Fidcar
Field of View,14-Nov-2022,Merger/Acquisition,"""Fargo, ND""",field of view,,Wikidata,ERROR,0,ERROR,,,HTTP 429 for https://www.wikidata.org/wiki/Special:EntityData/Q1057751|Q1076893|Q95815741|Q64526304|Q884012.json
FieldWire,19-Nov-2021,Merger/Acquisition,"""San Francisco, CA""",fieldwire,,Wikidata,ERROR,0,ERROR,,,HTTP 429 for https://www.wikidata.org/w/api.php?action=wbsearchentities&format=json&language=en&type=item&limit=5&search=FieldWire
Fifax,25-Oct-2021,IPO,"""Eckero, Finland""",fifax,,Wikidata,ERROR,0,ERROR,,,HTTP 429 for https://www.wikidata.org/w/api.php?action=wbsearchentities&format=json&language=en&type=item&limit=5&search=Fifax
FIGR (Consumer Non-Durables),28-Jun-2021,Merger/Acquisition,"""Charlottetown, Canada""",figr (consumer non-durables),,Wikidata,NONE,0,NO_MATCH,,,No Wikidata search results
FIGS (NYS: FIGS),27-May-2021,IPO,"""Santa Monica, CA""",figs,,Wikidata,ERROR,0,ERROR,,,HTTP 429 for https://www.wikidata.org/w/api.php?action=wbsearchentities&format=json&language=en&type=item&limit=5&search=FIGS
Figure Technology Solutions (NAS: FIGR),11-Sep-2025,IPO,"""Charlotte, NC""",figure technology solutions,,Wikidata,ERROR,0,ERROR,,,HTTP 429 for https://www.wikidata.org/w/api.php?action=wbsearchentities&format=json&language=en&type=item&limit=5&search=Figure+Technology+Solutions
Fiinu (LON: BANK),08-Jul-2022,Reverse Merger,"""Weybridge, United Kingdom""",fiinu,,Wikidata,ERROR,0,ERROR,,,HTTP 429 for https://www.wikidata.org/w/api.php?action=wbsearchentities&format=json&language=en&type=item&limit=5&search=Fiinu
Fill Up Media (PAR: ALFUM),29-Jun-2022,IPO,"""Lyon, France""",fill up media,,Wikidata,ERROR,0,ERROR,,,HTTP 429 for https://www.wikidata.org/w/api.php?action=wbsearchentities&format=json&language=en&type=item&limit=5&search=Fill+Up+Media
Finaro,26-Oct-2023,Merger/Acquisition,"""Valletta, Malta""",finaro,,Wikidata,ERROR,0,ERROR,,,HTTP 429 for https://www.wikidata.org/w/api.php?action=wbsearchentities&format=json&language=en&type=item&limit=5&search=Finaro
Finax,12-Dec-2025,IPO,"""Bratislava, Slovakia""",finax,,Wikidata,ERROR,0,ERROR,,,HTTP 429 for https://www.wikidata.org/w/api.php?action=wbsearchentities&format=json&language=en&type=item&limit=5&search=Finax
FinCompare,13-Dec-2021,Merger/Acquisition,"""Berlin, Germany""",fincompare,,Wikidata,NONE,0,NO_MATCH,,,No Wikidata search results
Fincura (Financial Software),07-Dec-2021,Merger/Acquisition,"""Boston, MA""",fincura (financial software),,Wikidata,ERROR,0,ERROR,,,HTTP 429 for https://www.wikidata.org/w/api.php?action=wbsearchentities&format=json&language=en&type=item&limit=5&search=Fincura+%28Financial+Software%29
Findify,19-Apr-2022,Merger/Acquisition,"""Stockholm, Sweden""",findify,,Wikidata,ERROR,0,ERROR,,,HTTP 429 for https://www.wikidata.org/w/api.php?action=wbsearchentities&format=json&language=en&type=item&limit=5&search=Findify
Finexity (MUN: FXT),05-Sep-2025,IPO,"""Hamburg, Germany""",finexity,,Wikidata,ERROR,0,ERROR,,,HTTP 429 for https://www.wikidata.org/w/api.php?action=wbsearchentities&format=json&language=en&type=item&limit=5&search=Finexity
Finomial,18-Oct-2021,Merger/Acquisition,"""Boston, MA""",finomial,,Wikidata,NONE,0,NO_MATCH,,,No Wikidata search results
Finxact,01-Apr-2022,Merger/Acquisition,"""Jacksonville, FL""",finxact,,Wikidata,ERROR,0,ERROR,,,HTTP 429 for https://www.wikidata.org/w/api.php?action=wbsearchentities&format=json&language=en&type=item&limit=5&search=Finxact
Fire Sky Energy,01-Nov-2021,Merger/Acquisition,"""Estevan, Canada""",fire sky energy,,Wikidata,ERROR,0,ERROR,,,HTTP 429 for https://www.wikidata.org/w/api.php?action=wbsearchentities&format=json&language=en&type=item&limit=5&search=Fire+Sky+Energy
Firefly Aerospace (NAS: FLY),07-Aug-2025,IPO,"""Cedar Park, TX""",firefly aerospace,,Wikidata,ERROR,0,ERROR,,,HTTP 429 for https://www.wikidata.org/w/api.php?action=wbsearchentities&format=json&language=en&type=item&limit=5&search=Firefly+Aerospace
First Light Imaging,09-Jan-2024,Merger/Acquisition,"""Meyreuil, France""",first light imaging,,Wikidata,ERROR,0,ERROR,,,HTTP 429 for https://www.wikidata.org/w/api.php?action=wbsearchentities&format=json&language=en&type=item&limit=5&search=First+Light+Imaging
FiSpoke,05-Jun-2024,Merger/Acquisition,"""Wellesley, MA""",fispoke,,Wikidata,ERROR,0,ERROR,,,HTTP 429 for https://www.wikidata.org/w/api.php?action=wbsearchentities&format=json&language=en&type=item&limit=5&search=FiSpoke
Fit Analytics,17-Mar-2021,Merger/Acquisition,"""Berlin, Germany""",fit analytics,,Wikidata,NONE,0,NO_MATCH,,,No Wikidata search results
Fit-Up,04-Jun-2021,Merger/Acquisition,"""Linz, Austria""",fit-up,,Wikidata,ERROR,0,ERROR,,,HTTP 429 for https://www.wikidata.org/w/api.php?action=wbsearchentities&format=json&language=en&type=item&limit=5&search=Fit-Up
Fitbit,14-Jan-2021,Merger/Acquisition,"""San Francisco, CA""",fitbit,,Wikidata,ERROR,0,ERROR,,,HTTP 429 for https://www.wikidata.org/w/api.php?action=wbsearchentities&format=json&language=en&type=item&limit=5&search=Fitbit
FitWell,29-May-2021,Merger/Acquisition,"""London, United Kingdom""",fitwell,,Wikidata,ERROR,0,ERROR,,,HTTP 429 for https://www.wikidata.org/w/api.php?action=wbsearchentities&format=json&language=en&type=item&limit=5&search=FitWell
Five Stars Loyalty,13-Oct-2021,Merger/Acquisition,"""San Francisco, CA""",five stars loyalty,,Wikidata,ERROR,0,ERROR,,,HTTP 429 for https://www.wikidata.org/w/api.php?action=wbsearchentities&format=json&language=en&type=item&limit=5&search=Five+Stars+Loyalty
FivePrime Therapeutics,16-Apr-2021,Merger/Acquisition,"""South San Francisco, CA""",fiveprime therapeutics,,Wikidata,ERROR,0,ERROR,,,HTTP 429 for https://www.wikidata.org/w/api.php?action=wbsearchentities&format=json&language=en&type=item&limit=5&search=FivePrime+Therapeutics
Flame Biosciences,17-Jan-2023,Merger/Acquisition,"""New Hope, PA""",flame biosciences,,Wikidata,ERROR,0,ERROR,,,HTTP 429 for https://www.wikidata.org/w/api.php?action=wbsearchentities&format=json&language=en&type=item&limit=5&search=Flame+Biosciences
Flare (Liverpool),09-Jan-2024,Merger/Acquisition,"""Liverpool, United Kingdom""",flare (liverpool),,Wikidata,NONE,0,NO_MATCH,,,No Wikidata search results
Flaschenpost,01-Jul-2021,Merger/Acquisition,"""Munster, Germany""",flaschenpost,,Wikidata,ERROR,0,ERROR,,,HTTP 429 for https://www.wikidata.org/w/api.php?action=wbsearchentities&format=json&language=en&type=item&limit=5&search=Flaschenpost
Flashgap,31-Jan-2022,Merger/Acquisition,"""Paris, France""",flashgap,,Wikidata,ERROR,0,ERROR,,,HTTP 429 for https://www.wikidata.org/w/api.php?action=wbsearchentities&format=json&language=en&type=item&limit=5&search=Flashgap
Fleet Mortgages,26-Jul-2021,Merger/Acquisition,"""Fleet, United Kingdom""",fleet mortgages,,Wikidata,ERROR,0,ERROR,,,HTTP 429 for https://www.wikidata.org/w/api.php?action=wbsearchentities&format=json&language=en&type=item&limit=5&search=Fleet+Mortgages
Flewber,03-Mar-2025,Merger/Acquisition,"""New York, NY""",flewber,,Wikidata,ERROR,0,ERROR,,,HTTP 429 for https://www.wikidata.org/w/api.php?action=wbsearchentities&format=json&language=en&type=item&limit=5&search=Flewber
Flexion Therapeutics,19-Nov-2021,Merger/Acquisition,"""Burlington, MA""",flexion therapeutics,,Wikidata,ERROR,0,ERROR,,,HTTP 429 for https://www.wikidata.org/w/api.php?action=wbsearchentities&format=json&language=en&type=item&limit=5&search=Flexion+Therapeutics
Flexiti,10-Mar-2021,Merger/Acquisition,"""Orangeville, Canada""",flexiti,,Wikidata,ERROR,0,ERROR,,,HTTP 429 for https://www.wikidata.org/w/api.php?action=wbsearchentities&format=json&language=en&type=item&limit=5&search=Flexiti
FlightWave,04-Sep-2024,Merger/Acquisition,"""Humacao, PR""",flightwave,,Wikidata,NONE,0,NO_MATCH,,,No Wikidata search results
Flinks,08-Sep-2021,Merger/Acquisition,"""Montreal, Canada""",flinks,,Wikidata,ERROR,0,ERROR,,,HTTP 429 for https://www.wikidata.org/w/api.php?action=wbsearchentities&format=json&language=en&type=item&limit=5&search=Flinks
flipMD,18-Feb-2022,Merger/Acquisition,"""Philadelphia, PA""",flipmd,,Wikidata,ERROR,0,ERROR,,,HTTP 429 for https://www.wikidata.org/w/api.php?action=wbsearchentities&format=json&language=en&type=item&limit=5&search=flipMD
Flow Commerce,03-Jan-2022,Merger/Acquisition,"""Hoboken, NJ""",flow commerce,,Wikidata,ERROR,0,ERROR,,,HTTP 429 for https://www.wikidata.org/w/api.php?action=wbsearchentities&format=json&language=en&type=item&limit=5&search=Flow+Commerce
Flowcup,24-Jan-2023,Merger/Acquisition,"""Lund, Sweden""",flowcup,,Wikidata,ERROR,0,ERROR,,,HTTP 429 for https://www.wikidata.org/w/api.php?action=wbsearchentities&format=json&language=en&type=item&limit=5&search=Flowcup
Fluent BioSciences,09-Jul-2024,Merger/Acquisition,"""Watertown, MA""",fluent biosciences,,Wikidata,ERROR,0,ERROR,,,HTTP 429 for https://www.wikidata.org/w/api.php?action=wbsearchentities&format=json&language=en&type=item&limit=5&search=Fluent+BioSciences
Fluid truck,18-Dec-2024,Merger/Acquisition,"""Westminster, CO""",fluid truck,,Wikidata,ERROR,0,ERROR,,,HTTP 429 for https://www.wikidata.org/w/api.php?action=wbsearchentities&format=json&language=en&type=item&limit=5&search=Fluid+truck
Fluoptics,01-Jul-2022,Merger/Acquisition,"""Grenoble, France""",fluoptics,,Wikidata,NONE,0,NO_MATCH,,,No Wikidata search results
Flywire (NAS: FLYW),26-May-2021,IPO,"""Boston, MA""",flywire,,Wikidata,ERROR,0,ERROR,,,HTTP 429 for https://www.wikidata.org/w/api.php?action=wbsearchentities&format=json&language=en&type=item&limit=5&search=Flywire
Flyy (Application Software),08-Sep-2022,Merger/Acquisition,"""Wilmington, DE""",flyy (application software),,Wikidata,ERROR,0,ERROR,,,HTTP 429 for https://www.wikidata.org/w/api.php?action=wbsearchentities&format=json&language=en&type=item&limit=5&search=Flyy+%28Application+Software%29
Focus Impact BH3 Acquisition,05-Oct-2021,IPO,"""New York, NY""",focus impact bh3 acquisition,,Wikidata,ERROR,0,ERROR,,,HTTP 429 for https://www.wikidata.org/w/api.php?action=wbsearchentities&format=json&language=en&type=item&limit=5&search=Focus+Impact+BH3+Acquisition
Focus-X Therapeutics,05-Dec-2022,Merger/Acquisition,"""Watchung, NJ""",focus-x therapeutics,,Wikidata,ERROR,0,ERROR,,,HTTP 429 for https://www.wikidata.org/w/api.php?action=wbsearchentities&format=json&language=en&type=item&limit=5&search=Focus-X+Therapeutics
Focusly,03-Nov-2021,Merger/Acquisition,"""Warsaw, Poland""",focusly,,Wikidata,ERROR,0,ERROR,,,HTTP 429 for https://www.wikidata.org/w/api.php?action=wbsearchentities&format=json&language=en&type=item&limit=5&search=Focusly
Fold (NAS: FLD),14-Feb-2025,Reverse Merger,"""Phoenix, AZ""",fold,,Wikidata,ERROR,0,ERROR,,,HTTP 429 for https://www.wikidata.org/w/api.php?action=wbsearchentities&format=json&language=en&type=item&limit=5&search=Fold
Folsom Labs,09-Aug-2021,Merger/Acquisition,"""San Francisco, CA""",folsom labs,,Wikidata,NONE,0,NO_MATCH,,,No Wikidata search results
Fon,23-Feb-2021,Merger/Acquisition,"""Bilbao, Spain""",fon,,Wikidata,ERROR,0,ERROR,,,HTTP 429 for https://www.wikidata.org/w/api.php?action=wbsearchentities&format=json&language=en&type=item&limit=5&search=Fon
Foodiq,05-Jan-2024,Merger/Acquisition,"""J�rvenp��, Finland""",foodiq,,Wikidata,ERROR,0,ERROR,,,HTTP 429 for https://www.wikidata.org/w/api.php?action=wbsearchentities&format=json&language=en&type=item&limit=5&search=Foodiq
Footshop (PRA: WSO),23-Jun-2023,Reverse Merger,"""Prague, Czech Republic""",footshop,,Wikidata,ERROR,0,ERROR,,,HTTP 429 for https://www.wikidata.org/w/api.php?action=wbsearchentities&format=json&language=en&type=item&limit=5&search=Footshop
Forendo Pharma,13-Dec-2021,Merger/Acquisition,"""Turku, Finland""",forendo pharma,,Wikidata,ERROR,0,ERROR,,,HTTP 429 for https://www.wikidata.org/w/api.php?action=wbsearchentities&format=json&language=en&type=item&limit=5&search=Forendo+Pharma
Foreseeti,07-Mar-2022,Merger/Acquisition,"""Stockholm, Sweden""",foreseeti,,Wikidata,ERROR,0,ERROR,,,HTTP 429 for https://www.wikidata.org/w/api.php?action=wbsearchentities&format=json&language=en&type=item&limit=5&search=Foreseeti
Foresight Diagnostics,05-Dec-2025,Merger/Acquisition,"""Boulder, CO""",foresight diagnostics,,Wikidata,NONE,0,NO_MATCH,,,No Wikidata search results
Forge Biologics,21-Dec-2023,Merger/Acquisition,"""Grove City, OH""",forge biologics,,Wikidata,ERROR,0,ERROR,,,HTTP 429 for https://www.wikidata.org/w/api.php?action=wbsearchentities&format=json&language=en&type=item&limit=5&search=Forge+Biologics
Forge Global Holdings (NYS: FRGE),22-Mar-2022,Reverse Merger,"""San Francisco, CA""",forge global,,Wikidata,ERROR,0,ERROR,,,HTTP 429 for https://www.wikidata.org/w/api.php?action=wbsearchentities&format=json&language=en&type=item&limit=5&search=Forge+Global+Holdings
FORME Life (NAS: TRNR),01-May-2023,IPO,"""Austin, TX""",forme life,,Wikidata,ERROR,0,ERROR,,,HTTP 429 for https://www.wikidata.org/w/api.php?action=wbsearchentities&format=json&language=en&type=item&limit=5&search=FORME+Life
Formedix,10-Oct-2023,Merger/Acquisition,"""Glasgow, United Kingdom""",formedix,,Wikidata,ERROR,0,ERROR,,,HTTP 429 for https://www.wikidata.org/w/api.php?action=wbsearchentities&format=json&language=en&type=item&limit=5&search=Formedix
Forsake,07-Jun-2021,Merger/Acquisition,"""Glendale, WI""",forsake,,Wikidata,ERROR,0,ERROR,,,HTTP 429 for https://www.wikidata.org/w/api.php?action=wbsearchentities&format=json&language=en&type=item&limit=5&search=Forsake
Fortis Frontier,10-Nov-2025,Merger/Acquisition,"""Cardiff, United Kingdom""",fortis frontier,,Wikidata,NONE,0,NO_MATCH,,,No Wikidata search results
Fortress Identity,22-Dec-2021,Merger/Acquisition,"""Miami, FL""",fortress identity,,Wikidata,ERROR,0,ERROR,,,HTTP 429 for https://www.wikidata.org/w/api.php?action=wbsearchentities&format=json&language=en&type=item&limit=5&search=Fortress+Identity
Forward Water Technologies (TSX: FWTC),25-Oct-2021,Reverse Merger,"""Sarnia, Canada""",forward water technologies,,Wikidata,ERROR,0,ERROR,,,HTTP 429 for https://www.wikidata.org/w/api.php?action=wbsearchentities&format=json&language=en&type=item&limit=5&search=Forward+Water+Technologies
FourCubed,01-Dec-2021,Merger/Acquisition,"""Minneapolis, MN""",fourcubed,,Wikidata,ERROR,0,ERROR,,,HTTP 429 for https://www.wikidata.org/w/api.php?action=wbsearchentities&format=json&language=en&type=item&limit=5&search=FourCubed
FourQ,26-Jan-2022,Merger/Acquisition,"""Westport, CT""",fourq,,Wikidata,ERROR,0,ERROR,,,HTTP 429 for https://www.wikidata.org/w/api.php?action=wbsearchentities&format=json&language=en&type=item&limit=5&search=FourQ
Foxberry,16-Apr-2024,Merger/Acquisition,"""London, United Kingdom""",foxberry,,Wikidata,ERROR,0,ERROR,,,HTTP 429 for https://www.wikidata.org/w/api.php?action=wbsearchentities&format=json&language=en&type=item&limit=5&search=Foxberry
Foxtrot Systems,21-Apr-2022,Merger/Acquisition,"""San Francisco, CA""",foxtrot systems,,Wikidata,NONE,0,NO_MATCH,,,No Wikidata search results
Fracta,17-Dec-2021,Merger/Acquisition,"""Palo Alto, CA""",fracta,,Wikidata,ERROR,0,ERROR,,,HTTP 429 for https://www.wikidata.org/w/api.php?action=wbsearchentities&format=json&language=en&type=item&limit=5&search=Fracta
Fractyl Health (NAS: GUTS),02-Feb-2024,IPO,"""Burlington, MA""",fractyl health,,Wikidata,ERROR,0,ERROR,,,HTTP 429 for https://www.wikidata.org/w/api.php?action=wbsearchentities&format=json&language=en&type=item&limit=5&search=Fractyl+Health
Fragbite Group (STO: FRAG),12-Jul-2021,IPO,"""Stockholm, Sweden""",fragbite,,Wikidata,ERROR,0,ERROR,,,HTTP 429 for https://www.wikidata.org/w/api.php?action=wbsearchentities&format=json&language=en&type=item&limit=5&search=Fragbite+Group
Frame Spatial,05-May-2022,Merger/Acquisition,"""Vancouver, Canada""",frame spatial,,Wikidata,ERROR,0,ERROR,,,HTTP 429 for https://www.wikidata.org/w/api.php?action=wbsearchentities&format=json&language=en&type=item&limit=5&search=Frame+Spatial
Frame Studios,15-Oct-2024,Merger/Acquisition,"""New York, NY""",frame studios,,Wikidata,ERROR,0,ERROR,,,HTTP 429 for https://www.wikidata.org/w/api.php?action=wbsearchentities&format=json&language=en&type=item&limit=5&search=Frame+Studios
Frame Technology.,06-Jan-2025,Merger/Acquisition,"""New York, NY""",frame technology,,Wikidata,NONE,0,NO_MATCH,,,No Wikidata search results
Frame Therapeutics,08-Jun-2022,Merger/Acquisition,"""Amsterdam, Netherlands""",frame therapeutics,,Wikidata,ERROR,0,ERROR,,,HTTP 429 for https://www.wikidata.org/w/api.php?action=wbsearchentities&format=json&language=en&type=item&limit=5&search=Frame+Therapeutics
Frame.io,07-Oct-2021,Merger/Acquisition,"""New York, NY""",frameio,,Wikidata,ERROR,0,ERROR,,,HTTP 429 for https://www.wikidata.org/w/api.php?action=wbsearchentities&format=json&language=en&type=item&limit=5&search=Frame.io
Frank (Franklin),21-Sep-2021,Merger/Acquisition,"""Franklin, OH""",frank (franklin),,Wikidata,ERROR,0,ERROR,,,HTTP 429 for https://www.wikidata.org/w/api.php?action=wbsearchentities&format=json&language=en&type=item&limit=5&search=Frank+%28Franklin%29
Franka Robotics,03-Nov-2023,Merger/Acquisition,"""Munich, Germany""",franka robotics,,Wikidata,ERROR,0,ERROR,,,HTTP 429 for https://www.wikidata.org/w/api.php?action=wbsearchentities&format=json&language=en&type=item&limit=5&search=Franka+Robotics
Frankly Media,02-Jan-2024,Merger/Acquisition,"""New York, NY""",frankly media,,Wikidata,ERROR,0,ERROR,,,HTTP 429 for https://www.wikidata.org/w/api.php?action=wbsearchentities&format=json&language=en&type=item&limit=5&search=Frankly+Media
Fredahl Ryd�ns,01-Mar-2023,Merger/Acquisition,"""Nybro, Sweden""",fredahl ryd�ns,,Wikidata,NONE,0,NO_MATCH,,,No Wikidata search results
Freedom Photonics,13-Apr-2022,Merger/Acquisition,"""Santa Barbara, CA""",freedom photonics,,Wikidata,ERROR,0,ERROR,,,HTTP 429 for https://www.wikidata.org/w/api.php?action=wbsearchentities&format=json&language=en&type=item&limit=5&search=Freedom+Photonics
Freemelt (STO: FREEM),07-Jul-2021,IPO,"""Gothenburg, Sweden""",freemelt,,Wikidata,ERROR,0,ERROR,,,HTTP 429 for https://www.wikidata.org/w/api.php?action=wbsearchentities&format=json&language=en&type=item&limit=5&search=Freemelt
FreeNow,31-Jul-2025,Merger/Acquisition,"""London, United Kingdom""",freenow,,Wikidata,ERROR,0,ERROR,,,HTTP 429 for https://www.wikidata.org/w/api.php?action=wbsearchentities&format=json&language=en&type=item&limit=5&search=FreeNow
Freetrade,15-Jan-2025,Merger/Acquisition,"""London, United Kingdom""",freetrade,,Wikidata,ERROR,0,ERROR,,,HTTP 429 for https://www.wikidata.org/w/api.php?action=wbsearchentities&format=json&language=en&type=item&limit=5&search=Freetrade
Fresh Burritos,25-Jun-2024,Merger/Acquisition,"""Lille, France""",fresh burritos,,Wikidata,ERROR,0,ERROR,,,HTTP 429 for https://www.wikidata.org/w/api.php?action=wbsearchentities&format=json&language=en&type=item&limit=5&search=Fresh+Burritos
Fresh Relevance,11-Sep-2023,Merger/Acquisition,"""London, United Kingdom""",fresh relevance,,Wikidata,NONE,0,NO_MATCH,,,No Wikidata search results
Freshworks (NAS: FRSH),22-Sep-2021,IPO,"""San Mateo, CA""",freshworks,,Wikidata,ERROR,0,ERROR,,,HTTP 429 for https://www.wikidata.org/w/api.php?action=wbsearchentities&format=json&language=en&type=item&limit=5&search=Freshworks
Frichti,27-Sep-2023,Merger/Acquisition,"""Paris, France""",frichti,,Wikidata,ERROR,0,ERROR,,,HTTP 429 for https://www.wikidata.org/w/api.php?action=wbsearchentities&format=json&language=en&type=item&limit=5&search=Frichti
Frndly TV,09-May-2025,Merger/Acquisition,"""Denver, CO""",frndly tv,,Wikidata,ERROR,0,ERROR,,,HTTP 429 for https://www.wikidata.org/w/api.php?action=wbsearchentities&format=json&language=en&type=item&limit=5&search=Frndly+TV
FRNT Financial (TSX: FRNT),12-Apr-2022,IPO,"""Toronto, Canada""",frnt financial,,Wikidata,ERROR,0,ERROR,,,HTTP 429 for https://www.wikidata.org/w/api.php?action=wbsearchentities&format=json&language=en&type=item&limit=5&search=FRNT+Financial
Frontier Water Systems,03-Apr-2023,Merger/Acquisition,"""San Diego, CA""",frontier water systems,,Wikidata,ERROR,0,ERROR,,,HTTP 429 for https://www.wikidata.org/w/api.php?action=wbsearchentities&format=json&language=en&type=item&limit=5&search=Frontier+Water+Systems
Frufru,16-Jan-2024,Merger/Acquisition,"""Bucharest, Romania""",frufru,,Wikidata,ERROR,0,ERROR,,,HTTP 429 for https://www.wikidata.org/wiki/Special:EntityData/Q1144883.json
FSport (STO: FSPORT),30-Sep-2021,IPO,"""Billdal, Sweden""",fsport,,Wikidata,NONE,0,NO_MATCH,,,No Wikidata search results
Fubo (NYS: FUBO),29-Oct-2025,Merger/Acquisition,"""New York, NY""",fubo,,Wikidata,ERROR,0,ERROR,,,HTTP 429 for https://www.wikidata.org/w/api.php?action=wbsearchentities&format=json&language=en&type=item&limit=5&search=Fubo
FullCircl,05-Nov-2024,Merger/Acquisition,"""Winnersh, United Kingdom""",fullcircl,,Wikidata,ERROR,0,ERROR,,,HTTP 429 for https://www.wikidata.org/w/api.php?action=wbsearchentities&format=json&language=en&type=item&limit=5&search=FullCircl
Fullstakk,11-Jul-2025,Merger/Acquisition,"""Oslo, Norway""",fullstakk,,Wikidata,ERROR,0,ERROR,,,HTTP 429 for https://www.wikidata.org/w/api.php?action=wbsearchentities&format=json&language=en&type=item&limit=5&search=Fullstakk
Fungible,09-Jan-2023,Merger/Acquisition,"""Santa Clara, CA""",fungible,,Wikidata,ERROR,0,ERROR,,,HTTP 429 for https://www.wikidata.org/w/api.php?action=wbsearchentities&format=json&language=en&type=item&limit=5&search=Fungible
Furscription,24-Oct-2022,Merger/Acquisition,"""El Dorado Hills, CA""",furscription,,Wikidata,NONE,0,NO_MATCH,,,No Wikidata search results
Fusebox (Entertainment Software),22-Aug-2024,Merger/Acquisition,"""London, United Kingdom""",fusebox (entertainment software),,Wikidata,ERROR,0,ERROR,,,HTTP 429 for https://www.wikidata.org/w/api.php?action=wbsearchentities&format=json&language=en&type=item&limit=5&search=Fusebox+%28Entertainment+Software%29
Fusion Pharmaceuticals,04-Jun-2024,Merger/Acquisition,"""Hamilton, Canada""",fusion pharmaceuticals,,Wikidata,ERROR,0,ERROR,,,HTTP 429 for https://www.wikidata.org/w/api.php?action=wbsearchentities&format=json&language=en&type=item&limit=5&search=Fusion+Pharmaceuticals
Fusus,31-Jan-2024,Merger/Acquisition,"""Peachtree Corners, GA""",fusus,,Wikidata,ERROR,0,ERROR,,,HTTP 429 for https://www.wikidata.org/w/api.php?action=wbsearchentities&format=json&language=en&type=item&limit=5&search=Fusus
Fuze (Communication Software),18-Jan-2022,Merger/Acquisition,"""Boston, MA""",fuze (communication software),,Wikidata,ERROR,0,ERROR,,,HTTP 429 for https://www.wikidata.org/w/api.php?action=wbsearchentities&format=json&language=en&type=item&limit=5&search=Fuze+%28Communication+Software%29
Fylamynt,18-Feb-2022,Merger/Acquisition,"""San Jose, CA""",fylamynt,,Wikidata,ERROR,0,ERROR,,,HTTP 429 for https://www.wikidata.org/w/api.php?action=wbsearchentities&format=json&language=en&type=item&limit=5&search=Fylamynt
Fyle,24-Jul-2025,Merger/Acquisition,"""Newark, DE""",fyle,,Wikidata,ERROR,0,ERROR,,,HTTP 429 for https://www.wikidata.org/w/api.php?action=wbsearchentities&format=json&language=en&type=item&limit=5&search=Fyle
Fyndiq,12-Apr-2023,Merger/Acquisition,"""Stockholm, Sweden""",fyndiq,,Wikidata,ERROR,0,ERROR,,,HTTP 429 for https://www.wikidata.org/wiki/Special:EntityData/Q19977626.json
G Squared Ascend II,15-Jun-2021,IPO,"""Chicago, IL""",g squared ascend ii,,Wikidata,ERROR,0,ERROR,,,HTTP 429 for https://www.wikidata.org/w/api.php?action=wbsearchentities&format=json&language=en&type=item&limit=5&search=G+Squared+Ascend+II
G1 Therapeutics,18-Sep-2024,Merger/Acquisition,"""Durham, NC""",g1 therapeutics,,Wikidata,ERROR,0,ERROR,,,HTTP 429 for https://www.wikidata.org/w/api.php?action=wbsearchentities&format=json&language=en&type=item&limit=5&search=G1+Therapeutics
Gabi Personal Insurance Agency,22-Nov-2021,Merger/Acquisition,"""San Francisco, CA""",gabi personal insurance agency,,Wikidata,ERROR,0,ERROR,,,HTTP 429 for https://www.wikidata.org/w/api.php?action=wbsearchentities&format=json&language=en&type=item&limit=5&search=Gabi+Personal+Insurance+Agency
Gain Therapeutics (NAS: GANX),18-Mar-2021,IPO,"""Bethesda, MD""",gain therapeutics,,Wikidata,ERROR,0,ERROR,,,HTTP 429 for https://www.wikidata.org/w/api.php?action=wbsearchentities&format=json&language=en&type=item&limit=5&search=Gain+Therapeutics
Gambit (Entertainment Software),22-Feb-2022,Merger/Acquisition,"""Westmount, Canada""",gambit (entertainment software),,Wikidata,NONE,0,NO_MATCH,,,No Wikidata search results
Gambling.com Group (NAS: GAMB),23-Jul-2021,IPO,"""Saint Helier, United Kingdom""",gamblingcom,,Wikidata,ERROR,0,ERROR,,,HTTP 429 for https://www.wikidata.org/w/api.php?action=wbsearchentities&format=json&language=en&type=item&limit=5&search=Gambling.com+Group
Gamelancer (Acquired),13-Apr-2022,Merger/Acquisition,"""West Hollywood, CA""",gamelancer (acquired),,Wikidata,ERROR,0,ERROR,,,HTTP 429 for https://www.wikidata.org/w/api.php?action=wbsearchentities&format=json&language=en&type=item&limit=5&search=Gamelancer+%28Acquired%29
GamePlanner,14-Nov-2023,Merger/Acquisition,CA,gameplanner,,Wikidata,ERROR,0,ERROR,,,HTTP 429 for https://www.wikidata.org/w/api.php?action=wbsearchentities&format=json&language=en&type=item&limit=5&search=GamePlanner
GamerSpeak,01-Aug-2021,Merger/Acquisition,"""San Luis Obispo, CA""",gamerspeak,,Wikidata,ERROR,0,ERROR,,,HTTP 429 for https://www.wikidata.org/w/api.php?action=wbsearchentities&format=json&language=en&type=item&limit=5&search=GamerSpeak
Gamesys,01-Oct-2021,Merger/Acquisition,"""London, United Kingdom""",gamesys,,Wikidata,ERROR,0,ERROR,,,HTTP 429 for https://www.wikidata.org/wiki/Special:EntityData/Q5520145|Q131662565.json
Gaming Technologies,02-Mar-2021,IPO,"""Las Vegas, NV""",gaming technologies,,Wikidata,ERROR,0,ERROR,,,HTTP 429 for https://www.wikidata.org/w/api.php?action=wbsearchentities&format=json&language=en&type=item&limit=5&search=Gaming+Technologies
Gamma Labs,02-Mar-2021,Merger/Acquisition,"""Rossendale, United Kingdom""",gamma labs,,Wikidata,ERROR,0,ERROR,,,HTTP 429 for https://www.wikidata.org/w/api.php?action=wbsearchentities&format=json&language=en&type=item&limit=5&search=Gamma+Labs
Gamma.AI,11-Aug-2021,Merger/Acquisition,"""Sunnyvale, CA""",gammaai,,Wikidata,NONE,0,NO_MATCH,,,No Wikidata search results
GaN Systems,24-Oct-2023,Merger/Acquisition,"""Ottawa, Canada""",gan systems,,Wikidata,ERROR,0,ERROR,,,HTTP 429 for https://www.wikidata.org/w/api.php?action=wbsearchentities&format=json&language=en&type=item&limit=5&search=GaN+Systems
GapFish,01-Jun-2021,Merger/Acquisition,"""Berlin, Germany""",gapfish,,Wikidata,ERROR,0,ERROR,,,HTTP 429 for https://www.wikidata.org/w/api.php?action=wbsearchentities&format=json&language=en&type=item&limit=5&search=GapFish
Garden,05-Feb-2026,Merger/Acquisition,"""New York, NY""",garden,,Wikidata,ERROR,0,ERROR,,,HTTP 429 for https://www.wikidata.org/w/api.php?action=wbsearchentities&format=json&language=en&type=item&limit=5&search=Garden
Garvis,05-Sep-2023,Merger/Acquisition,"""Antwerp, Belgium""",garvis,,Wikidata,ERROR,0,ERROR,,,HTTP 429 for https://www.wikidata.org/w/api.php?action=wbsearchentities&format=json&language=en&type=item&limit=5&search=Garvis
Gatsby (Financial Software),17-Aug-2022,Merger/Acquisition,"""White Plains, NY""",gatsby (financial software),,Wikidata,ERROR,0,ERROR,,,HTTP 429 for https://www.wikidata.org/w/api.php?action=wbsearchentities&format=json&language=en&type=item&limit=5&search=Gatsby+%28Financial+Software%29
Gauss,07-Sep-2021,Merger/Acquisition,"""Menlo Park, CA""",gauss,,Wikidata,ERROR,0,ERROR,,,HTTP 429 for https://www.wikidata.org/wiki/Special:EntityData/Q6722|Q1496291|Q16863158|Q177493|Q630761.json
GCommerce,19-Jul-2022,Merger/Acquisition,"""Des Moines, IA""",gcommerce,,Wikidata,ERROR,0,ERROR,,,HTTP 429 for https://www.wikidata.org/w/api.php?action=wbsearchentities&format=json&language=en&type=item&limit=5&search=GCommerce
Geins,08-Sep-2025,Merger/Acquisition,"""Stockholm, Sweden""",geins,,Wikidata,ERROR,0,ERROR,,,HTTP 429 for https://www.wikidata.org/w/api.php?action=wbsearchentities&format=json&language=en&type=item&limit=5&search=Geins
Gelesis Holdings (PINX: GLSHQ),13-Jan-2022,Reverse Merger,"""Boston, MA""",gelesis,,Wikidata,ERROR,0,ERROR,,,HTTP 429 for https://www.wikidata.org/w/api.php?action=wbsearchentities&format=json&language=en&type=item&limit=5&search=Gelesis+Holdings
Gem (Network Management Software),10-Apr-2024,Merger/Acquisition,"""New York, NY""",gem (network management software),,Wikidata,ERROR,0,ERROR,,,HTTP 429 for https://www.wikidata.org/w/api.php?action=wbsearchentities&format=json&language=en&type=item&limit=5&search=Gem+%28Network+Management+Software%29
Gemini CAD Systems,31-Dec-2021,Merger/Acquisition,"""Lasi, Romania""",gemini cad systems,,Wikidata,NONE,0,NO_MATCH,,,No Wikidata search results
Gemini Space Station (NAS: GEMI),12-Sep-2025,IPO,"""New York, NY""",gemini space station,,Wikidata,ERROR,0,ERROR,,,HTTP 429 for https://www.wikidata.org/w/api.php?action=wbsearchentities&format=json&language=en&type=item&limit=5&search=Gemini+Space+Station
Gemini Therapeutics,05-Feb-2021,Reverse Merger,"""Cambridge, MA""",gemini therapeutics,,Wikidata,ERROR,0,ERROR,,,HTTP 429 for https://www.wikidata.org/w/api.php?action=wbsearchentities&format=json&language=en&type=item&limit=5&search=Gemini+Therapeutics
GeneDx Holding (NAS: WGS),22-Jul-2021,Reverse Merger,"""Stamford, CT""",genedx,,Wikidata,ERROR,0,ERROR,,,HTTP 429 for https://www.wikidata.org/w/api.php?action=wbsearchentities&format=json&language=en&type=item&limit=5&search=GeneDx+Holding
Genelux (NAS: GNLX),26-Jan-2023,IPO,"""Westlake Village, CA""",genelux,,Wikidata,ERROR,0,ERROR,,,HTTP 429 for https://www.wikidata.org/w/api.php?action=wbsearchentities&format=json&language=en&type=item&limit=5&search=Genelux
Genenta Science (NAS: GNTA),17-Dec-2021,IPO,"""Milan, Italy""",genenta science,,Wikidata,ERROR,0,ERROR,,,HTTP 429 for https://www.wikidata.org/w/api.php?action=wbsearchentities&format=json&language=en&type=item&limit=5&search=Genenta+Science
Generation Esports,18-Apr-2025,Merger/Acquisition,"""Kansas City, MO""",generation esports,,Wikidata,NONE,0,NO_MATCH,,,No Wikidata search results
Generation Genius,03-Feb-2025,Merger/Acquisition,"""New York, NY""",generation genius,,Wikidata,ERROR,0,ERROR,,,HTTP 429 for https://www.wikidata.org/w/api.php?action=wbsearchentities&format=json&language=en&type=item&limit=5&search=Generation+Genius
Genetic Networks,20-Mar-2025,Merger/Acquisition,"""Miami Beach, FL""",genetic networks,,Wikidata,ERROR,0,ERROR,,,HTTP 429 for https://www.wikidata.org/w/api.php?action=wbsearchentities&format=json&language=en&type=item&limit=5&search=Genetic+Networks
Genetico (MISX: GECO),26-Apr-2023,IPO,"""Moscow, Russia""",genetico,,Wikidata,ERROR,0,ERROR,,,HTTP 429 for https://www.wikidata.org/w/api.php?action=wbsearchentities&format=json&language=en&type=item&limit=5&search=Genetico
GeneTx,18-Jul-2022,Merger/Acquisition,"""Downers Grove, IL""",genetx,,Wikidata,ERROR,0,ERROR,,,HTTP 429 for https://www.wikidata.org/w/api.php?action=wbsearchentities&format=json&language=en&type=item&limit=5&search=GeneTx
Geneva,01-Jul-2024,Merger/Acquisition,"""New York, NY""",geneva,,Wikidata,ERROR,0,ERROR,,,HTTP 429 for https://www.wikidata.org/w/api.php?action=wbsearchentities&format=json&language=en&type=item&limit=5&search=Geneva
GenFlow Biosciences (LON: GENF),17-Jan-2022,IPO,"""London, United Kingdom""",genflow biosciences,,Wikidata,NONE,0,NO_MATCH,,,No Wikidata search results
GENinCode (LON: GENI),22-Jul-2021,IPO,"""Oxford, United Kingdom""",genincode,,Wikidata,ERROR,0,ERROR,,,HTTP 429 for https://www.wikidata.org/w/api.php?action=wbsearchentities&format=json&language=en&type=item&limit=5&search=GENinCode
Genomtec (WAR: GMT),17-Mar-2021,IPO,"""Wroclaw, Poland""",genomtec,,Wikidata,ERROR,0,ERROR,,,HTTP 429 for https://www.wikidata.org/w/api.php?action=wbsearchentities&format=json&language=en&type=item&limit=5&search=Genomtec
Genuine Tea,14-Nov-2024,Merger/Acquisition,"""Toronto, Canada""",genuine tea,,Wikidata,ERROR,0,ERROR,,,HTTP 429 for https://www.wikidata.org/w/api.php?action=wbsearchentities&format=json&language=en&type=item&limit=5&search=Genuine+Tea
Genuity Science,16-Aug-2021,Merger/Acquisition,"""Dublin, Ireland""",genuity science,,Wikidata,ERROR,0,ERROR,,,HTTP 429 for https://www.wikidata.org/w/api.php?action=wbsearchentities&format=json&language=en&type=item&limit=5&search=Genuity+Science
Geo Comix,19-Sep-2023,Merger/Acquisition,"""Rochelle, France""",geo comix,,Wikidata,ERROR,0,ERROR,,,HTTP 429 for https://www.wikidata.org/w/api.php?action=wbsearchentities&format=json&language=en&type=item&limit=5&search=Geo+Comix
GEO Semiconductor,03-Mar-2023,Merger/Acquisition,"""San Jose, CA""",geo semiconductor,,Wikidata,NONE,0,NO_MATCH,,,No Wikidata search results
GeoPhy,28-Feb-2022,Merger/Acquisition,"""The Hague, Netherlands""",geophy,,Wikidata,ERROR,0,ERROR,,,HTTP 429 for https://www.wikidata.org/w/api.php?action=wbsearchentities&format=json&language=en&type=item&limit=5&search=GeoPhy
Get A-Head,12-Dec-2022,Merger/Acquisition,"""Toronto, Canada""",get a-head,,Wikidata,ERROR,0,ERROR,,,HTTP 429 for https://www.wikidata.org/w/api.php?action=wbsearchentities&format=json&language=en&type=item&limit=5&search=Get+A-Head
GetaPro,01-Jul-2022,Merger/Acquisition,"""Riga, Latvia""",getapro,,Wikidata,ERROR,0,ERROR,,,HTTP 429 for https://www.wikidata.org/w/api.php?action=wbsearchentities&format=json&language=en&type=item&limit=5&search=GetaPro
Getaround (PINX: GETR),09-Dec-2022,Reverse Merger,"""San Francisco, CA""",getaround,,Wikidata,ERROR,0,ERROR,,,HTTP 429 for https://www.wikidata.org/w/api.php?action=wbsearchentities&format=json&language=en&type=item&limit=5&search=Getaround
GetJenny,01-Aug-2021,Merger/Acquisition,"""Helsinki, Finland""",getjenny,,Wikidata,ERROR,0,ERROR,,,HTTP 429 for https://www.wikidata.org/w/api.php?action=wbsearchentities&format=json&language=en&type=item&limit=5&search=GetJenny
ggCircuit,01-Jun-2021,Merger/Acquisition,"""Terre Haute, IN""",ggcircuit,,Wikidata,ERROR,0,ERROR,,,HTTP 429 for https://www.wikidata.org/w/api.php?action=wbsearchentities&format=json&language=en&type=item&limit=5&search=ggCircuit
GH Research (NAS: GHRS),25-Jun-2021,IPO,"""Dublin, Ireland""",gh research,,Wikidata,NONE,0,NO_MATCH,,,No Wikidata search results
Ghost (Consumer Non-Durables),31-Dec-2024,Merger/Acquisition,"""Henderson, NV""",ghost (consumer non-durables),,Wikidata,ERROR,0,ERROR,,,HTTP 429 for https://www.wikidata.org/w/api.php?action=wbsearchentities&format=json&language=en&type=item&limit=5&search=Ghost+%28Consumer+Non-Durables%29
GigaGen,09-Mar-2021,Merger/Acquisition,"""San Francisco, CA""",gigagen,,Wikidata,ERROR,0,ERROR,,,HTTP 429 for https://www.wikidata.org/w/api.php?action=wbsearchentities&format=json&language=en&type=item&limit=5&search=GigaGen
Ginger,14-Oct-2021,Merger/Acquisition,"""San Francisco, CA""",ginger,,Wikidata,ERROR,0,ERROR,,,HTTP 429 for https://www.wikidata.org/w/api.php?action=wbsearchentities&format=json&language=en&type=item&limit=5&search=Ginger
Ginkgo Bioworks (NYS: DNA),16-Sep-2021,Reverse Merger,"""Boston, MA""",ginkgo bioworks,,Wikidata,ERROR,0,ERROR,,,HTTP 429 for https://www.wikidata.org/w/api.php?action=wbsearchentities&format=json&language=en&type=item&limit=5&search=Ginkgo+Bioworks
Ginolis,01-Mar-2021,Merger/Acquisition,"""Oulu, Finland""",ginolis,,Wikidata,ERROR,0,ERROR,,,HTTP 429 for https://www.wikidata.org/w/api.php?action=wbsearchentities&format=json&language=en&type=item&limit=5&search=Ginolis
Giphy,23-Jun-2023,Merger/Acquisition,"""New York, NY""",giphy,,Wikidata,ERROR,0,ERROR,,,HTTP 429 for https://www.wikidata.org/wiki/Special:EntityData/Q17054335.json
GitLab (NAS: GTLB),14-Oct-2021,IPO,"""San Francisco, CA""",gitlab,,Wikidata,ERROR,0,ERROR,,,HTTP 429 for https://www.wikidata.org/w/api.php?action=wbsearchentities&format=json&language=en&type=item&limit=5&search=GitLab
Glass House Group (NEOE: GLAS.A.U),29-Jun-2021,Reverse Merger,"""Long Beach, CA""",glass house,,Wikidata,ERROR,0,ERROR,,,HTTP 429 for https://www.wikidata.org/w/api.php?action=wbsearchentities&format=json&language=en&type=item&limit=5&search=Glass+House+Group
Gl_d (Rail),24-Oct-2022,Merger/Acquisition,"""Riverside, CA""",gl_d (rail),,Wikidata,ERROR,0,ERROR,,,HTTP 429 for https://www.wikidata.org/w/api.php?action=wbsearchentities&format=json&language=en&type=item&limit=5&search=Gl_d+%28Rail%29
Glide Health,15-Feb-2023,Merger/Acquisition,"""Palo Alto, CA""",glide health,,Wikidata,ERROR,0,ERROR,,,HTTP 429 for https://www.wikidata.org/w/api.php?action=wbsearchentities&format=json&language=en&type=item&limit=5&search=Glide+Health
Glitch (Software Development Applications),09-May-2022,Merger/Acquisition,"""New York, NY""",glitch (software development applications),,Wikidata,ERROR,0,ERROR,,,HTTP 429 for https://www.wikidata.org/w/api.php?action=wbsearchentities&format=json&language=en&type=item&limit=5&search=Glitch+%28Software+Development+Applications%29
Global Blood Therapeutics,05-Oct-2022,Merger/Acquisition,"""South San Francisco, CA""",global blood therapeutics,,Wikidata,ERROR,0,ERROR,,,HTTP 429 for https://www.wikidata.org/wiki/Special:EntityData/Q30287310.json
Global Training Aviation,05-Feb-2023,Merger/Acquisition,"""Madrid, Spain""",global training aviation,,Wikidata,ERROR,0,ERROR,,,HTTP 429 for https://www.wikidata.org/w/api.php?action=wbsearchentities&format=json&language=en&type=item&limit=5&search=Global+Training+Aviation
Globe (Business/Productivity Software),30-Jun-2021,Merger/Acquisition,"""Madrid, Spain""",globe (business/productivity software),,Wikidata,ERROR,0,ERROR,,,HTTP 429 for https://www.wikidata.org/w/api.php?action=wbsearchentities&format=json&language=en&type=item&limit=5&search=Globe+%28Business%2FProductivity+Software%29
Gloo Holdings (NAS: GLOO),18-Nov-2025,IPO,"""Boulder, CO""",gloo,,Wikidata,NONE,0,NO_MATCH,,,No Wikidata search results
Glovo,04-Jan-2022,Merger/Acquisition,"""Barcelona, Spain""",glovo,,Wikidata,ERROR,0,ERROR,,,HTTP 429 for https://www.wikidata.org/w/api.php?action=wbsearchentities&format=json&language=en&type=item&limit=5&search=Glovo
Glow Technologies,12-Apr-2021,Merger/Acquisition,"""Pittsburgh, PA""",glow technologies,,Wikidata,ERROR,0,ERROR,,,HTTP 429 for https://www.wikidata.org/w/api.php?action=wbsearchentities&format=json&language=en&type=item&limit=5&search=Glow+Technologies
Glu Mobile,29-Apr-2021,Merger/Acquisition,"""San Francisco, CA""",glu mobile,,Wikidata,ERROR,0,ERROR,,,HTTP 429 for https://www.wikidata.org/w/api.php?action=wbsearchentities&format=json&language=en&type=item&limit=5&search=Glu+Mobile
Glycotope,03-Jul-2024,Merger/Acquisition,"""Berlin, Germany""",glycotope,,Wikidata,ERROR,0,ERROR,,,HTTP 429 for https://www.wikidata.org/wiki/Special:EntityData/Q30268993|Q33471849|Q35842380|Q38334857.json
Glympse Bio.,09-Aug-2023,Merger/Acquisition,"""Cambridge, MA""",glympse bio,,Wikidata,ERROR,0,ERROR,,,HTTP 429 for https://www.wikidata.org/w/api.php?action=wbsearchentities&format=json&language=en&type=item&limit=5&search=Glympse+Bio.
Godsinl�sen Nordic,07-Jul-2021,IPO,"""Staffanstorp, Sweden""",godsinl�sen nordic,,Wikidata,ERROR,0,ERROR,,,HTTP 429 for https://www.wikidata.org/w/api.php?action=wbsearchentities&format=json&language=en&type=item&limit=5&search=Godsinl%EF%BF%BDsen+Nordic
Gojob,02-Oct-2025,Merger/Acquisition,"""Aix-en-Provence, France""",gojob,,Wikidata,ERROR,0,ERROR,,,HTTP 429 for https://www.wikidata.org/w/api.php?action=wbsearchentities&format=json&language=en&type=item&limit=5&search=Gojob
Gold Flora (PINX: GRAM),09-Jul-2023,Reverse Merger,"""Costa Mesa, CA""",gold flora,,Wikidata,ERROR,0,ERROR,,,HTTP 429 for https://www.wikidata.org/w/api.php?action=wbsearchentities&format=json&language=en&type=item&limit=5&search=Gold+Flora
Good Chemistry,05-Jan-2024,Merger/Acquisition,"""Vancouver, Canada""",good chemistry,,Wikidata,ERROR,0,ERROR,,,HTTP 429 for https://www.wikidata.org/wiki/Special:EntityData/Q113578741|Q131549838|Q24807226|Q70232294|Q127825457.json
Good Life+,30-Nov-2023,Reverse Merger,"""London, United Kingdom""",good life+,,Wikidata,ERROR,0,ERROR,,,HTTP 429 for https://www.wikidata.org/w/api.php?action=wbsearchentities&format=json&language=en&type=item&limit=5&search=Good+Life%2B
Good Shepherd Entertainment,07-Jan-2021,Merger/Acquisition,"""The Hague, Netherlands""",good shepherd entertainment,,Wikidata,ERROR,0,ERROR,,,HTTP 429 for https://www.wikidata.org/w/api.php?action=wbsearchentities&format=json&language=en&type=item&limit=5&search=Good+Shepherd+Entertainment
Good Therapeutics,18-Aug-2022,Merger/Acquisition,"""Seattle, WA""",good therapeutics,,Wikidata,ERROR,0,ERROR,,,HTTP 429 for https://www.wikidata.org/w/api.php?action=wbsearchentities&format=json&language=en&type=item&limit=5&search=Good+Therapeutics
GoodPup,15-Jun-2022,Merger/Acquisition,"""Canton, MA""",goodpup,,Wikidata,ERROR,0,ERROR,,,HTTP 429 for https://www.wikidata.org/w/api.php?action=wbsearchentities&format=json&language=en&type=item&limit=5&search=GoodPup
GoParrot,18-May-2022,Merger/Acquisition,"""New York, NY""",goparrot,,Wikidata,NONE,0,NO_MATCH,,,No Wikidata search results
GoPuls,12-Apr-2022,Merger/Acquisition,"""Berlin, Germany""",gopuls,,Wikidata,ERROR,0,ERROR,,,HTTP 429 for https://www.wikidata.org/w/api.php?action=wbsearchentities&format=json&language=en&type=item&limit=5&search=GoPuls
Gordon Murray Automotive,17-Dec-2025,Merger/Acquisition,"""Windlesham, United Kingdom""",gordon murray automotive,,Wikidata,ERROR,0,ERROR,,,HTTP 429 for https://www.wikidata.org/w/api.php?action=wbsearchentities&format=json&language=en&type=item&limit=5&search=Gordon+Murray+Automotive
Gorilla Technology Group (NAS: GRRR),14-Jul-2022,Reverse Merger,"""London, United Kingdom""",gorilla technology,,Wikidata,ERROR,0,ERROR,,,HTTP 429 for https://www.wikidata.org/w/api.php?action=wbsearchentities&format=json&language=en&type=item&limit=5&search=Gorilla+Technology+Group
Gorillas,09-Dec-2022,Merger/Acquisition,"""Berlin, Germany""",gorillas,,Wikidata,ERROR,0,ERROR,,,HTTP 429 for https://www.wikidata.org/w/api.php?action=wbsearchentities&format=json&language=en&type=item&limit=5&search=Gorillas
GQ Bio Therapeutics,27-Feb-2025,Merger/Acquisition,"""Hamburg, Germany""",gq bio therapeutics,,Wikidata,ERROR,0,ERROR,,,HTTP 429 for https://www.wikidata.org/w/api.php?action=wbsearchentities&format=json&language=en&type=item&limit=5&search=GQ+Bio+Therapeutics
Grab2Go (TAL: GRB2G),13-Jun-2023,IPO,"""Tallinn, Estonia""",grab2go,,Wikidata,ERROR,0,ERROR,,,HTTP 429 for https://www.wikidata.org/w/api.php?action=wbsearchentities&format=json&language=en&type=item&limit=5&search=Grab2Go
GradFin,02-May-2022,Merger/Acquisition,"""Philadelphia, PA""",gradfin,,Wikidata,NONE,0,NO_MATCH,,,No Wikidata search results
GRAIL (NAS: GRAL),18-Aug-2021,Merger/Acquisition,"""Menlo Park, CA""",grail,,Wikidata,ERROR,0,ERROR,,,HTTP 429 for https://www.wikidata.org/w/api.php?action=wbsearchentities&format=json&language=en&type=item&limit=5&search=GRAIL
Grainite,27-Sep-2023,Merger/Acquisition,"""Santa Clara, CA""",grainite,,Wikidata,ERROR,0,ERROR,,,HTTP 429 for https://www.wikidata.org/w/api.php?action=wbsearchentities&format=json&language=en&type=item&limit=5&search=Grainite
Grand-Attic,01-Dec-2021,Merger/Acquisition,"""London, United Kingdom""",grand-attic,,Wikidata,ERROR,0,ERROR,,,HTTP 429 for https://www.wikidata.org/w/api.php?action=wbsearchentities&format=json&language=en&type=item&limit=5&search=Grand-Attic
Grandata,31-Oct-2024,Merger/Acquisition,"""San Mateo, CA""",grandata,,Wikidata,ERROR,0,ERROR,,,HTTP 429 for https://www.wikidata.org/wiki/Special:EntityData/Q106485350|Q29100798.json
Graphcore,11-Jul-2024,Merger/Acquisition,"""Bristol, United Kingdom""",graphcore,,Wikidata,ERROR,0,ERROR,,,HTTP 429 for https://www.wikidata.org/w/api.php?action=wbsearchentities&format=json&language=en&type=item&limit=5&search=Graphcore
Graphite Bio,25-Jun-2021,IPO,"""South San Francisco, CA""",graphite bio,,Wikidata,ERROR,0,ERROR,,,HTTP 429 for https://www.wikidata.org/w/api.php?action=wbsearchentities&format=json&language=en&type=item&limit=5&search=Graphite+Bio
Gravite (Media and Information Services (B2B)),24-Feb-2022,Merger/Acquisition,"""Hamburg, Germany""",gravite (media and information services (b2b)),,Wikidata,ERROR,0,ERROR,,,HTTP 429 for https://www.wikidata.org/w/api.php?action=wbsearchentities&format=json&language=en&type=item&limit=5&search=Gravite+%28Media+and+Information+Services+%28B2B%29%29
Green Highland Renewables,19-Jan-2022,Merger/Acquisition,"""Perth, United Kingdom""",green highland renewables,,Wikidata,ERROR,0,ERROR,,,HTTP 429 for https://www.wikidata.org/w/api.php?action=wbsearchentities&format=json&language=en&type=item&limit=5&search=Green+Highland+Renewables
Green Innovation (Alternative Energy Equipment) (XBUL: HYD1),24-Jun-2025,IPO,"""Sofia, Bulgaria""",green innovation (alternative energy equipment),,Wikidata,NONE,0,NO_MATCH,,,No Wikidata search results
Green Leaf Medical,11-Jun-2021,Merger/Acquisition,"""Frederick, MD""",green leaf medical,,Wikidata,ERROR,0,ERROR,,,HTTP 429 for https://www.wikidata.org/w/api.php?action=wbsearchentities&format=json&language=en&type=item&limit=5&search=Green+Leaf+Medical
Green Motion,22-Mar-2021,Merger/Acquisition,"""Le Mont-sur-Lausanne, Switzerland""",green motion,,Wikidata,ERROR,0,ERROR,,,HTTP 429 for https://www.wikidata.org/w/api.php?action=wbsearchentities&format=json&language=en&type=item&limit=5&search=Green+Motion
Green Streams,24-Apr-2025,Merger/Acquisition,"""Riol, Germany""",green streams,,Wikidata,ERROR,0,ERROR,,,HTTP 429 for https://www.wikidata.org/w/api.php?action=wbsearchentities&format=json&language=en&type=item&limit=5&search=Green+Streams
Greenbacker Capital Management,23-May-2022,Merger/Acquisition,"""New York, NY""",greenbacker capital management,,Wikidata,ERROR,0,ERROR,,,HTTP 429 for https://www.wikidata.org/w/api.php?action=wbsearchentities&format=json&language=en&type=item&limit=5&search=Greenbacker+Capital+Management
Greenbids,13-May-2025,Merger/Acquisition,"""Paris, France""",greenbids,,Wikidata,NONE,0,NO_MATCH,,,No Wikidata search results
GreenCom Networks,10-Oct-2022,Merger/Acquisition,"""Munich, Germany""",greencom networks,,Wikidata,ERROR,0,ERROR,,,HTTP 429 for https://www.wikidata.org/w/api.php?action=wbsearchentities&format=json&language=en&type=item&limit=5&search=GreenCom+Networks
GreenMerc Finance,31-Mar-2025,Merger/Acquisition,"""Stockholm, Sweden""",greenmerc finance,,Wikidata,ERROR,0,ERROR,,,HTTP 429 for https://www.wikidata.org/w/api.php?action=wbsearchentities&format=json&language=en&type=item&limit=5&search=GreenMerc+Finance
Greenscreens.ai,08-May-2025,Merger/Acquisition,"""Fort Pierce, FL""",greenscreensai,,Wikidata,ERROR,0,ERROR,,,HTTP 429 for https://www.wikidata.org/w/api.php?action=wbsearchentities&format=json&language=en&type=item&limit=5&search=Greenscreens.ai
Gretel,19-Mar-2025,Merger/Acquisition,"""San Diego, CA""",gretel,,Wikidata,ERROR,0,ERROR,,,HTTP 429 for https://www.wikidata.org/w/api.php?action=wbsearchentities&format=json&language=en&type=item&limit=5&search=Gretel
Grid Finder,22-Dec-2023,Merger/Acquisition,"""Newcastle Upon Tyne, United Kingdom""",grid finder,,Wikidata,NONE,0,NO_MATCH,,,No Wikidata search results
GRIID Infrastructure,29-Dec-2023,Reverse Merger,"""Cincinnati, OH""",griid infrastructure,,Wikidata,ERROR,0,ERROR,,,HTTP 429 for https://www.wikidata.org/w/api.php?action=wbsearchentities&format=json&language=en&type=item&limit=5&search=GRIID+Infrastructure
Groq,26-Dec-2025,Merger/Acquisition,"""San Jose, CA""",groq,,Wikidata,ERROR,0,ERROR,,,HTTP 429 for https://www.wikidata.org/w/api.php?action=wbsearchentities&format=json&language=en&type=item&limit=5&search=Groq
Groundbreaker,17-Nov-2023,Merger/Acquisition,"""Chicago, IL""",groundbreaker,,Wikidata,ERROR,0,ERROR,,,HTTP 429 for https://www.wikidata.org/w/api.php?action=wbsearchentities&format=json&language=en&type=item&limit=5&search=Groundbreaker
GroupBy,25-Mar-2025,Merger/Acquisition,"""Toronto, Canada""",groupby,,Wikidata,ERROR,0,ERROR,,,HTTP 429 for https://www.wikidata.org/w/api.php?action=wbsearchentities&format=json&language=en&type=item&limit=5&search=GroupBy
Groupsense,01-Jan-2025,Merger/Acquisition,"""Arlington, VA""",groupsense,,Wikidata,ERROR,0,ERROR,,,HTTP 429 for https://www.wikidata.org/w/api.php?action=wbsearchentities&format=json&language=en&type=item&limit=5&search=Groupsense
Grove Collaborative (NYS: GROV),17-Jun-2022,Reverse Merger,"""San Francisco, CA""",grove collaborative,,Wikidata,ERROR,0,ERROR,,,HTTP 429 for https://www.wikidata.org/wiki/Special:EntityData/Q111170467.json
Growth Collective,01-Nov-2021,Merger/Acquisition,"""La Jolla, CA""",growth collective,,Wikidata,ERROR,0,ERROR,,,HTTP 429 for https://www.wikidata.org/w/api.php?action=wbsearchentities&format=json&language=en&type=item&limit=5&search=Growth+Collective
Grupa Pracuj (WAR: GPP),09-Dec-2021,IPO,"""Warsaw, Poland""",grupa pracuj,,Wikidata,ERROR,0,ERROR,,,HTTP 429 for https://www.wikidata.org/wiki/Special:EntityData/Q16555856.json
Gryphon Digital Mining,09-Feb-2024,Reverse Merger,"""Las Vegas, NV""",gryphon digital mining,,Wikidata,ERROR,0,ERROR,,,HTTP 429 for https://www.wikidata.org/w/api.php?action=wbsearchentities&format=json&language=en&type=item&limit=5&search=Gryphon+Digital+Mining
GSA Environmental,20-May-2024,Merger/Acquisition,"""Lincoln, United Kingdom""",gsa environmental,,Wikidata,ERROR,0,ERROR,,,HTTP 429 for https://www.wikidata.org/w/api.php?action=wbsearchentities&format=json&language=en&type=item&limit=5&search=GSA+Environmental
Guardian Firewall,10-Aug-2022,Merger/Acquisition,"""Groton, CT""",guardian firewall,,Wikidata,ERROR,0,ERROR,,,HTTP 429 for https://www.wikidata.org/w/api.php?action=wbsearchentities&format=json&language=en&type=item&limit=5&search=Guardian+Firewall
GuardRFID,07-Feb-2023,Merger/Acquisition,"""Delta, Canada""",guardrfid,,Wikidata,ERROR,0,ERROR,,,HTTP 429 for https://www.wikidata.org/w/api.php?action=wbsearchentities&format=json&language=en&type=item&limit=5&search=GuardRFID
Guardum,13-Dec-2021,Merger/Acquisition,"""Sheffield, United Kingdom""",guardum,,Wikidata,NONE,0,NO_MATCH,,,No Wikidata search results
Guerrilla RF (PINX: GUER),27-Oct-2021,Reverse Merger,"""Greensboro, NC""",guerrilla rf,,Wikidata,ERROR,0,ERROR,,,HTTP 429 for https://www.wikidata.org/w/api.php?action=wbsearchentities&format=json&language=en&type=item&limit=5&search=Guerrilla+RF
Guestjoy,30-Sep-2022,Merger/Acquisition,"""Tallinn, Estonia""",guestjoy,,Wikidata,ERROR,0,ERROR,,,HTTP 429 for https://www.wikidata.org/w/api.php?action=wbsearchentities&format=json&language=en&type=item&limit=5&search=Guestjoy
Guide Therapeutics,23-Feb-2021,Merger/Acquisition,"""Tucker, GA""",guide therapeutics,,Wikidata,ERROR,0,ERROR,,,HTTP 429 for https://www.wikidata.org/w/api.php?action=wbsearchentities&format=json&language=en&type=item&limit=5&search=Guide+Therapeutics
Guideline,03-Nov-2025,Merger/Acquisition,"""Burlingame, CA""",guideline,,Wikidata,ERROR,0,ERROR,,,HTTP 429 for https://www.wikidata.org/w/api.php?action=wbsearchentities&format=json&language=en&type=item&limit=5&search=Guideline
Guilded,16-Aug-2021,Merger/Acquisition,"""San Francisco, CA""",guilded,,Wikidata,ERROR,0,ERROR,,,HTTP 429 for https://www.wikidata.org/w/api.php?action=wbsearchentities&format=json&language=en&type=item&limit=5&search=Guilded
Gynesonics,02-Jan-2025,Merger/Acquisition,"""Redwood City, CA""",gynesonics,,Wikidata,ERROR,0,ERROR,,,HTTP 429 for https://www.wikidata.org/wiki/Special:EntityData/Q104480611.json
Gyroscope,17-Feb-2022,Merger/Acquisition,"""London, United Kingdom""",gyroscope,,Wikidata,ERROR,0,ERROR,,,HTTP 429 for https://www.wikidata.org/w/api.php?action=wbsearchentities&format=json&language=en&type=item&limit=5&search=Gyroscope
Habu (Business/Productivity Software),31-Jan-2024,Merger/Acquisition,"""San Francisco, CA""",habu (business/productivity software),,Wikidata,ERROR,0,ERROR,,,HTTP 429 for https://www.wikidata.org/w/api.php?action=wbsearchentities&format=json&language=en&type=item&limit=5&search=Habu+%28Business%2FProductivity+Software%29
Halda Therapeutics,26-Dec-2025,Merger/Acquisition,"""New Haven, CT""",halda therapeutics,,Wikidata,ERROR,0,ERROR,,,HTTP 429 for https://www.wikidata.org/w/api.php?action=wbsearchentities&format=json&language=en&type=item&limit=5&search=Halda+Therapeutics
Halo Labs,21-May-2025,Merger/Acquisition,"""Burlingame, CA""",halo labs,,Wikidata,ERROR,0,ERROR,,,HTTP 429 for https://www.wikidata.org/wiki/Special:EntityData/Q55453856.json
Hamul,01-Apr-2022,Merger/Acquisition,"""Walnut, CA""",hamul,,Wikidata,ERROR,0,ERROR,,,HTTP 429 for https://www.wikidata.org/wiki/Special:EntityData/Q12258876|Q87306362|Q65129982|Q16982710|Q37458236.json
Hannun (MAD: HAN),29-Jun-2022,IPO,"""Barcelona, Spain""",hannun,,Wikidata,ERROR,0,ERROR,,,HTTP 429 for https://www.wikidata.org/w/api.php?action=wbsearchentities&format=json&language=en&type=item&limit=5&search=Hannun
HapYak Interactive Video,14-Oct-2021,Merger/Acquisition,"""Boston, MA""",hapyak interactive video,,Wikidata,ERROR,0,ERROR,,,HTTP 429 for https://www.wikidata.org/w/api.php?action=wbsearchentities&format=json&language=en&type=item&limit=5&search=HapYak+Interactive+Video
Hark (Leeds),06-Apr-2023,Merger/Acquisition,"""Leeds, United Kingdom""",hark (leeds),,Wikidata,ERROR,0,ERROR,,,HTTP 429 for https://www.wikidata.org/w/api.php?action=wbsearchentities&format=json&language=en&type=item&limit=5&search=Hark+%28Leeds%29
Hart Print,17-Nov-2021,Merger/Acquisition,"""Mount Royal, Canada""",hart print,,Wikidata,ERROR,0,ERROR,,,HTTP 429 for https://www.wikidata.org/wiki/Special:EntityData/Q122921630.json
Harvest Savings & Wealth Technologies,07-Apr-2021,Merger/Acquisition,"""Larkspur, CA""",harvest savings and wealth technologies,,Wikidata,ERROR,0,ERROR,,,HTTP 429 for https://www.wikidata.org/w/api.php?action=wbsearchentities&format=json&language=en&type=item&limit=5&search=Harvest+Savings+%26+Wealth+Technologies
has.to.be,06-Oct-2021,Merger/Acquisition,"""Radstadt, Austria""",hastobe,,Wikidata,ERROR,0,ERROR,,,HTTP 429 for https://www.wikidata.org/w/api.php?action=wbsearchentities&format=json&language=en&type=item&limit=5&search=has.to.be
HashiCorp,09-Dec-2021,IPO,"""San Francisco, CA""",hashicorp,,Wikidata,ERROR,0,ERROR,,,HTTP 429 for https://www.wikidata.org/w/api.php?action=wbsearchentities&format=json&language=en&type=item&limit=5&search=HashiCorp
Hashnote,21-Jan-2025,Merger/Acquisition,"""Miami Beach, FL""",hashnote,,Wikidata,ERROR,0,ERROR,,,HTTP 429 for https://www.wikidata.org/w/api.php?action=wbsearchentities&format=json&language=en&type=item&limit=5&search=Hashnote
Hashtag You,01-Aug-2025,Merger/Acquisition,"""Berlin, Germany""",hashtag you,,Wikidata,ERROR,0,ERROR,,,HTTP 429 for https://www.wikidata.org/w/api.php?action=wbsearchentities&format=json&language=en&type=item&limit=5&search=Hashtag+You
Haven (Logistics),07-Apr-2021,Merger/Acquisition,"""San Francisco, CA""",haven (logistics),,Wikidata,NONE,0,NO_MATCH,,,No Wikidata search results
Hawk (Media and Information Services B2B),13-Oct-2023,Merger/Acquisition,"""Paris, France""",hawk (media and information services b2b),,Wikidata,ERROR,0,ERROR,,,HTTP 429 for https://www.wikidata.org/w/api.php?action=wbsearchentities&format=json&language=en&type=item&limit=5&search=Hawk+%28Media+and+Information+Services+B2B%29
Haxiot,26-Mar-2021,Merger/Acquisition,"""Plano, TX""",haxiot,,Wikidata,ERROR,0,ERROR,,,HTTP 429 for https://www.wikidata.org/w/api.php?action=wbsearchentities&format=json&language=en&type=item&limit=5&search=Haxiot
Haystack Oncology,20-Jun-2023,Merger/Acquisition,"""Baltimore, MD""",haystack oncology,,Wikidata,ERROR,0,ERROR,,,HTTP 429 for https://www.wikidata.org/w/api.php?action=wbsearchentities&format=json&language=en&type=item&limit=5&search=Haystack+Oncology
HazardHub,18-Aug-2021,Merger/Acquisition,"""San Diego, CA""",hazardhub,,Wikidata,ERROR,0,ERROR,,,HTTP 429 for https://www.wikidata.org/w/api.php?action=wbsearchentities&format=json&language=en&type=item&limit=5&search=HazardHub
HCW Biologics (NAS: HCWB),20-Jul-2021,IPO,"""Miramar, FL""",hcw biologics,,Wikidata,ERROR,0,ERROR,,,HTTP 429 for https://www.wikidata.org/w/api.php?action=wbsearchentities&format=json&language=en&type=item&limit=5&search=HCW+Biologics
HDF Energy (PAR: HDF),24-Jun-2021,IPO,"""Blanquefort, France""",hdf energy,,Wikidata,NONE,0,NO_MATCH,,,No Wikidata search results
Headstart (Human Capital Services),18-Aug-2022,Merger/Acquisition,"""London, United Kingdom""",headstart (human capital services),,Wikidata,ERROR,0,ERROR,,,HTTP 429 for https://www.wikidata.org/w/api.php?action=wbsearchentities&format=json&language=en&type=item&limit=5&search=Headstart+%28Human+Capital+Services%29
Headup Games,15-Mar-2021,Merger/Acquisition,"""Duren, Germany""",headup games,,Wikidata,ERROR,0,ERROR,,,HTTP 429 for https://www.wikidata.org/w/api.php?action=wbsearchentities&format=json&language=en&type=item&limit=5&search=Headup+Games
Healion Bio,02-Feb-2023,Merger/Acquisition,"""Frederick, MD""",healion bio,,Wikidata,ERROR,0,ERROR,,,HTTP 429 for https://www.wikidata.org/w/api.php?action=wbsearchentities&format=json&language=en&type=item&limit=5&search=Healion+Bio
Health & Her,08-Nov-2024,Merger/Acquisition,"""Cardiff, United Kingdom""",health and her,,Wikidata,ERROR,0,ERROR,,,HTTP 429 for https://www.wikidata.org/w/api.php?action=wbsearchentities&format=json&language=en&type=item&limit=5&search=Health+%26+Her
HealthBeacon,15-Dec-2021,IPO,"""Dublin, Ireland""",healthbeacon,,Wikidata,ERROR,0,ERROR,,,HTTP 429 for https://www.wikidata.org/w/api.php?action=wbsearchentities&format=json&language=en&type=item&limit=5&search=HealthBeacon
HealthiNation,16-Apr-2021,Merger/Acquisition,"""New York, NY""",healthination,,Wikidata,ERROR,0,ERROR,,,HTTP 429 for https://www.wikidata.org/w/api.php?action=wbsearchentities&format=json&language=en&type=item&limit=5&search=HealthiNation
Hearsay Systems,01-Aug-2024,Merger/Acquisition,"""San Francisco, CA""",hearsay systems,,Wikidata,NONE,0,NO_MATCH,,,No Wikidata search results
HeartBeam (NAS: BEAT),11-Nov-2021,IPO,"""Santa Clara, CA""",heartbeam,,Wikidata,ERROR,0,ERROR,,,HTTP 429 for https://www.wikidata.org/w/api.php?action=wbsearchentities&format=json&language=en&type=item&limit=5&search=HeartBeam
HeartFlow (NAS: HTFL),08-Aug-2025,IPO,"""Mountain View, CA""",heartflow,,Wikidata,ERROR,0,ERROR,,,HTTP 429 for https://www.wikidata.org/w/api.php?action=wbsearchentities&format=json&language=en&type=item&limit=5&search=HeartFlow
HeartSciences (NAS: HSCS),15-Jun-2022,IPO,"""Southlake, TX""",heartsciences,,Wikidata,ERROR,0,ERROR,,,HTTP 429 for https://www.wikidata.org/w/api.php?action=wbsearchentities&format=json&language=en&type=item&limit=5&search=HeartSciences
HeleCloud,23-Sep-2021,Merger/Acquisition,"""London, United Kingdom""",helecloud,,Wikidata,ERROR,0,ERROR,,,HTTP 429 for https://www.wikidata.org/w/api.php?action=wbsearchentities&format=json&language=en&type=item&limit=5&search=HeleCloud
Helio (Financial Software),09-Jan-2025,Merger/Acquisition,"""London, United Kingdom""",helio (financial software),,Wikidata,NONE,0,NO_MATCH,,,No Wikidata search results
Heliogen,30-Dec-2021,Reverse Merger,"""Pasadena, CA""",heliogen,,Wikidata,ERROR,0,ERROR,,,HTTP 429 for https://www.wikidata.org/w/api.php?action=wbsearchentities&format=json&language=en&type=item&limit=5&search=Heliogen
HelioHeat,01-Sep-2021,Merger/Acquisition,"""Offenburg, Germany""",helioheat,,Wikidata,ERROR,0,ERROR,,,HTTP 429 for https://www.wikidata.org/w/api.php?action=wbsearchentities&format=json&language=en&type=item&limit=5&search=HelioHeat
HelloAva,01-Mar-2023,Merger/Acquisition,"""New York, NY""",helloava,,Wikidata,ERROR,0,ERROR,,,HTTP 429 for https://www.wikidata.org/w/api.php?action=wbsearchentities&format=json&language=en&type=item&limit=5&search=HelloAva
Helpshift,15-Dec-2022,Merger/Acquisition,"""Keller, TX""",helpshift,,Wikidata,ERROR,0,ERROR,,,HTTP 429 for https://www.wikidata.org/w/api.php?action=wbsearchentities&format=json&language=en&type=item&limit=5&search=Helpshift
Helyx Industries (MIL: HLX),06-Aug-2021,IPO,"""Udine, Italy""",helyx industries,,Wikidata,NONE,0,NO_MATCH,,,No Wikidata search results
Hemovent,13-Oct-2021,Merger/Acquisition,"""Aachen, Germany""",hemovent,,Wikidata,ERROR,0,ERROR,,,HTTP 429 for https://www.wikidata.org/w/api.php?action=wbsearchentities&format=json&language=en&type=item&limit=5&search=Hemovent
Hempalta (TSX: HEMP),19-Mar-2024,Reverse Merger,"""Calgary, Canada""",hempalta,,Wikidata,ERROR,0,ERROR,,,HTTP 429 for https://www.wikidata.org/w/api.php?action=wbsearchentities&format=json&language=en&type=item&limit=5&search=Hempalta
HempFusion,06-Jan-2021,IPO,"""Denver, CO""",hempfusion,,Wikidata,ERROR,0,ERROR,,,HTTP 429 for https://www.wikidata.org/w/api.php?action=wbsearchentities&format=json&language=en&type=item&limit=5&search=HempFusion
HemPoland,06-Sep-2022,Merger/Acquisition,"""Elblag, Poland""",hempoland,,Wikidata,ERROR,0,ERROR,,,HTTP 429 for https://www.wikidata.org/w/api.php?action=wbsearchentities&format=json&language=en&type=item&limit=5&search=HemPoland
Hents_,01-Feb-2021,Merger/Acquisition,"""London, United Kingdom""",hents_,,Wikidata,ERROR,0,ERROR,,,HTTP 429 for https://www.wikidata.org/w/api.php?action=wbsearchentities&format=json&language=en&type=item&limit=5&search=Hents_
Hepatic Cell Therapy Support,01-Apr-2021,Merger/Acquisition,"""Charleroi, Belgium""",hepatic cell therapy support,,Wikidata,NONE,0,NO_MATCH,,,No Wikidata search results
Hera Systems,30-Aug-2024,Merger/Acquisition,"""San Jose, CA""",hera systems,,Wikidata,ERROR,0,ERROR,,,HTTP 429 for https://www.wikidata.org/w/api.php?action=wbsearchentities&format=json&language=en&type=item&limit=5&search=Hera+Systems
Hero Towers,09-Jul-2021,Merger/Acquisition,"""London, United Kingdom""",hero towers,,Wikidata,ERROR,0,ERROR,,,HTTP 429 for https://www.wikidata.org/w/api.php?action=wbsearchentities&format=json&language=en&type=item&limit=5&search=Hero+Towers
Hertz Energy (CNQ: HZ),10-Apr-2023,IPO,"""Vancouver, Canada""",hertz energy,,Wikidata,ERROR,0,ERROR,,,HTTP 429 for https://www.wikidata.org/w/api.php?action=wbsearchentities&format=json&language=en&type=item&limit=5&search=Hertz+Energy
Herv� (Food Products),18-Mar-2022,Merger/Acquisition,"""Toronto, Canada""",herv� (food products),,Wikidata,NONE,0,NO_MATCH,,,No Wikidata search results
Heuritech,25-Oct-2024,Merger/Acquisition,"""Paris, France""",heuritech,,Wikidata,ERROR,0,ERROR,,,HTTP 429 for https://www.wikidata.org/w/api.php?action=wbsearchentities&format=json&language=en&type=item&limit=5&search=Heuritech
Hexas Biomass,08-Dec-2025,Merger/Acquisition,"""Olympia, WA""",hexas biomass,,Wikidata,ERROR,0,ERROR,,,HTTP 429 for https://www.wikidata.org/w/api.php?action=wbsearchentities&format=json&language=en&type=item&limit=5&search=Hexas+Biomass
Hexicon (STO: HEXI),22-Jun-2021,IPO,"""Stockholm, Sweden""",hexicon,,Wikidata,ERROR,0,ERROR,,,HTTP 429 for https://www.wikidata.org/w/api.php?action=wbsearchentities&format=json&language=en&type=item&limit=5&search=Hexicon
Heyday (Canada),03-Aug-2021,Merger/Acquisition,"""Montreal, Canada""",heyday (canada),,Wikidata,ERROR,0,ERROR,,,HTTP 429 for https://www.wikidata.org/w/api.php?action=wbsearchentities&format=json&language=en&type=item&limit=5&search=Heyday+%28Canada%29
Heyday Integrated Circuits,01-Sep-2022,Merger/Acquisition,"""Grasse, France""",heyday integrated circuits,,Wikidata,NONE,0,NO_MATCH,,,No Wikidata search results
HI-Bio,02-Jul-2024,Merger/Acquisition,"""South San Francisco, CA""",hi-bio,,Wikidata,ERROR,0,ERROR,,,HTTP 429 for https://www.wikidata.org/w/api.php?action=wbsearchentities&format=json&language=en&type=item&limit=5&search=HI-Bio
Hi55 Ventures,18-Nov-2022,Reverse Merger,"""Milton Keynes, United Kingdom""",hi55 ventures,,Wikidata,ERROR,0,ERROR,,,HTTP 429 for https://www.wikidata.org/w/api.php?action=wbsearchentities&format=json&language=en&type=item&limit=5&search=Hi55+Ventures
Hidden Road,24-Oct-2025,Merger/Acquisition,"""New York, NY""",hidden road,,Wikidata,ERROR,0,ERROR,,,HTTP 429 for https://www.wikidata.org/wiki/Special:EntityData/Q109456368|Q133814921.json
High Roller Technologies (ASE: ROLR),23-Oct-2024,IPO,"""Las Vegas, NV""",high roller technologies,,Wikidata,ERROR,0,ERROR,,,HTTP 429 for https://www.wikidata.org/w/api.php?action=wbsearchentities&format=json&language=en&type=item&limit=5&search=High+Roller+Technologies
HigherMe,10-Jun-2021,Buyout/LBO,"""Covina, CA""",higherme,,Wikidata,ERROR,0,ERROR,,,HTTP 429 for https://www.wikidata.org/w/api.php?action=wbsearchentities&format=json&language=en&type=item&limit=5&search=HigherMe
HighGold Mining,10-Jul-2024,Merger/Acquisition,"""Vancouver, Canada""",highgold mining,,Wikidata,ERROR,0,ERROR,,,HTTP 429 for https://www.wikidata.org/w/api.php?action=wbsearchentities&format=json&language=en&type=item&limit=5&search=HighGold+Mining
Highsnobiety,01-Jul-2022,Merger/Acquisition,"""Berlin, Germany""",highsnobiety,,Wikidata,ERROR,0,ERROR,,,HTTP 429 for https://www.wikidata.org/wiki/Special:EntityData/Q39047811.json
Higi (Decision/Risk Analysis),31-Dec-2021,Merger/Acquisition,"""Chicago, IL""",higi (decision/risk analysis),,Wikidata,ERROR,0,ERROR,,,HTTP 429 for https://www.wikidata.org/w/api.php?action=wbsearchentities&format=json&language=en&type=item&limit=5&search=Higi+%28Decision%2FRisk+Analysis%29
HilleVax,29-Apr-2022,IPO,"""Boston, MA""",hillevax,,Wikidata,ERROR,0,ERROR,,,HTTP 429 for https://www.wikidata.org/w/api.php?action=wbsearchentities&format=json&language=en&type=item&limit=5&search=HilleVax
Hinge Health (NYS: HNGE),22-May-2025,IPO,"""San Francisco, CA""",hinge health,,Wikidata,ERROR,0,ERROR,,,HTTP 429 for https://www.wikidata.org/w/api.php?action=wbsearchentities&format=json&language=en&type=item&limit=5&search=Hinge+Health
Hitch (Business/Productivity Software),15-Jun-2022,Merger/Acquisition,"""Seattle, WA""",hitch (business/productivity software),,Wikidata,NONE,0,NO_MATCH,,,No Wikidata search results
Hivestack,11-Dec-2023,Merger/Acquisition,"""Montreal, Canada""",hivestack,,Wikidata,ERROR,0,ERROR,,,HTTP 429 for https://www.wikidata.org/w/api.php?action=wbsearchentities&format=json&language=en&type=item&limit=5&search=Hivestack
HLA Data Systems,01-Jan-2023,Merger/Acquisition,"""Houston, TX""",hla data systems,,Wikidata,ERROR,0,ERROR,,,HTTP 429 for https://www.wikidata.org/w/api.php?action=wbsearchentities&format=json&language=en&type=item&limit=5&search=HLA+Data+Systems
Hoi Publishing (NGM: IMHO B),08-Jul-2022,IPO,"""Stockholm, Sweden""",hoi publishing,,Wikidata,ERROR,0,ERROR,,,HTTP 429 for https://www.wikidata.org/w/api.php?action=wbsearchentities&format=json&language=en&type=item&limit=5&search=Hoi+Publishing
HoloBuilder,04-Jun-2021,Merger/Acquisition,"""Lake Mary, FL""",holobuilder,,Wikidata,ERROR,0,ERROR,,,HTTP 429 for https://www.wikidata.org/w/api.php?action=wbsearchentities&format=json&language=en&type=item&limit=5&search=HoloBuilder
Holoplot,25-Apr-2024,Merger/Acquisition,"""Berlin, Germany""",holoplot,,Wikidata,ERROR,0,ERROR,,,HTTP 429 for https://www.wikidata.org/w/api.php?action=wbsearchentities&format=json&language=en&type=item&limit=5&search=Holoplot
Home24,31-Dec-2022,Merger/Acquisition,"""Berlin, Germany""",home24,,Wikidata,ERROR,0,ERROR,,,HTTP 429 for https://www.wikidata.org/wiki/Special:EntityData/Q17322325|Q100926995.json
HomeToGo (FRA: HTG),21-Sep-2021,Reverse Merger,"""Berlin, Germany""",hometogo,,Wikidata,ERROR,0,ERROR,,,HTTP 429 for https://www.wikidata.org/w/api.php?action=wbsearchentities&format=json&language=en&type=item&limit=5&search=HomeToGo
Homology Medicines,25-Mar-2024,Merger/Acquisition,"""Bedford, MA""",homology medicines,,Wikidata,ERROR,0,ERROR,,,HTTP 429 for https://www.wikidata.org/w/api.php?action=wbsearchentities&format=json&language=en&type=item&limit=5&search=Homology+Medicines
Honest Day's Work,03-Jul-2023,Merger/Acquisition,"""Los Angeles, CA""",honest days work,,Wikidata,ERROR,0,ERROR,,,HTTP 429 for https://www.wikidata.org/w/api.php?action=wbsearchentities&format=json&language=en&type=item&limit=5&search=Honest+Day%27s+Work
Honest Health (Other Healthcare Services),30-Jun-2021,Merger/Acquisition,"""London, United Kingdom""",honest health (other healthcare services),,Wikidata,ERROR,0,ERROR,,,HTTP 429 for https://www.wikidata.org/w/api.php?action=wbsearchentities&format=json&language=en&type=item&limit=5&search=Honest+Health+%28Other+Healthcare+Services%29
Horizon Aircraft (NAS: HOVR),28-May-2021,Merger/Acquisition,"""Lindsay, Canada""",horizon aircraft,,Wikidata,ERROR,0,ERROR,,,HTTP 429 for https://www.wikidata.org/wiki/Special:EntityData/Q136684178.json
Horizon Therapeutics,06-Oct-2023,Merger/Acquisition,"""Dublin, Ireland""",horizon therapeutics,,Wikidata,ERROR,0,ERROR,,,HTTP 429 for https://www.wikidata.org/w/api.php?action=wbsearchentities&format=json&language=en&type=item&limit=5&search=Horizon+Therapeutics
Hostelt�ctil,06-Mar-2024,Merger/Acquisition,"""Valencia, Spain""",hostelt�ctil,,Wikidata,ERROR,0,ERROR,,,HTTP 429 for https://www.wikidata.org/w/api.php?action=wbsearchentities&format=json&language=en&type=item&limit=5&search=Hostelt%EF%BF%BDctil
"""Hotshot (Movies, Music and Entertainment)""",14-Mar-2025,Merger/Acquisition,"""San Francisco, CA""",hotshot (movies music and entertainment),,Wikidata,ERROR,0,ERROR,,,HTTP 429 for https://www.wikidata.org/w/api.php?action=wbsearchentities&format=json&language=en&type=item&limit=5&search=%22Hotshot+%28Movies%2C+Music+and+Entertainment%29%22
HotSpot,01-Jun-2022,Merger/Acquisition,"""Fredericton, Canada""",hotspot,,Wikidata,ERROR,0,ERROR,,,HTTP 429 for https://www.wikidata.org/w/api.php?action=wbsearchentities&format=json&language=en&type=item&limit=5&search=HotSpot
Hovding Sverige,13-May-2022,Merger/Acquisition,"""Malmo, Sweden""",hovding sverige,,Wikidata,NONE,0,NO_MATCH,,,No Wikidata search results
Hoxton Spirits,28-May-2025,Merger/Acquisition,"""London, United Kingdom""",hoxton spirits,,Wikidata,ERROR,0,ERROR,,,HTTP 429 for https://www.wikidata.org/w/api.php?action=wbsearchentities&format=json&language=en&type=item&limit=5&search=Hoxton+Spirits
Hprobe,13-Mar-2025,Merger/Acquisition,"""Eybens, France""",hprobe,,Wikidata,ERROR,0,ERROR,,,HTTP 429 for https://www.wikidata.org/w/api.php?action=wbsearchentities&format=json&language=en&type=item&limit=5&search=Hprobe
Hu,04-Jan-2021,Merger/Acquisition,"""New York, NY""",hu,,Wikidata,ERROR,0,ERROR,,,HTTP 429 for https://www.wikidata.org/w/api.php?action=wbsearchentities&format=json&language=en&type=item&limit=5&search=Hu
HUB Organoids,23-Dec-2024,Merger/Acquisition,"""Utrecht, Netherlands""",hub organoids,,Wikidata,ERROR,0,ERROR,,,HTTP 429 for https://www.wikidata.org/w/api.php?action=wbsearchentities&format=json&language=en&type=item&limit=5&search=HUB+Organoids
Hubbster Group,10-Mar-2022,IPO,"""Stockholm, Sweden""",hubbster,,Wikidata,ERROR,0,ERROR,,,HTTP 429 for https://www.wikidata.org/w/api.php?action=wbsearchentities&format=json&language=en&type=item&limit=5&search=Hubbster+Group
Hubs (New York),22-Jan-2021,Merger/Acquisition,"""Amsterdam, Netherlands""",hubs (new york),,Wikidata,NONE,0,NO_MATCH,,,No Wikidata search results
HubTran,01-Jun-2021,Merger/Acquisition,"""Chicago, IL""",hubtran,,Wikidata,ERROR,0,ERROR,,,HTTP 429 for https://www.wikidata.org/w/api.php?action=wbsearchentities&format=json&language=en&type=item&limit=5&search=HubTran
Humacyte Global (NAS: HUMA),26-Aug-2021,Reverse Merger,"""Durham, NC""",humacyte global,,Wikidata,ERROR,0,ERROR,,,HTTP 429 for https://www.wikidata.org/w/api.php?action=wbsearchentities&format=json&language=en&type=item&limit=5&search=Humacyte+Global
Human Data Sciences,21-May-2024,Merger/Acquisition,"""Cardiff, United Kingdom""",human data sciences,,Wikidata,ERROR,0,ERROR,,,HTTP 429 for https://www.wikidata.org/w/api.php?action=wbsearchentities&format=json&language=en&type=item&limit=5&search=Human+Data+Sciences
Humane,18-Feb-2025,Merger/Acquisition,"""San Francisco, CA""",humane,,Wikidata,ERROR,0,ERROR,,,HTTP 429 for https://www.wikidata.org/w/api.php?action=wbsearchentities&format=json&language=en&type=item&limit=5&search=Humane
HumanFirst (Pharmaceuticals and Biotechnology),09-Jan-2024,Merger/Acquisition,"""San Francisco, CA""",humanfirst (pharmaceuticals and biotechnology),,Wikidata,ERROR,0,ERROR,,,HTTP 429 for https://www.wikidata.org/w/api.php?action=wbsearchentities&format=json&language=en&type=item&limit=5&search=HumanFirst+%28Pharmaceuticals+and+Biotechnology%29
Humanigen,14-Feb-2024,Merger/Acquisition,"""Short Hills, NJ""",humanigen,,Wikidata,ERROR,0,ERROR,,,HTTP 429 for https://www.wikidata.org/wiki/Special:EntityData/Q104480817.json
Humi (Business/Productivity Softwar),08-Jan-2025,Merger/Acquisition,"""Toronto, Canada""",humi (business/productivity softwar),,Wikidata,ERROR,0,ERROR,,,HTTP 429 for https://www.wikidata.org/w/api.php?action=wbsearchentities&format=json&language=en&type=item&limit=5&search=Humi+%28Business%2FProductivity+Softwar%29
Humio,05-Mar-2021,Merger/Acquisition,"""London, United Kingdom""",humio,,Wikidata,ERROR,0,ERROR,,,HTTP 429 for https://www.wikidata.org/w/api.php?action=wbsearchentities&format=json&language=en&type=item&limit=5&search=Humio
Hurel,15-Sep-2021,Merger/Acquisition,"""North Brunswick Township, NJ""",hurel,,Wikidata,ERROR,0,ERROR,,,HTTP 429 for https://www.wikidata.org/w/api.php?action=wbsearchentities&format=json&language=en&type=item&limit=5&search=Hurel
Hutano Diagnostics,02-Oct-2023,Merger/Acquisition,"""Oxford, United Kingdom""",hutano diagnostics,,Wikidata,ERROR,0,ERROR,,,HTTP 429 for https://www.wikidata.org/w/api.php?action=wbsearchentities&format=json&language=en&type=item&limit=5&search=Hutano+Diagnostics
HUUB (Logistics),01-Sep-2021,Merger/Acquisition,"""Matosinhos, Portugal""",huub (logistics),,Wikidata,ERROR,0,ERROR,,,HTTP 429 for https://www.wikidata.org/w/api.php?action=wbsearchentities&format=json&language=en&type=item&limit=5&search=HUUB+%28Logistics%29
Huuuge (WAR: HUG),19-Feb-2021,IPO,"""Dover, DE""",huuuge,,Wikidata,ERROR,0,ERROR,,,HTTP 429 for https://www.wikidata.org/wiki/Special:EntityData/Q110386561.json
Hybrid Power Solutions (CNQ: HPSS),01-Dec-2023,IPO,"""Etobicoke, Canada""",hybrid power solutions,,Wikidata,ERROR,0,ERROR,,,HTTP 429 for https://www.wikidata.org/w/api.php?action=wbsearchentities&format=json&language=en&type=item&limit=5&search=Hybrid+Power+Solutions
Hybrid Theory,10-Nov-2022,Merger/Acquisition,"""London, United Kingdom""",hybrid theory,,Wikidata,ERROR,0,ERROR,,,HTTP 429 for https://www.wikidata.org/w/api.php?action=wbsearchentities&format=json&language=en&type=item&limit=5&search=Hybrid+Theory
Hydralyte (ASX: HPC),14-Dec-2021,IPO,"""La Jolla, CA""",hydralyte,,Wikidata,ERROR,0,ERROR,,,HTTP 429 for https://www.wikidata.org/w/api.php?action=wbsearchentities&format=json&language=en&type=item&limit=5&search=Hydralyte
HYDY(San Francisco),29-Aug-2024,Merger/Acquisition,"""San Francisco, CA""",hydy(san francisco),,Wikidata,ERROR,0,ERROR,,,HTTP 429 for https://www.wikidata.org/w/api.php?action=wbsearchentities&format=json&language=en&type=item&limit=5&search=HYDY%28San+Francisco%29
Hype (California),14-May-2024,Merger/Acquisition,"""Covina, CA""",hype (california),,Wikidata,ERROR,0,ERROR,,,HTTP 429 for https://www.wikidata.org/w/api.php?action=wbsearchentities&format=json&language=en&type=item&limit=5&search=Hype+%28California%29
Hyperfine (NAS: HYPR),22-Dec-2021,Reverse Merger,"""Guilford, CT""",hyperfine,,Wikidata,ERROR,0,ERROR,,,HTTP 429 for https://www.wikidata.org/wiki/Special:EntityData/Q107010388|Q15760130|Q105047321|Q1413102|Q59547533.json
Hypur,01-Apr-2023,Merger/Acquisition,"""Phoenix, AZ""",hypur,,Wikidata,ERROR,0,ERROR,,,HTTP 429 for https://www.wikidata.org/wiki/Special:EntityData/Q14923408|Q21216134|Q21276277|Q1393463|Q60743355.json
Hyzon Fuel Cell,16-Jul-2021,Reverse Merger,"""Bolingbrook, IL""",hyzon fuel cell,,Wikidata,ERROR,0,ERROR,,,HTTP 429 for https://www.wikidata.org/w/api.php?action=wbsearchentities&format=json&language=en&type=item&limit=5&search=Hyzon+Fuel+Cell
i2O Water,14-Jun-2021,Merger/Acquisition,"""Southampton, United Kingdom""",i2o water,,Wikidata,ERROR,0,ERROR,,,HTTP 429 for https://www.wikidata.org/w/api.php?action=wbsearchentities&format=json&language=en&type=item&limit=5&search=i2O+Water
iAsesoria,31-May-2022,Merger/Acquisition,"""Madrid, Spain""",iasesoria,,Wikidata,ERROR,0,ERROR,,,HTTP 429 for https://www.wikidata.org/w/api.php?action=wbsearchentities&format=json&language=en&type=item&limit=5&search=iAsesoria
Ibotta (NYS: IBTA),18-Apr-2024,IPO,"""Denver, CO""",ibotta,,Wikidata,ERROR,0,ERROR,,,HTTP 429 for https://www.wikidata.org/wiki/Special:EntityData/Q28133993.json
IC'Alps,04-Aug-2025,Merger/Acquisition,"""Grenoble, France""",icalps,,Wikidata,ERROR,0,ERROR,,,HTTP 429 for https://www.wikidata.org/w/api.php?action=wbsearchentities&format=json&language=en&type=item&limit=5&search=IC%27Alps
Icosavax,29-Jul-2021,IPO,"""Seattle, WA""",icosavax,,Wikidata,ERROR,0,ERROR,,,HTTP 429 for https://www.wikidata.org/w/api.php?action=wbsearchentities&format=json&language=en&type=item&limit=5&search=Icosavax
ID Quantique,30-Apr-2025,Merger/Acquisition,"""Geneva, Switzerland""",id quantique,,Wikidata,ERROR,0,ERROR,,,HTTP 429 for https://www.wikidata.org/w/api.php?action=wbsearchentities&format=json&language=en&type=item&limit=5&search=ID+Quantique
ID R&D,28-May-2021,Merger/Acquisition,"""New York, NY""",id r and d,,Wikidata,ERROR,0,ERROR,,,HTTP 429 for https://www.wikidata.org/w/api.php?action=wbsearchentities&format=json&language=en&type=item&limit=5&search=ID+R%26D
Identified Technologies,20-Oct-2021,Merger/Acquisition,"""Pittsburgh, PA""",identified technologies,,Wikidata,NONE,0,NO_MATCH,,,No Wikidata search results
Identify3D,01-Sep-2022,Merger/Acquisition,"""San Francisco, CA""",identify3d,,Wikidata,ERROR,0,ERROR,,,HTTP 429 for https://www.wikidata.org/w/api.php?action=wbsearchentities&format=json&language=en&type=item&limit=5&search=Identify3D
IDRx,24-Feb-2025,Merger/Acquisition,"""Plymouth, MA""",idrx,,Wikidata,ERROR,0,ERROR,,,HTTP 429 for https://www.wikidata.org/w/api.php?action=wbsearchentities&format=json&language=en&type=item&limit=5&search=IDRx
Ieso,20-Aug-2025,Merger/Acquisition,"""Cambridge, United Kingdom""",ieso,,Wikidata,ERROR,0,ERROR,,,HTTP 429 for https://www.wikidata.org/w/api.php?action=wbsearchentities&format=json&language=en&type=item&limit=5&search=Ieso
iGenomX,14-Jun-2021,Merger/Acquisition,"""San Francisco, CA""",igenomx,,Wikidata,ERROR,0,ERROR,,,HTTP 429 for https://www.wikidata.org/w/api.php?action=wbsearchentities&format=json&language=en&type=item&limit=5&search=iGenomX
Igloo (Alternative Energy Equipment),02-Dec-2022,Merger/Acquisition,"""Southampton, United Kingdom""",igloo (alternative energy equipment),,Wikidata,ERROR,0,ERROR,,,HTTP 429 for https://www.wikidata.org/w/api.php?action=wbsearchentities&format=json&language=en&type=item&limit=5&search=Igloo+%28Alternative+Energy+Equipment%29
Ignis Technologies,12-Sep-2023,Merger/Acquisition,"""Bozeman, MT""",ignis technologies,,Wikidata,ERROR,0,ERROR,,,HTTP 429 for https://www.wikidata.org/w/api.php?action=wbsearchentities&format=json&language=en&type=item&limit=5&search=Ignis+Technologies
Ignium,14-Feb-2023,Merger/Acquisition,"""Tallinn, Estonia""",ignium,,Wikidata,NONE,0,NO_MATCH,,,No Wikidata search results
Ikena Oncology,26-Mar-2021,IPO,"""Boston, MA""",ikena oncology,,Wikidata,ERROR,0,ERROR,,,HTTP 429 for https://www.wikidata.org/w/api.php?action=wbsearchentities&format=json&language=en&type=item&limit=5&search=Ikena+Oncology
IKS Health (NSE: IKS),19-Dec-2024,IPO,"""Coppell, TX""",iks health,,Wikidata,ERROR,0,ERROR,,,HTTP 429 for https://www.wikidata.org/w/api.php?action=wbsearchentities&format=json&language=en&type=item&limit=5&search=IKS+Health
iLearningEngines,16-Apr-2024,Reverse Merger,"""Bethesda, MD""",ilearningengines,,Wikidata,ERROR,0,ERROR,,,HTTP 429 for https://www.wikidata.org/w/api.php?action=wbsearchentities&format=json&language=en&type=item&limit=5&search=iLearningEngines
Ilegal Mezcal,01-Sep-2023,Merger/Acquisition,"""New York, NY""",ilegal mezcal,,Wikidata,ERROR,0,ERROR,,,HTTP 429 for https://www.wikidata.org/w/api.php?action=wbsearchentities&format=json&language=en&type=item&limit=5&search=Ilegal+Mezcal
IllumiCare,13-Jun-2025,Merger/Acquisition,"""Vestavia, AL""",illumicare,,Wikidata,ERROR,0,ERROR,,,HTTP 429 for https://www.wikidata.org/w/api.php?action=wbsearchentities&format=json&language=en&type=item&limit=5&search=IllumiCare
Illuria,20-Dec-2021,Merger/Acquisition,"""Wilmington, DE""",illuria,,Wikidata,NONE,0,NO_MATCH,,,No Wikidata search results
ImageneBio (NAS: IMA),25-Jul-2025,Reverse Merger,"""San Diego, CA""",imagenebio,,Wikidata,ERROR,0,ERROR,,,HTTP 429 for https://www.wikidata.org/w/api.php?action=wbsearchentities&format=json&language=en&type=item&limit=5&search=ImageneBio
Imagineoptix,17-Dec-2021,Merger/Acquisition,"""Durham, NC""",imagineoptix,,Wikidata,ERROR,0,ERROR,,,HTTP 429 for https://www.wikidata.org/w/api.php?action=wbsearchentities&format=json&language=en&type=item&limit=5&search=Imagineoptix
Imago BioSciences,09-Jul-2021,IPO,"""Redwood City, CA""",imago biosciences,,Wikidata,ERROR,0,ERROR,,,HTTP 429 for https://www.wikidata.org/w/api.php?action=wbsearchentities&format=json&language=en&type=item&limit=5&search=Imago+BioSciences
Imara,23-Feb-2023,Merger/Acquisition,"""Boston, MA""",imara,,Wikidata,ERROR,0,ERROR,,,HTTP 429 for https://www.wikidata.org/w/api.php?action=wbsearchentities&format=json&language=en&type=item&limit=5&search=Imara
Imeon Energy (PAR: MLIME),09-Aug-2024,IPO,"""Brest, France""",imeon energy,,Wikidata,ERROR,0,ERROR,,,HTTP 429 for https://www.wikidata.org/w/api.php?action=wbsearchentities&format=json&language=en&type=item&limit=5&search=Imeon+Energy
Immerok,06-Jan-2023,Merger/Acquisition,"""Berlin, Germany""",immerok,,Wikidata,NONE,0,NO_MATCH,,,No Wikidata search results
Immix Biopharma (NAS: IMMX),16-Dec-2021,IPO,"""Los Angeles, CA""",immix biopharma,,Wikidata,ERROR,0,ERROR,,,HTTP 429 for https://www.wikidata.org/w/api.php?action=wbsearchentities&format=json&language=en&type=item&limit=5&search=Immix+Biopharma
ImmPACT Bio,31-Oct-2024,Merger/Acquisition,"""West Hills, CA""",immpact bio,,Wikidata,ERROR,0,ERROR,,,HTTP 429 for https://www.wikidata.org/w/api.php?action=wbsearchentities&format=json&language=en&type=item&limit=5&search=ImmPACT+Bio
Immuneering (NAS: IMRX),30-Jul-2021,IPO,"""Cambridge, MA""",immuneering,,Wikidata,ERROR,0,ERROR,,,HTTP 429 for https://www.wikidata.org/w/api.php?action=wbsearchentities&format=json&language=en&type=item&limit=5&search=Immuneering
Immunetrics,16-Jun-2023,Merger/Acquisition,"""Pittsburgh, PA""",immunetrics,,Wikidata,ERROR,0,ERROR,,,HTTP 429 for https://www.wikidata.org/w/api.php?action=wbsearchentities&format=json&language=en&type=item&limit=5&search=Immunetrics
ImmunityBio (NAS: IBRX),08-Mar-2021,Reverse Merger,"""San Diego, CA""",immunitybio,,Wikidata,ERROR,0,ERROR,,,HTTP 429 for https://www.wikidata.org/w/api.php?action=wbsearchentities&format=json&language=en&type=item&limit=5&search=ImmunityBio
ImmunogenX,13-Mar-2024,Merger/Acquisition,"""Newport Beach, CA""",immunogenx,,Wikidata,NONE,0,NO_MATCH,,,No Wikidata search results
iMotions,25-Nov-2021,Merger/Acquisition,"""Copenhagen, Denmark""",imotions,,Wikidata,ERROR,0,ERROR,,,HTTP 429 for https://www.wikidata.org/w/api.php?action=wbsearchentities&format=json&language=en&type=item&limit=5&search=iMotions
IMOTO Photo,10-Dec-2021,Merger/Acquisition,"""New Orleans, LA""",imoto photo,,Wikidata,ERROR,0,ERROR,,,HTTP 429 for https://www.wikidata.org/w/api.php?action=wbsearchentities&format=json&language=en&type=item&limit=5&search=IMOTO+Photo
Implanet (PAR: ALIMP),02-Feb-2024,Merger/Acquisition,"""Martillac, France""",implanet,,Wikidata,ERROR,0,ERROR,,,HTTP 429 for https://www.wikidata.org/w/api.php?action=wbsearchentities&format=json&language=en&type=item&limit=5&search=Implanet
Imprint Energy,29-Aug-2023,Merger/Acquisition,"""Alameda, CA""",imprint energy,,Wikidata,ERROR,0,ERROR,,,HTTP 429 for https://www.wikidata.org/w/api.php?action=wbsearchentities&format=json&language=en&type=item&limit=5&search=Imprint+Energy
In2Bones,13-Jun-2022,Merger/Acquisition,"""Memphis, TN""",in2bones,,Wikidata,ERROR,0,ERROR,,,HTTP 429 for https://www.wikidata.org/w/api.php?action=wbsearchentities&format=json&language=en&type=item&limit=5&search=In2Bones
IN8bio (NAS: INAB),30-Jul-2021,IPO,"""New York, NY""",in8bio,,Wikidata,NONE,0,NO_MATCH,,,No Wikidata search results
Inari Medical,19-Feb-2025,Merger/Acquisition,"""Irvine, CA""",inari medical,,Wikidata,ERROR,0,ERROR,,,HTTP 429 for https://www.wikidata.org/w/api.php?action=wbsearchentities&format=json&language=en&type=item&limit=5&search=Inari+Medical
Inception Exploration,18-Mar-2021,Merger/Acquisition,"""Calgary, Canada""",inception exploration,,Wikidata,ERROR,0,ERROR,,,HTTP 429 for https://www.wikidata.org/w/api.php?action=wbsearchentities&format=json&language=en&type=item&limit=5&search=Inception+Exploration
Incipy,03-Apr-2023,Merger/Acquisition,"""Barcelona, Spain""",incipy,,Wikidata,ERROR,0,ERROR,,,HTTP 429 for https://www.wikidata.org/w/api.php?action=wbsearchentities&format=json&language=en&type=item&limit=5&search=Incipy
Incuvo (WAR: IVO),13-Jan-2021,IPO,"""Katowice, Poland""",incuvo,,Wikidata,ERROR,0,ERROR,,,HTTP 429 for https://www.wikidata.org/w/api.php?action=wbsearchentities&format=json&language=en&type=item&limit=5&search=Incuvo
Indieflix,22-Sep-2021,Merger/Acquisition,"""Seattle, WA""",indieflix,,Wikidata,ERROR,0,ERROR,,,HTTP 429 for https://www.wikidata.org/w/api.php?action=wbsearchentities&format=json&language=en&type=item&limit=5&search=Indieflix
INDUS.AI,03-May-2021,Merger/Acquisition,"""San Francisco, CA""",indusai,,Wikidata,NONE,0,NO_MATCH,,,No Wikidata search results
Industrial Climate Solutions,01-Feb-2022,Merger/Acquisition,"""Calgary, Canada""",industrial climate solutions,,Wikidata,ERROR,0,ERROR,,,HTTP 429 for https://www.wikidata.org/w/api.php?action=wbsearchentities&format=json&language=en&type=item&limit=5&search=Industrial+Climate+Solutions
Infinera,28-Feb-2025,Merger/Acquisition,"""San Jose, CA""",infinera,,Wikidata,ERROR,0,ERROR,,,HTTP 429 for https://www.wikidata.org/w/api.php?action=wbsearchentities&format=json&language=en&type=item&limit=5&search=Infinera
Infinity Stone Ventures,13-Jul-2021,Reverse Merger,"""Vancouver, Canada""",infinity stone ventures,,Wikidata,ERROR,0,ERROR,,,HTTP 429 for https://www.wikidata.org/w/api.php?action=wbsearchentities&format=json&language=en&type=item&limit=5&search=Infinity+Stone+Ventures
Inflection Risk Solutions,07-Apr-2022,Merger/Acquisition,"""San Francisco, CA""",inflection risk solutions,,Wikidata,ERROR,0,ERROR,,,HTTP 429 for https://www.wikidata.org/w/api.php?action=wbsearchentities&format=json&language=en&type=item&limit=5&search=Inflection+Risk+Solutions
Influential,25-Jul-2024,Merger/Acquisition,"""Las Vegas, NV""",influential,,Wikidata,ERROR,0,ERROR,,,HTTP 429 for https://www.wikidata.org/w/api.php?action=wbsearchentities&format=json&language=en&type=item&limit=5&search=Influential
Infocyte,20-Jan-2022,Merger/Acquisition,"""Travis, TX""",infocyte,,Wikidata,ERROR,0,ERROR,,,HTTP 429 for https://www.wikidata.org/w/api.php?action=wbsearchentities&format=json&language=en&type=item&limit=5&search=Infocyte
InfoSum,04-Apr-2025,Merger/Acquisition,"""Basingstoke, United Kingdom""",infosum,,Wikidata,NONE,0,NO_MATCH,,,No Wikidata search results
Infutor Data Solutions,11-Feb-2022,Merger/Acquisition,"""Oakbrook Terrace, IL""",infutor data solutions,,Wikidata,ERROR,0,ERROR,,,HTTP 429 for https://www.wikidata.org/w/api.php?action=wbsearchentities&format=json&language=en&type=item&limit=5&search=Infutor+Data+Solutions
Inhibrx,30-May-2024,Merger/Acquisition,"""La Jolla, CA""",inhibrx,,Wikidata,ERROR,0,ERROR,,,HTTP 429 for https://www.wikidata.org/w/api.php?action=wbsearchentities&format=json&language=en&type=item&limit=5&search=Inhibrx
Inigo (Insurance),02-Feb-2026,Merger/Acquisition,"""London, United Kingdom""",inigo (insurance),,Wikidata,ERROR,0,ERROR,,,HTTP 429 for https://www.wikidata.org/w/api.php?action=wbsearchentities&format=json&language=en&type=item&limit=5&search=Inigo+%28Insurance%29
Inin Group,11-Nov-2024,Merger/Acquisition,"""Oslo, Norway""",inin,,Wikidata,ERROR,0,ERROR,,,HTTP 429 for https://www.wikidata.org/w/api.php?action=wbsearchentities&format=json&language=en&type=item&limit=5&search=Inin+Group
Inivata,18-Jun-2021,Merger/Acquisition,"""Morrisville, NC""",inivata,,Wikidata,ERROR,0,ERROR,,,HTTP 429 for https://www.wikidata.org/w/api.php?action=wbsearchentities&format=json&language=en&type=item&limit=5&search=Inivata
Inkbox,01-Feb-2022,Merger/Acquisition,"""Toronto, Canada""",inkbox,,Wikidata,ERROR,0,ERROR,,,HTTP 429 for https://www.wikidata.org/w/api.php?action=wbsearchentities&format=json&language=en&type=item&limit=5&search=Inkbox
Inlightened,09-Aug-2023,Merger/Acquisition,"""Boston, MA""",inlightened,,Wikidata,NONE,0,NO_MATCH,,,No Wikidata search results
Innovative Eyewear (NAS: LUCY),15-Aug-2022,IPO,"""Miami, FL""",innovative eyewear,,Wikidata,ERROR,0,ERROR,,,HTTP 429 for https://www.wikidata.org/w/api.php?action=wbsearchentities&format=json&language=en&type=item&limit=5&search=Innovative+Eyewear
Innovium,05-Oct-2021,Merger/Acquisition,"""San Jose, CA""",innovium,,Wikidata,ERROR,0,ERROR,,,HTTP 429 for https://www.wikidata.org/w/api.php?action=wbsearchentities&format=json&language=en&type=item&limit=5&search=Innovium
Innoviva Specialty Therapeutics,11-Jul-2022,Merger/Acquisition,"""Waltham, MA""",innoviva specialty therapeutics,,Wikidata,ERROR,0,ERROR,,,HTTP 429 for https://www.wikidata.org/w/api.php?action=wbsearchentities&format=json&language=en&type=item&limit=5&search=Innoviva+Specialty+Therapeutics
Inositec,30-Nov-2021,Merger/Acquisition,"""Zurich, Switzerland""",inositec,,Wikidata,ERROR,0,ERROR,,,HTTP 429 for https://www.wikidata.org/w/api.php?action=wbsearchentities&format=json&language=en&type=item&limit=5&search=Inositec
Inozyme Pharma,01-Jul-2025,Merger/Acquisition,"""Boston, MA""",inozyme pharma,,Wikidata,ERROR,0,ERROR,,,HTTP 429 for https://www.wikidata.org/w/api.php?action=wbsearchentities&format=json&language=en&type=item&limit=5&search=Inozyme+Pharma
Inphi,20-Apr-2021,Merger/Acquisition,"""San Jose, CA""",inphi,,Wikidata,ERROR,0,ERROR,,,HTTP 429 for https://www.wikidata.org/w/api.php?action=wbsearchentities&format=json&language=en&type=item&limit=5&search=Inphi
Inpria,29-Oct-2021,Merger/Acquisition,"""Corvallis, OR""",inpria,,Wikidata,ERROR,0,ERROR,,,HTTP 429 for https://www.wikidata.org/wiki/Special:EntityData/Q30289976.json
Inras,21-Dec-2021,Merger/Acquisition,"""Linz, Austria""",inras,,Wikidata,ERROR,0,ERROR,,,HTTP 429 for https://www.wikidata.org/w/api.php?action=wbsearchentities&format=json&language=en&type=item&limit=5&search=Inras
Insignia Health,03-Dec-2021,Merger/Acquisition,"""Wilmington, DE""",insignia health,,Wikidata,ERROR,0,ERROR,,,HTTP 429 for https://www.wikidata.org/w/api.php?action=wbsearchentities&format=json&language=en&type=item&limit=5&search=Insignia+Health
Insmed Innovation,30-Jun-2023,Merger/Acquisition,"""Cambridge, United Kingdom""",insmed innovation,,Wikidata,ERROR,0,ERROR,,,HTTP 429 for https://www.wikidata.org/w/api.php?action=wbsearchentities&format=json&language=en&type=item&limit=5&search=Insmed+Innovation
Inspire Veterinary Partners (PINX: IVPR),30-Aug-2023,IPO,"""Virginia Beach, VA""",inspire veterinary partners,,Wikidata,NONE,0,NO_MATCH,,,No Wikidata search results
Instacart (NAS: CART),19-Sep-2023,IPO,"""San Francisco, CA""",instacart,,Wikidata,ERROR,0,ERROR,,,HTTP 429 for https://www.wikidata.org/w/api.php?action=wbsearchentities&format=json&language=en&type=item&limit=5&search=Instacart
Instaclustr,20-May-2022,Merger/Acquisition,"""San Jose, CA""",instaclustr,,Wikidata,ERROR,0,ERROR,,,HTTP 429 for https://www.wikidata.org/w/api.php?action=wbsearchentities&format=json&language=en&type=item&limit=5&search=Instaclustr
InstaDeep,31-Jul-2023,Merger/Acquisition,"""London, United Kingdom""",instadeep,,Wikidata,ERROR,0,ERROR,,,HTTP 429 for https://www.wikidata.org/w/api.php?action=wbsearchentities&format=json&language=en&type=item&limit=5&search=InstaDeep
Instil Bio (NAS: TIL),19-Mar-2021,IPO,"""Dallas, TX""",instil bio,,Wikidata,ERROR,0,ERROR,,,HTTP 429 for https://www.wikidata.org/w/api.php?action=wbsearchentities&format=json&language=en&type=item&limit=5&search=Instil+Bio
Integral Acquisition Corporation 1 (PINX: INTE),03-Nov-2021,IPO,"""New York, NY""",integral acquisition 1,,Wikidata,ERROR,0,ERROR,,,HTTP 429 for https://www.wikidata.org/w/api.php?action=wbsearchentities&format=json&language=en&type=item&limit=5&search=Integral+Acquisition+Corporation+1
Integrity Orthopaedics,13-Jan-2026,Merger/Acquisition,"""Maple Plain, MN""",integrity orthopaedics,,Wikidata,ERROR,0,ERROR,,,HTTP 429 for https://www.wikidata.org/w/api.php?action=wbsearchentities&format=json&language=en&type=item&limit=5&search=Integrity+Orthopaedics
InteliWISE,01-Jul-2022,Merger/Acquisition,"""Warsaw, Poland""",inteliwise,,Wikidata,NONE,0,NO_MATCH,,,No Wikidata search results
Intelligence Node,24-Dec-2024,Merger/Acquisition,"""San Francisco, CA""",intelligence node,,Wikidata,ERROR,0,ERROR,,,HTTP 429 for https://www.wikidata.org/w/api.php?action=wbsearchentities&format=json&language=en&type=item&limit=5&search=Intelligence+Node
Intelligent Fingerprinting,04-Oct-2022,Merger/Acquisition,"""Cambridge, United Kingdom""",intelligent fingerprinting,,Wikidata,ERROR,0,ERROR,,,HTTP 429 for https://www.wikidata.org/w/api.php?action=wbsearchentities&format=json&language=en&type=item&limit=5&search=Intelligent+Fingerprinting
Intelligent Observation,07-Aug-2025,Merger/Acquisition,"""Miami, FL""",intelligent observation,,Wikidata,ERROR,0,ERROR,,,HTTP 429 for https://www.wikidata.org/w/api.php?action=wbsearchentities&format=json&language=en&type=item&limit=5&search=Intelligent+Observation
Intelligent Ultrasound,18-Jul-2024,Merger/Acquisition,"""Abingdon, United Kingdom""",intelligent ultrasound,,Wikidata,ERROR,0,ERROR,,,HTTP 429 for https://www.wikidata.org/w/api.php?action=wbsearchentities&format=json&language=en&type=item&limit=5&search=Intelligent+Ultrasound
Intellimedia Networks,29-Apr-2022,Merger/Acquisition,"""Cerritos, CA""",intellimedia networks,,Wikidata,ERROR,0,ERROR,,,HTTP 429 for https://www.wikidata.org/w/api.php?action=wbsearchentities&format=json&language=en&type=item&limit=5&search=Intellimedia+Networks
Intello (Business/Productivity Software),22-Feb-2021,Merger/Acquisition,"""New York, NY""",intello (business/productivity software),,Wikidata,ERROR,0,ERROR,,,HTTP 429 for https://www.wikidata.org/w/api.php?action=wbsearchentities&format=json&language=en&type=item&limit=5&search=Intello+%28Business%2FProductivity+Software%29
Interactions,09-Sep-2025,Merger/Acquisition,"""Franklin, MA""",interactions,,Wikidata,ERROR,0,ERROR,,,HTTP 429 for https://www.wikidata.org/wiki/Special:EntityData/Q4650721|Q15816932|Q6045219|Q110704021|Q114813556.json
Intercept Pharmaceuticals,08-Nov-2023,Merger/Acquisition,"""Morristown, NJ""",intercept pharmaceuticals,,Wikidata,ERROR,0,ERROR,,,HTTP 429 for https://www.wikidata.org/w/api.php?action=wbsearchentities&format=json&language=en&type=item&limit=5&search=Intercept+Pharmaceuticals
Intersect ENT,13-May-2022,Merger/Acquisition,"""Menlo Park, CA""",intersect ent,,Wikidata,ERROR,0,ERROR,,,HTTP 429 for https://www.wikidata.org/w/api.php?action=wbsearchentities&format=json&language=en&type=item&limit=5&search=Intersect+ENT
InterWell Health,18-Sep-2025,Merger/Acquisition,"""Boston, MA""",interwell health,,Wikidata,ERROR,0,ERROR,,,HTTP 429 for https://www.wikidata.org/w/api.php?action=wbsearchentities&format=json&language=en&type=item&limit=5&search=InterWell+Health
Intracellular Therapies,02-Apr-2025,Merger/Acquisition,"""Bedminster, NJ""",intracellular therapies,,Wikidata,ERROR,0,ERROR,,,HTTP 429 for https://www.wikidata.org/w/api.php?action=wbsearchentities&format=json&language=en&type=item&limit=5&search=Intracellular+Therapies
IntraNav,09-Dec-2021,Merger/Acquisition,"""Eschborn, Germany""",intranav,,Wikidata,NONE,0,NO_MATCH,,,No Wikidata search results
Intrigue (Network Management Software),04-Aug-2021,Merger/Acquisition,"""Austin, TX""",intrigue (network management software),,Wikidata,ERROR,0,ERROR,,,HTTP 429 for https://www.wikidata.org/w/api.php?action=wbsearchentities&format=json&language=en&type=item&limit=5&search=Intrigue+%28Network+Management+Software%29
IntSights,19-Jul-2021,Merger/Acquisition,"""New York, NY""",intsights,,Wikidata,ERROR,0,ERROR,,,HTTP 429 for https://www.wikidata.org/w/api.php?action=wbsearchentities&format=json&language=en&type=item&limit=5&search=IntSights
Intuitive Machines (NAS: LUNR),08-Feb-2023,Reverse Merger,"""Houston, TX""",intuitive machines,,Wikidata,ERROR,0,ERROR,,,HTTP 429 for https://www.wikidata.org/w/api.php?action=wbsearchentities&format=json&language=en&type=item&limit=5&search=Intuitive+Machines
Invalidiliiton Asumispalvelut,12-Feb-2025,Merger/Acquisition,"""Helsinki, Finland""",invalidiliiton asumispalvelut,,Wikidata,ERROR,0,ERROR,,,HTTP 429 for https://www.wikidata.org/w/api.php?action=wbsearchentities&format=json&language=en&type=item&limit=5&search=Invalidiliiton+Asumispalvelut
Invecas,08-Jan-2024,Merger/Acquisition,"""Santa Clara, CA""",invecas,,Wikidata,ERROR,0,ERROR,,,HTTP 429 for https://www.wikidata.org/w/api.php?action=wbsearchentities&format=json&language=en&type=item&limit=5&search=Invecas
Inversago Pharma,08-Sep-2023,Merger/Acquisition,"""Montreal, Canada""",inversago pharma,,Wikidata,ERROR,0,ERROR,,,HTTP 429 for https://www.wikidata.org/wiki/Special:EntityData/Q43895153.json
InVerse Infra,10-Sep-2025,Merger/Acquisition,United Kingdom,inverse infra,,Wikidata,ERROR,0,ERROR,,,HTTP 429 for https://www.wikidata.org/w/api.php?action=wbsearchentities&format=json&language=en&type=item&limit=5&search=InVerse+Infra
Invia Group,23-Dec-2024,Merger/Acquisition,"""Leipzig, Germany""",invia,,Wikidata,ERROR,0,ERROR,,,HTTP 429 for https://www.wikidata.org/w/api.php?action=wbsearchentities&format=json&language=en&type=item&limit=5&search=Invia+Group
Invitae,05-Aug-2024,Merger/Acquisition,"""San Francisco, CA""",invitae,,Wikidata,ERROR,0,ERROR,,,HTTP 429 for https://www.wikidata.org/w/api.php?action=wbsearchentities&format=json&language=en&type=item&limit=5&search=Invitae
Invivyd (NAS: IVVD),06-Aug-2021,IPO,"""New Haven, CT""",invivyd,,Wikidata,ERROR,0,ERROR,,,HTTP 429 for https://www.wikidata.org/w/api.php?action=wbsearchentities&format=json&language=en&type=item&limit=5&search=Invivyd
Invoice2go,01-Sep-2021,Merger/Acquisition,"""San Jose, CA""",invoice2go,,Wikidata,ERROR,0,ERROR,,,HTTP 429 for https://www.wikidata.org/w/api.php?action=wbsearchentities&format=json&language=en&type=item&limit=5&search=Invoice2go
Invoiced,02-Aug-2024,Merger/Acquisition,"""Boston, MA""",invoiced,,Wikidata,NONE,0,NO_MATCH,,,No Wikidata search results
Involtum,19-Jan-2022,Merger/Acquisition,"""Rotterdam, Netherlands""",involtum,,Wikidata,NONE,0,NO_MATCH,,,No Wikidata search results
IO Biotech (NAS: IOBT),05-Nov-2021,IPO,"""Copenhagen, Denmark""",io biotech,,Wikidata,ERROR,0,ERROR,,,HTTP 429 for https://www.wikidata.org/w/api.php?action=wbsearchentities&format=json&language=en&type=item&limit=5&search=IO+Biotech
io Products,21-May-2025,Merger/Acquisition,"""San Francisco, CA""",io products,,Wikidata,ERROR,0,ERROR,,,HTTP 429 for https://www.wikidata.org/w/api.php?action=wbsearchentities&format=json&language=en&type=item&limit=5&search=io+Products
Ionic Security,09-Apr-2021,Merger/Acquisition,"""Atlanta, GA""",ionic security,,Wikidata,ERROR,0,ERROR,,,HTTP 429 for https://www.wikidata.org/w/api.php?action=wbsearchentities&format=json&language=en&type=item&limit=5&search=Ionic+Security
IonQ (NYS: IONQ),28-Sep-2021,Reverse Merger,"""College Park, MD""",ionq,,Wikidata,ERROR,0,ERROR,,,HTTP 429 for https://www.wikidata.org/wiki/Special:EntityData/Q47462183|Q72447449|Q112311568|Q62073498.json
Iora Health,01-Sep-2021,Merger/Acquisition,"""Boston, MA""",iora health,,Wikidata,ERROR,0,ERROR,,,HTTP 429 for https://www.wikidata.org/w/api.php?action=wbsearchentities&format=json&language=en&type=item&limit=5&search=Iora+Health
ioTium,07-Jul-2021,Merger/Acquisition,"""Santa Clara, CA""",iotium,,Wikidata,ERROR,0,ERROR,,,HTTP 429 for https://www.wikidata.org/w/api.php?action=wbsearchentities&format=json&language=en&type=item&limit=5&search=ioTium
IP Strategy (NAS: IPST),22-Nov-2024,IPO,"""Gig Harbor, WA""",ip strategy,,Wikidata,ERROR,0,ERROR,,,HTTP 429 for https://www.wikidata.org/w/api.php?action=wbsearchentities&format=json&language=en&type=item&limit=5&search=IP+Strategy
IPG (Managed Care),01-Aug-2022,Merger/Acquisition,"""Alpharetta, GA""",ipg (managed care),,Wikidata,ERROR,0,ERROR,,,HTTP 429 for https://www.wikidata.org/w/api.php?action=wbsearchentities&format=json&language=en&type=item&limit=5&search=IPG+%28Managed+Care%29
IPI Legacy Liquidation,22-Apr-2021,IPO,"""Seattle, WA""",ipi legacy liquidation,,Wikidata,NONE,0,NO_MATCH,,,No Wikidata search results
IPKeys Power Partners,13-Apr-2023,Merger/Acquisition,"""Tinton falls, NJ""",ipkeys power partners,,Wikidata,ERROR,0,ERROR,,,HTTP 429 for https://www.wikidata.org/w/api.php?action=wbsearchentities&format=json&language=en&type=item&limit=5&search=IPKeys+Power+Partners
Iris.TV,06-Nov-2024,Merger/Acquisition,"""Los Angeles, CA""",iristv,,Wikidata,ERROR,0,ERROR,,,HTTP 429 for https://www.wikidata.org/w/api.php?action=wbsearchentities&format=json&language=en&type=item&limit=5&search=Iris.TV
Iron Network,04-Apr-2025,Merger/Acquisition,"""Vilnius, Lithuania""",iron network,,Wikidata,ERROR,0,ERROR,,,HTTP 429 for https://www.wikidata.org/w/api.php?action=wbsearchentities&format=json&language=en&type=item&limit=5&search=Iron+Network
IronNet,26-Aug-2021,Reverse Merger,"""McLean, VA""",ironnet,,Wikidata,ERROR,0,ERROR,,,HTTP 429 for https://www.wikidata.org/w/api.php?action=wbsearchentities&format=json&language=en&type=item&limit=5&search=IronNet
Ironshore Therapeutics,03-Sep-2024,Merger/Acquisition,"""Morrisville, NC""",ironshore therapeutics,,Wikidata,ERROR,0,ERROR,,,HTTP 429 for https://www.wikidata.org/w/api.php?action=wbsearchentities&format=json&language=en&type=item&limit=5&search=Ironshore+Therapeutics
IRT (Other Commercial Services),15-Aug-2022,Merger/Acquisition,"""Dundee, United Kingdom""",irt (other commercial services),,Wikidata,NONE,0,NO_MATCH,,,No Wikidata search results
Irwin,24-Oct-2024,Merger/Acquisition,"""Toronto, Canada""",irwin,,Wikidata,ERROR,0,ERROR,,,HTTP 429 for https://www.wikidata.org/w/api.php?action=wbsearchentities&format=json&language=en&type=item&limit=5&search=Irwin
Isbj�rn,20-Apr-2022,Merger/Acquisition,"""Nacka, Sweden""",isbj�rn,,Wikidata,ERROR,0,ERROR,,,HTTP 429 for https://www.wikidata.org/w/api.php?action=wbsearchentities&format=json&language=en&type=item&limit=5&search=Isbj%EF%BF%BDrn
Island (Consumer Non-Durables),25-Apr-2022,Merger/Acquisition,"""Redondo Beach, CA""",island (consumer non-durables),,Wikidata,ERROR,0,ERROR,,,HTTP 429 for https://www.wikidata.org/w/api.php?action=wbsearchentities&format=json&language=en&type=item&limit=5&search=Island+%28Consumer+Non-Durables%29
Isolere Bio,17-Feb-2023,Merger/Acquisition,"""Durham, NC""",isolere bio,,Wikidata,ERROR,0,ERROR,,,HTTP 429 for https://www.wikidata.org/w/api.php?action=wbsearchentities&format=json&language=en&type=item&limit=5&search=Isolere+Bio
IsoPlexis,08-Oct-2021,IPO,"""Branford, CT""",isoplexis,,Wikidata,ERROR,0,ERROR,,,HTTP 429 for https://www.wikidata.org/w/api.php?action=wbsearchentities&format=json&language=en&type=item&limit=5&search=IsoPlexis
Isovalent,12-Apr-2024,Merger/Acquisition,"""Milpitas, CA""",isovalent,,Wikidata,ERROR,0,ERROR,,,HTTP 429 for https://www.wikidata.org/wiki/Special:EntityData/Q17088433|Q3155633|Q64169767|Q57667966|Q48328136.json
iSpecimen (NAS: ISPC),17-Jun-2021,IPO,"""Woburn, MA""",ispecimen,,Wikidata,ERROR,0,ERROR,,,HTTP 429 for https://www.wikidata.org/w/api.php?action=wbsearchentities&format=json&language=en&type=item&limit=5&search=iSpecimen
iSTAR Medical,30-Jun-2022,Merger/Acquisition,"""Wavre, Belgium""",istar medical,,Wikidata,ERROR,0,ERROR,,,HTTP 429 for https://www.wikidata.org/w/api.php?action=wbsearchentities&format=json&language=en&type=item&limit=5&search=iSTAR+Medical
iTeos Therapeutics,29-Aug-2025,Merger/Acquisition,"""Watertown, MA""",iteos therapeutics,,Wikidata,ERROR,0,ERROR,,,HTTP 429 for https://www.wikidata.org/w/api.php?action=wbsearchentities&format=json&language=en&type=item&limit=5&search=iTeos+Therapeutics
Iterpro,07-Mar-2025,Merger/Acquisition,"""Southam, United Kingdom""",iterpro,,Wikidata,ERROR,0,ERROR,,,HTTP 429 for https://www.wikidata.org/wiki/Special:EntityData/Q98439698.json
ITK,31-Oct-2023,Merger/Acquisition,"""Montpellier, France""",itk,,Wikidata,ERROR,0,ERROR,,,HTTP 429 for https://www.wikidata.org/w/api.php?action=wbsearchentities&format=json&language=en&type=item&limit=5&search=ITK
Ivanhoe Electric (ASE: IE),28-Jun-2022,IPO,"""Tempe, AZ""",ivanhoe electric,,Wikidata,ERROR,0,ERROR,,,HTTP 429 for https://www.wikidata.org/w/api.php?action=wbsearchentities&format=json&language=en&type=item&limit=5&search=Ivanhoe+Electric
Ivantis,07-Jan-2022,Merger/Acquisition,"""Irvine, CA""",ivantis,,Wikidata,ERROR,0,ERROR,,,HTTP 429 for https://www.wikidata.org/w/api.php?action=wbsearchentities&format=json&language=en&type=item&limit=5&search=Ivantis
Ivenix,03-May-2022,Merger/Acquisition,"""North Andover, MA""",ivenix,,Wikidata,NONE,0,NO_MATCH,,,No Wikidata search results
IVERIC bio,11-Jul-2023,Merger/Acquisition,"""Parsippany, NJ""",iveric bio,,Wikidata,ERROR,0,ERROR,,,HTTP 429 for https://www.wikidata.org/w/api.php?action=wbsearchentities&format=json&language=en&type=item&limit=5&search=IVERIC+bio
Jace Medical,01-Feb-2023,Merger/Acquisition,"""Warsaw, IN""",jace medical,,Wikidata,ERROR,0,ERROR,,,HTTP 429 for https://www.wikidata.org/w/api.php?action=wbsearchentities&format=json&language=en&type=item&limit=5&search=Jace+Medical
Jackpocket,23-May-2024,Merger/Acquisition,"""New York, NY""",jackpocket,,Wikidata,ERROR,0,ERROR,,,HTTP 429 for https://www.wikidata.org/w/api.php?action=wbsearchentities&format=json&language=en&type=item&limit=5&search=Jackpocket
Jampp,10-Jun-2021,Merger/Acquisition,"""San Francisco, CA""",jampp,,Wikidata,ERROR,0,ERROR,,,HTTP 429 for https://www.wikidata.org/w/api.php?action=wbsearchentities&format=json&language=en&type=item&limit=5&search=Jampp
Janux Therapeutics (NAS: JANX),11-Jun-2021,IPO,"""San Diego, CA""",janux therapeutics,,Wikidata,ERROR,0,ERROR,,,HTTP 429 for https://www.wikidata.org/w/api.php?action=wbsearchentities&format=json&language=en&type=item&limit=5&search=Janux+Therapeutics
Jaramba,30-Dec-2021,Merger/Acquisition,"""Stockholm, Sweden""",jaramba,,Wikidata,ERROR,0,ERROR,,,HTTP 429 for https://www.wikidata.org/wiki/Special:EntityData/Q12280.json
Jasper Commerce,30-Jun-2024,Merger/Acquisition,"""Calgary, Canada""",jasper commerce,,Wikidata,ERROR,0,ERROR,,,HTTP 429 for https://www.wikidata.org/w/api.php?action=wbsearchentities&format=json&language=en&type=item&limit=5&search=Jasper+Commerce
Jasper Therapeutics (NAS: JSPR),24-Sep-2021,Reverse Merger,"""Redwood City, CA""",jasper therapeutics,,Wikidata,ERROR,0,ERROR,,,HTTP 429 for https://www.wikidata.org/w/api.php?action=wbsearchentities&format=json&language=en&type=item&limit=5&search=Jasper+Therapeutics
Jastrzab Post,07-Nov-2022,Merger/Acquisition,"""Warsaw, Poland""",jastrzab post,,Wikidata,ERROR,0,ERROR,,,HTTP 429 for https://www.wikidata.org/w/api.php?action=wbsearchentities&format=json&language=en&type=item&limit=5&search=Jastrzab+Post
Javelo,31-Mar-2022,Merger/Acquisition,"""Montreuil, France""",javelo,,Wikidata,ERROR,0,ERROR,,,HTTP 429 for https://www.wikidata.org/wiki/Special:EntityData/Q4688391|Q65106768|Q138720229|Q7972779|Q104384527.json
JBM Solar,15-Mar-2023,Merger/Acquisition,"""London, United Kingdom""",jbm solar,,Wikidata,ERROR,0,ERROR,,,HTTP 429 for https://www.wikidata.org/w/api.php?action=wbsearchentities&format=json&language=en&type=item&limit=5&search=JBM+Solar
JC Medical,22-Jul-2024,Merger/Acquisition,"""Burlingame, CA""",jc medical,,Wikidata,ERROR,0,ERROR,,,HTTP 429 for https://www.wikidata.org/w/api.php?action=wbsearchentities&format=json&language=en&type=item&limit=5&search=JC+Medical
Jeeng,26-Jan-2023,Merger/Acquisition,"""New York, NY""",jeeng,,Wikidata,ERROR,0,ERROR,,,HTTP 429 for https://www.wikidata.org/w/api.php?action=wbsearchentities&format=json&language=en&type=item&limit=5&search=Jeeng
Jeli,15-Nov-2023,Merger/Acquisition,"""San Francisco, CA""",jeli,,Wikidata,ERROR,0,ERROR,,,HTTP 404 for https://www.wikidata.org/wiki/Special:EntityData/Q19726898|Q511054|Q21507424|Q2232955|Q50375423.json
Jet.AI (NAS: JTAI),10-Aug-2023,Reverse Merger,"""Las Vegas, NV""",jetai,,Wikidata,ERROR,0,ERROR,,,HTTP 429 for https://www.wikidata.org/w/api.php?action=wbsearchentities&format=json&language=en&type=item&limit=5&search=Jet.AI
Jetcool,14-Nov-2024,Merger/Acquisition,"""Littleton, MA""",jetcool,,Wikidata,ERROR,0,ERROR,,,HTTP 429 for https://www.wikidata.org/w/api.php?action=wbsearchentities&format=json&language=en&type=item&limit=5&search=Jetcool
JetLend (MISX: JETL),25-Mar-2025,IPO,"""Skolkovo, Russia""",jetlend,,Wikidata,ERROR,0,ERROR,,,HTTP 429 for https://www.wikidata.org/w/api.php?action=wbsearchentities&format=json&language=en&type=item&limit=5&search=JetLend
Jetty Extracts,19-May-2022,Merger/Acquisition,"""Oakland, CA""",jetty extracts,,Wikidata,ERROR,0,ERROR,,,HTTP 429 for https://www.wikidata.org/w/api.php?action=wbsearchentities&format=json&language=en&type=item&limit=5&search=Jetty+Extracts
Jiobit,01-Sep-2021,Merger/Acquisition,"""San Mateo, CA""",jiobit,,Wikidata,ERROR,0,ERROR,,,HTTP 429 for https://www.wikidata.org/w/api.php?action=wbsearchentities&format=json&language=en&type=item&limit=5&search=Jiobit
Jnana Therapeutics,08-Oct-2024,Merger/Acquisition,"""Boston, MA""",jnana therapeutics,2016,Wikidata,LOW,45,REVIEW,Q104481194,Jnana Therapeutics (United States),"hq=united states; desc=company in Boston, United States"
Joby Aviation (NYS: JOBY),10-Aug-2021,Reverse Merger,"""Santa Cruz, CA""",joby aviation,,Wikidata,ERROR,0,ERROR,,,HTTP 429 for https://www.wikidata.org/w/api.php?action=wbsearchentities&format=json&language=en&type=item&limit=5&search=Joby+Aviation
Johnson Hana,30-Jun-2025,Merger/Acquisition,"""Dublin, Ireland""",johnson hana,,Wikidata,ERROR,0,ERROR,,,HTTP 429 for https://www.wikidata.org/w/api.php?action=wbsearchentities&format=json&language=en&type=item&limit=5&search=Johnson+Hana
Jolt (Business/Productivity Software),18-Aug-2025,Merger/Acquisition,"""Lehi, UT""",jolt (business/productivity software),,Wikidata,ERROR,0,ERROR,,,HTTP 429 for https://www.wikidata.org/w/api.php?action=wbsearchentities&format=json&language=en&type=item&limit=5&search=Jolt+%28Business%2FProductivity+Software%29
Joule (Automotive),31-Mar-2022,Buyout/LBO,"""Gent, Belgium""",joule (automotive),,Wikidata,ERROR,0,ERROR,,,HTTP 429 for https://www.wikidata.org/w/api.php?action=wbsearchentities&format=json&language=en&type=item&limit=5&search=Joule+%28Automotive%29
Joulebug,05-Apr-2021,Merger/Acquisition,"""Raleigh, NC""",joulebug,,Wikidata,ERROR,0,ERROR,,,HTTP 429 for https://www.wikidata.org/w/api.php?action=wbsearchentities&format=json&language=en&type=item&limit=5&search=Joulebug
Jounce Therapeutics,03-May-2023,Merger/Acquisition,"""Cambridge, MA""",jounce therapeutics,,Wikidata,ERROR,0,ERROR,,,HTTP 429 for https://www.wikidata.org/wiki/Special:EntityData/Q106760435.json
Jour,21-Sep-2021,Merger/Acquisition,"""New York, NY""",jour,,Wikidata,ERROR,0,ERROR,,,HTTP 429 for https://www.wikidata.org/w/api.php?action=wbsearchentities&format=json&language=en&type=item&limit=5&search=Jour
Journey Medical (NAS: DERM),12-Nov-2021,IPO,"""Scottsdale, AZ""",journey medical,,Wikidata,ERROR,0,ERROR,,,HTTP 429 for https://www.wikidata.org/w/api.php?action=wbsearchentities&format=json&language=en&type=item&limit=5&search=Journey+Medical
Jukin Media,12-Aug-2021,Merger/Acquisition,"""Los Angeles, CA""",jukin media,,Wikidata,ERROR,0,ERROR,,,HTTP 429 for https://www.wikidata.org/w/api.php?action=wbsearchentities&format=json&language=en&type=item&limit=5&search=Jukin+Media
Jumpship,15-Nov-2022,Merger/Acquisition,"""Guildford, United Kingdom""",jumpship,,Wikidata,ERROR,0,ERROR,,,HTTP 429 for https://www.wikidata.org/w/api.php?action=wbsearchentities&format=json&language=en&type=item&limit=5&search=Jumpship
Juno EMR,01-Nov-2022,Merger/Acquisition,"""Victoria, Canada""",juno emr,,Wikidata,NONE,0,NO_MATCH,,,No Wikidata search results
Jupiter Neurosciences (NAS: JUNS),03-Dec-2024,IPO,"""Palm Beach Gardens, FL""",jupiter neurosciences,,Wikidata,ERROR,0,ERROR,,,HTTP 429 for https://www.wikidata.org/w/api.php?action=wbsearchentities&format=json&language=en&type=item&limit=5&search=Jupiter+Neurosciences
Just Love,01-Apr-2021,Buyout/LBO,"""Blackwood, United Kingdom""",just love,,Wikidata,ERROR,0,ERROR,,,HTTP 429 for https://www.wikidata.org/w/api.php?action=wbsearchentities&format=json&language=en&type=item&limit=5&search=Just+Love
Just Spices,18-Jan-2022,Merger/Acquisition,"""Dusseldorf, Germany""",just spices,,Wikidata,ERROR,0,ERROR,,,HTTP 429 for https://www.wikidata.org/w/api.php?action=wbsearchentities&format=json&language=en&type=item&limit=5&search=Just+Spices
JustLight,20-Mar-2023,Merger/Acquisition,"""Pontiac, MI""",justlight,,Wikidata,ERROR,0,ERROR,,,HTTP 429 for https://www.wikidata.org/w/api.php?action=wbsearchentities&format=json&language=en&type=item&limit=5&search=JustLight
K2 Cyber Security,14-Sep-2022,Merger/Acquisition,"""San Jose, CA""",k2 cyber security,,Wikidata,ERROR,0,ERROR,,,HTTP 429 for https://www.wikidata.org/w/api.php?action=wbsearchentities&format=json&language=en&type=item&limit=5&search=K2+Cyber+Security
K33 (STO: K33),01-Jan-2021,Reverse Merger,"""Oslo, Norway""",k33,,Wikidata,ERROR,0,ERROR,,,HTTP 429 for https://www.wikidata.org/w/api.php?action=wbsearchentities&format=json&language=en&type=item&limit=5&search=K33
Kadromierz,04-Mar-2025,Merger/Acquisition,"""Wroclaw, Poland""",kadromierz,,Wikidata,NONE,0,NO_MATCH,,,No Wikidata search results
Kaia Health,28-Jan-2026,Merger/Acquisition,"""New York, NY""",kaia health,,Wikidata,ERROR,0,ERROR,,,HTTP 429 for https://www.wikidata.org/w/api.php?action=wbsearchentities&format=json&language=en&type=item&limit=5&search=Kaia+Health
Kairos Pharma (ASE: KAPA),16-Sep-2024,IPO,"""Los Angeles, CA""",kairos pharma,,Wikidata,ERROR,0,ERROR,,,HTTP 429 for https://www.wikidata.org/w/api.php?action=wbsearchentities&format=json&language=en&type=item&limit=5&search=Kairos+Pharma
Kanabo Group,16-Feb-2021,Reverse Merger,"""London, United Kingdom""",kanabo,,Wikidata,ERROR,0,ERROR,,,HTTP 429 for https://www.wikidata.org/w/api.php?action=wbsearchentities&format=json&language=en&type=item&limit=5&search=Kanabo+Group
Karma Stratagy,08-Jun-2022,Merger/Acquisition,"""Zagarolo, Italy""",karma stratagy,,Wikidata,NONE,0,NO_MATCH,,,No Wikidata search results
Karuna Therapeutics,18-Mar-2024,Merger/Acquisition,"""Boston, MA""",karuna therapeutics,,Wikidata,ERROR,0,ERROR,,,HTTP 429 for https://www.wikidata.org/w/api.php?action=wbsearchentities&format=json&language=en&type=item&limit=5&search=Karuna+Therapeutics
Kast (Entertainment Software),22-Apr-2022,Merger/Acquisition,"""Walnut, CA""",kast (entertainment software),,Wikidata,ERROR,0,ERROR,,,HTTP 429 for https://www.wikidata.org/w/api.php?action=wbsearchentities&format=json&language=en&type=item&limit=5&search=Kast+%28Entertainment+Software%29
Kate Therapeutics,31-Oct-2024,Merger/Acquisition,"""San Diego, CA""",kate therapeutics,,Wikidata,ERROR,0,ERROR,,,HTTP 429 for https://www.wikidata.org/w/api.php?action=wbsearchentities&format=json&language=en&type=item&limit=5&search=Kate+Therapeutics
Kaupang,26-Mar-2021,Merger/Acquisition,"""Oslo, Norway""",kaupang,,Wikidata,ERROR,0,ERROR,,,HTTP 429 for https://www.wikidata.org/w/api.php?action=wbsearchentities&format=json&language=en&type=item&limit=5&search=Kaupang
KBJ (WAR: KBJ),28-Jun-2024,Merger/Acquisition,"""Warsaw, Poland""",kbj,,Wikidata,ERROR,0,ERROR,,,HTTP 429 for https://www.wikidata.org/wiki/Special:EntityData/Q662999|Q6325927|Q6325918|Q6325907|Q6325923.json
Keap (Business/Productivity Software),31-Oct-2024,Merger/Acquisition,"""Chandler, AZ""",keap (business/productivity software),,Wikidata,ERROR,0,ERROR,,,HTTP 429 for https://www.wikidata.org/w/api.php?action=wbsearchentities&format=json&language=en&type=item&limit=5&search=Keap+%28Business%2FProductivity+Software%29
Kenkoderm,01-Dec-2023,Merger/Acquisition,"""Arlington, VA""",kenkoderm,,Wikidata,ERROR,0,ERROR,,,HTTP 429 for https://www.wikidata.org/w/api.php?action=wbsearchentities&format=json&language=en&type=item&limit=5&search=Kenkoderm
Keonn,25-Apr-2025,Merger/Acquisition,"""Barcelona, Spain""",keonn,,Wikidata,ERROR,0,ERROR,,,HTTP 429 for https://www.wikidata.org/w/api.php?action=wbsearchentities&format=json&language=en&type=item&limit=5&search=Keonn
Kerecis,31-Aug-2023,Merger/Acquisition,"""Isafjordur, Iceland""",kerecis,,Wikidata,ERROR,0,ERROR,,,HTTP 429 for https://www.wikidata.org/w/api.php?action=wbsearchentities&format=json&language=en&type=item&limit=5&search=Kerecis
Keros Therapeutics (NAS: KROS),04-Jan-2024,IPO,"""Lexington, MA""",keros therapeutics,,Wikidata,ERROR,0,ERROR,,,HTTP 429 for https://www.wikidata.org/wiki/Special:EntityData/Q135739113.json
Keystone Bank (Regional Banks),02-Feb-2026,Merger/Acquisition,"""Bee Cave, TX""",keystone bank (regional banks),,Wikidata,ERROR,0,ERROR,,,HTTP 429 for https://www.wikidata.org/w/api.php?action=wbsearchentities&format=json&language=en&type=item&limit=5&search=Keystone+Bank+%28Regional+Banks%29
Keystone Tower Systems,01-Jan-2024,Merger/Acquisition,"""Denver, CO""",keystone tower systems,,Wikidata,ERROR,0,ERROR,,,HTTP 429 for https://www.wikidata.org/w/api.php?action=wbsearchentities&format=json&language=en&type=item&limit=5&search=Keystone+Tower+Systems
Kheiron Medical Technologies,14-Oct-2024,Merger/Acquisition,"""London, United Kingdom""",kheiron medical technologies,,Wikidata,ERROR,0,ERROR,,,HTTP 429 for https://www.wikidata.org/w/api.php?action=wbsearchentities&format=json&language=en&type=item&limit=5&search=Kheiron+Medical+Technologies
Kickboard,01-Dec-2021,Merger/Acquisition,"""New Orleans, LA""",kickboard,,Wikidata,ERROR,0,ERROR,,,HTTP 429 for https://www.wikidata.org/wiki/Special:EntityData/Q502057|Q387607|Q1740819|Q74527501.json
Kickserv,10-Aug-2023,Merger/Acquisition,"""Denver, CO""",kickserv,,Wikidata,ERROR,0,ERROR,,,HTTP 429 for https://www.wikidata.org/w/api.php?action=wbsearchentities&format=json&language=en&type=item&limit=5&search=Kickserv
Kiimo,22-Mar-2021,Merger/Acquisition,"""Nottingham, United Kingdom""",kiimo,,Wikidata,ERROR,0,ERROR,,,HTTP 429 for https://www.wikidata.org/w/api.php?action=wbsearchentities&format=json&language=en&type=item&limit=5&search=Kiimo
Kiln Enterprises,28-May-2021,Merger/Acquisition,"""London, United Kingdom""",kiln enterprises,,Wikidata,ERROR,0,ERROR,,,HTTP 429 for https://www.wikidata.org/w/api.php?action=wbsearchentities&format=json&language=en&type=item&limit=5&search=Kiln+Enterprises
Kilter (Social/Platform Software),19-Aug-2022,Merger/Acquisition,"""Madison, WI""",kilter (social/platform software),,Wikidata,NONE,0,NO_MATCH,,,No Wikidata search results
Kinara,13-Feb-2025,Merger/Acquisition,"""Santa Clara, CA""",kinara,,Wikidata,ERROR,0,ERROR,,,HTTP 429 for https://www.wikidata.org/w/api.php?action=wbsearchentities&format=json&language=en&type=item&limit=5&search=Kinara
Kinarus,26-Apr-2024,Merger/Acquisition,"""Basel, Switzerland""",kinarus,,Wikidata,ERROR,0,ERROR,,,HTTP 429 for https://www.wikidata.org/w/api.php?action=wbsearchentities&format=json&language=en&type=item&limit=5&search=Kinarus
Kinda Brave (STO: BRAVE),03-Jun-2024,IPO,"""Stockholm, Sweden""",kinda brave,,Wikidata,ERROR,0,ERROR,,,HTTP 429 for https://www.wikidata.org/w/api.php?action=wbsearchentities&format=json&language=en&type=item&limit=5&search=Kinda+Brave
Kineta,16-Dec-2022,Reverse Merger,"""Seattle, WA""",kineta,,Wikidata,ERROR,0,ERROR,,,HTTP 429 for https://www.wikidata.org/w/api.php?action=wbsearchentities&format=json&language=en&type=item&limit=5&search=Kineta
Kinnate Biopharma,03-Apr-2024,Merger/Acquisition,"""San Diego, CA""",kinnate biopharma,,Wikidata,ERROR,0,ERROR,,,HTTP 429 for https://www.wikidata.org/w/api.php?action=wbsearchentities&format=json&language=en&type=item&limit=5&search=Kinnate+Biopharma
Kinvolved,01-Feb-2022,Merger/Acquisition,"""New York, NY""",kinvolved,,Wikidata,NONE,0,NO_MATCH,,,No Wikidata search results
Kite (Software Development Applications),01-Jan-2021,Merger/Acquisition,"""San Francisco, CA""",kite (software development applications),,Wikidata,ERROR,0,ERROR,,,HTTP 429 for https://www.wikidata.org/w/api.php?action=wbsearchentities&format=json&language=en&type=item&limit=5&search=Kite+%28Software+Development+Applications%29
Kitzuma,22-Dec-2021,Merger/Acquisition,"""Asheville, NC""",kitzuma,,Wikidata,ERROR,0,ERROR,,,HTTP 429 for https://www.wikidata.org/w/api.php?action=wbsearchentities&format=json&language=en&type=item&limit=5&search=Kitzuma
Kivera,07-Oct-2024,Merger/Acquisition,"""New York, NY""",kivera,,Wikidata,ERROR,0,ERROR,,,HTTP 429 for https://www.wikidata.org/w/api.php?action=wbsearchentities&format=json&language=en&type=item&limit=5&search=Kivera
Kiwi (Life and Health Insurance),08-Nov-2021,Merger/Acquisition,"""New York, NY""",kiwi (life and health insurance),,Wikidata,ERROR,0,ERROR,,,HTTP 429 for https://www.wikidata.org/w/api.php?action=wbsearchentities&format=json&language=en&type=item&limit=5&search=Kiwi+%28Life+and+Health+Insurance%29
Klarna Group (NYS: KLAR),10-Sep-2025,IPO,"""Stockholm, Sweden""",klarna,,Wikidata,ERROR,0,ERROR,,,HTTP 429 for https://www.wikidata.org/w/api.php?action=wbsearchentities&format=json&language=en&type=item&limit=5&search=Klarna+Group
Klaviyo (NYS: KVYO),20-Sep-2023,IPO,"""Boston, MA""",klaviyo,,Wikidata,ERROR,0,ERROR,,,HTTP 429 for https://www.wikidata.org/w/api.php?action=wbsearchentities&format=json&language=en&type=item&limit=5&search=Klaviyo
Kleo Pharmaceuticals,04-Jan-2021,Merger/Acquisition,"""New Haven, CT""",kleo pharmaceuticals,,Wikidata,NONE,0,NO_MATCH,,,No Wikidata search results
Klimatfabriken,03-Feb-2021,Merger/Acquisition,"""Vaxjo, Sweden""",klimatfabriken,,Wikidata,ERROR,0,ERROR,,,HTTP 429 for https://www.wikidata.org/w/api.php?action=wbsearchentities&format=json&language=en&type=item&limit=5&search=Klimatfabriken
Knightscope (NAS: KSCP),27-Jan-2022,IPO,"""Mountain View, CA""",knightscope,,Wikidata,ERROR,0,ERROR,,,HTTP 429 for https://www.wikidata.org/w/api.php?action=wbsearchentities&format=json&language=en&type=item&limit=5&search=Knightscope
Knorex (ASE: KNRX),29-Sep-2025,IPO,"""Sunnyvale, CA""",knorex,,Wikidata,ERROR,0,ERROR,,,HTTP 429 for https://www.wikidata.org/w/api.php?action=wbsearchentities&format=json&language=en&type=item&limit=5&search=Knorex
Knotel Holdings,24-Mar-2021,Merger/Acquisition,"""New York, NY""",knotel,,Wikidata,ERROR,0,ERROR,,,HTTP 429 for https://www.wikidata.org/w/api.php?action=wbsearchentities&format=json&language=en&type=item&limit=5&search=Knotel+Holdings
Knowingo,07-Dec-2022,Merger/Acquisition,"""Breda, Netherlands""",knowingo,,Wikidata,ERROR,0,ERROR,,,HTTP 429 for https://www.wikidata.org/w/api.php?action=wbsearchentities&format=json&language=en&type=item&limit=5&search=Knowingo
KnowledgeFox,12-Jan-2022,Merger/Acquisition,"""Linz, Austria""",knowledgefox,,Wikidata,NONE,0,NO_MATCH,,,No Wikidata search results
Koalect,25-Aug-2023,Merger/Acquisition,"""Rixensart, Belgium""",koalect,,Wikidata,ERROR,0,ERROR,,,HTTP 429 for https://www.wikidata.org/w/api.php?action=wbsearchentities&format=json&language=en&type=item&limit=5&search=Koalect
Kodiak Robotics (NAS: KDK),24-Sep-2025,Reverse Merger,"""Mountain View, CA""",kodiak robotics,,Wikidata,ERROR,0,ERROR,,,HTTP 429 for https://www.wikidata.org/w/api.php?action=wbsearchentities&format=json&language=en&type=item&limit=5&search=Kodiak+Robotics
Kolos Norway,10-May-2021,Merger/Acquisition,"""Narvik, Norway""",kolos norway,,Wikidata,ERROR,0,ERROR,,,HTTP 429 for https://www.wikidata.org/w/api.php?action=wbsearchentities&format=json&language=en&type=item&limit=5&search=Kolos+Norway
Komodo,01-Dec-2025,Merger/Acquisition,"""Sliema, Malta""",komodo,,Wikidata,ERROR,0,ERROR,,,HTTP 429 for https://www.wikidata.org/w/api.php?action=wbsearchentities&format=json&language=en&type=item&limit=5&search=Komodo
Konetik,15-Sep-2023,Merger/Acquisition,"""Berlin, Germany""",konetik,,Wikidata,ERROR,0,ERROR,,,HTTP 429 for https://www.wikidata.org/w/api.php?action=wbsearchentities&format=json&language=en&type=item&limit=5&search=Konetik
KonMari Media,19-Apr-2023,Merger/Acquisition,"""Los Angeles, CA""",konmari media,,Wikidata,ERROR,0,ERROR,,,HTTP 429 for https://www.wikidata.org/wiki/Special:EntityData/Q123399391.json
Kool2play (WAR: K2P),22-Feb-2021,IPO,"""Warsaw, Poland""",kool2play,,Wikidata,ERROR,0,ERROR,,,HTTP 429 for https://www.wikidata.org/w/api.php?action=wbsearchentities&format=json&language=en&type=item&limit=5&search=Kool2play
Koopid,06-Oct-2021,Merger/Acquisition,"""San Ramon, CA""",koopid,,Wikidata,ERROR,0,ERROR,,,HTTP 429 for https://www.wikidata.org/w/api.php?action=wbsearchentities&format=json&language=en&type=item&limit=5&search=Koopid
Koukoi Games,07-Jul-2021,Merger/Acquisition,"""Oulu, Finland""",koukoi games,,Wikidata,ERROR,0,ERROR,,,HTTP 429 for https://www.wikidata.org/w/api.php?action=wbsearchentities&format=json&language=en&type=item&limit=5&search=Koukoi+Games
Koverse,03-May-2021,Merger/Acquisition,"""Seattle, WA""",koverse,,Wikidata,ERROR,0,ERROR,,,HTTP 429 for https://www.wikidata.org/w/api.php?action=wbsearchentities&format=json&language=en&type=item&limit=5&search=Koverse
KPI Ninja,24-Feb-2022,Merger/Acquisition,"""Lincoln, NE""",kpi ninja,,Wikidata,NONE,0,NO_MATCH,,,No Wikidata search results
Kraftful,03-Jul-2025,Merger/Acquisition,"""San Francisco, CA""",kraftful,,Wikidata,ERROR,0,ERROR,,,HTTP 429 for https://www.wikidata.org/w/api.php?action=wbsearchentities&format=json&language=en&type=item&limit=5&search=Kraftful
Krizo,24-Sep-2021,Merger/Acquisition,"""Copenhagen, Denmark""",krizo,,Wikidata,ERROR,0,ERROR,,,HTTP 429 for https://www.wikidata.org/w/api.php?action=wbsearchentities&format=json&language=en&type=item&limit=5&search=Krizo
Krono-Safe,09-Nov-2021,Merger/Acquisition,"""Massy, France""",krono-safe,,Wikidata,ERROR,0,ERROR,,,HTTP 429 for https://www.wikidata.org/w/api.php?action=wbsearchentities&format=json&language=en&type=item&limit=5&search=Krono-Safe
Kronos Bio,01-May-2025,Merger/Acquisition,"""Cambridge, MA""",kronos bio,,Wikidata,ERROR,0,ERROR,,,HTTP 429 for https://www.wikidata.org/w/api.php?action=wbsearchentities&format=json&language=en&type=item&limit=5&search=Kronos+Bio
Kumovis,01-Apr-2022,Merger/Acquisition,"""Munich, Germany""",kumovis,,Wikidata,ERROR,0,ERROR,,,HTTP 429 for https://www.wikidata.org/wiki/Special:EntityData/Q4246979.json
Kung Fu Factory,12-Feb-2021,Merger/Acquisition,"""Los Angeles, CA""",kung fu factory,,Wikidata,ERROR,0,ERROR,,,HTTP 429 for https://www.wikidata.org/w/api.php?action=wbsearchentities&format=json&language=en&type=item&limit=5&search=Kung+Fu+Factory
Kuprion,19-May-2023,Merger/Acquisition,"""San Jose, CA""",kuprion,,Wikidata,ERROR,0,ERROR,,,HTTP 429 for https://www.wikidata.org/w/api.php?action=wbsearchentities&format=json&language=en&type=item&limit=5&search=Kuprion
KushCo Holdings,31-Aug-2021,Merger/Acquisition,"""Cypress, CA""",kushco,,Wikidata,ERROR,0,ERROR,,,HTTP 429 for https://www.wikidata.org/w/api.php?action=wbsearchentities&format=json&language=en&type=item&limit=5&search=KushCo+Holdings
Kustomer,12-Jan-2021,Merger/Acquisition,"""Short Hills, NJ""",kustomer,,Wikidata,ERROR,0,ERROR,,,HTTP 429 for https://www.wikidata.org/w/api.php?action=wbsearchentities&format=json&language=en&type=item&limit=5&search=Kustomer
Kuur Therapeutics,04-May-2021,Merger/Acquisition,"""Houston, TX""",kuur therapeutics,,Wikidata,NONE,0,NO_MATCH,,,No Wikidata search results
Kvix (NGM: KVIX),06-Dec-2021,IPO,"""Ume�, Sweden""",kvix,,Wikidata,ERROR,0,ERROR,,,HTTP 429 for https://www.wikidata.org/w/api.php?action=wbsearchentities&format=json&language=en&type=item&limit=5&search=Kvix
Kymab,08-Apr-2021,Merger/Acquisition,"""Cambridge, United Kingdom""",kymab,,Wikidata,ERROR,0,ERROR,,,HTTP 429 for https://www.wikidata.org/w/api.php?action=wbsearchentities&format=json&language=en&type=item&limit=5&search=Kymab
Kyverna (NAS: KYTX),08-Feb-2024,IPO,"""Emeryville, CA""",kyverna,,Wikidata,ERROR,0,ERROR,,,HTTP 429 for https://www.wikidata.org/w/api.php?action=wbsearchentities&format=json&language=en&type=item&limit=5&search=Kyverna
LaborChart,21-Oct-2021,Merger/Acquisition,"""Overland Park, KS""",laborchart,,Wikidata,ERROR,0,ERROR,,,HTTP 429 for https://www.wikidata.org/w/api.php?action=wbsearchentities&format=json&language=en&type=item&limit=5&search=LaborChart
Lactobio,04-Dec-2023,Merger/Acquisition,"""Copenhagen, Denmark""",lactobio,,Wikidata,ERROR,0,ERROR,,,HTTP 429 for https://www.wikidata.org/w/api.php?action=wbsearchentities&format=json&language=en&type=item&limit=5&search=Lactobio
Lacuna Diagnostics,01-Feb-2021,Merger/Acquisition,"""Fort Collins, CO""",lacuna diagnostics,,Wikidata,ERROR,0,ERROR,,,HTTP 429 for https://www.wikidata.org/w/api.php?action=wbsearchentities&format=json&language=en&type=item&limit=5&search=Lacuna+Diagnostics
Lakera,11-Nov-2025,Merger/Acquisition,"""San Francisco, CA""",lakera,,Wikidata,ERROR,0,ERROR,,,HTTP 429 for https://www.wikidata.org/wiki/Special:EntityData/Q116312397|Q36206|Q22985633|Q27573684|Q312527.json
Laminar (Surgical Devices),30-Nov-2023,Merger/Acquisition,"""Santa Rosa, CA""",laminar (surgical devices),,Wikidata,ERROR,0,ERROR,,,HTTP 429 for https://www.wikidata.org/w/api.php?action=wbsearchentities&format=json&language=en&type=item&limit=5&search=Laminar+%28Surgical+Devices%29
Lana Labs,11-Aug-2021,Merger/Acquisition,"""Berlin, Germany""",lana labs,,Wikidata,ERROR,0,ERROR,,,HTTP 429 for https://www.wikidata.org/w/api.php?action=wbsearchentities&format=json&language=en&type=item&limit=5&search=Lana+Labs
Landos Biopharma,04-Feb-2021,IPO,"""Blacksburg, VA""",landos biopharma,,Wikidata,ERROR,0,ERROR,,,HTTP 429 for https://www.wikidata.org/w/api.php?action=wbsearchentities&format=json&language=en&type=item&limit=5&search=Landos+Biopharma
Landvault,09-Jul-2024,Merger/Acquisition,"""London, United Kingdom""",landvault,,Wikidata,NONE,0,NO_MATCH,,,No Wikidata search results
Lane,19-Oct-2021,Merger/Acquisition,"""Toronto, Canada""",lane,,Wikidata,ERROR,0,ERROR,,,HTTP 429 for https://www.wikidata.org/w/api.php?action=wbsearchentities&format=json&language=en&type=item&limit=5&search=Lane
LanzaTech Global (NAS: LNZA),08-Feb-2023,Reverse Merger,"""Skokie, IL""",lanzatech global,,Wikidata,ERROR,0,ERROR,,,HTTP 429 for https://www.wikidata.org/w/api.php?action=wbsearchentities&format=json&language=en&type=item&limit=5&search=LanzaTech+Global
LAPOYOMA,09-Dec-2021,Buyout/LBO,"""Suwanee, GA""",lapoyoma,,Wikidata,ERROR,0,ERROR,,,HTTP 429 for https://www.wikidata.org/w/api.php?action=wbsearchentities&format=json&language=en&type=item&limit=5&search=LAPOYOMA
Largo (Electronics) (PAR: ALLGO),23-Apr-2021,IPO,"""Sainte-Luce-sur-Loire, France""",largo (electronics),,Wikidata,ERROR,0,ERROR,,,HTTP 429 for https://www.wikidata.org/w/api.php?action=wbsearchentities&format=json&language=en&type=item&limit=5&search=Largo+%28Electronics%29
LashBack,01-Jul-2022,Merger/Acquisition,"""Saint Louis, MO""",lashback,,Wikidata,ERROR,0,ERROR,,,HTTP 429 for https://www.wikidata.org/w/api.php?action=wbsearchentities&format=json&language=en&type=item&limit=5&search=LashBack
Latch Systems (PINX: LTCH),10-Jun-2021,Reverse Merger,"""New York, NY""",latch systems,,Wikidata,ERROR,0,ERROR,,,HTTP 429 for https://www.wikidata.org/w/api.php?action=wbsearchentities&format=json&language=en&type=item&limit=5&search=Latch+Systems
Later (Media and Information Services (B2B)),26-Apr-2022,Merger/Acquisition,"""Vancouver, Canada""",later (media and information services (b2b)),,Wikidata,NONE,0,NO_MATCH,,,No Wikidata search results
Lava Therapeutics,25-Mar-2021,IPO,"""Utrecht, Netherlands""",lava therapeutics,,Wikidata,ERROR,0,ERROR,,,HTTP 429 for https://www.wikidata.org/w/api.php?action=wbsearchentities&format=json&language=en&type=item&limit=5&search=Lava+Therapeutics
Layer0,07-Sep-2021,Merger/Acquisition,"""San Francisco, CA""",layer0,,Wikidata,ERROR,0,ERROR,,,HTTP 429 for https://www.wikidata.org/w/api.php?action=wbsearchentities&format=json&language=en&type=item&limit=5&search=Layer0
LB Pharmaceuticals (NAS: LBRX),10-Sep-2025,IPO,"""New York, NY""",lb pharmaceuticals,,Wikidata,ERROR,0,ERROR,,,HTTP 429 for https://www.wikidata.org/w/api.php?action=wbsearchentities&format=json&language=en&type=item&limit=5&search=LB+Pharmaceuticals
Leading Light,23-May-2023,Merger/Acquisition,"""G�teborg, Sweden""",leading light,,Wikidata,ERROR,0,ERROR,,,HTTP 429 for https://www.wikidata.org/w/api.php?action=wbsearchentities&format=json&language=en&type=item&limit=5&search=Leading+Light
Leaf Group,14-Jun-2021,Merger/Acquisition,"""New York, NY""",leaf,,Wikidata,ERROR,0,ERROR,,,HTTP 429 for https://www.wikidata.org/w/api.php?action=wbsearchentities&format=json&language=en&type=item&limit=5&search=Leaf+Group
Leafline Labs,30-Dec-2021,Merger/Acquisition,"""Saint Cloud, MN""",leafline labs,,Wikidata,ERROR,0,ERROR,,,HTTP 429 for https://www.wikidata.org/w/api.php?action=wbsearchentities&format=json&language=en&type=item&limit=5&search=Leafline+Labs
League Network,30-Apr-2022,Merger/Acquisition,"""Newark, NJ""",league network,,Wikidata,NONE,0,NO_MATCH,,,No Wikidata search results
Leanbio,02-Dec-2025,Merger/Acquisition,"""Barcelona, Spain""",leanbio,,Wikidata,ERROR,0,ERROR,,,HTTP 429 for https://www.wikidata.org/w/api.php?action=wbsearchentities&format=json&language=en&type=item&limit=5&search=Leanbio
Leap (Entertainment Software),12-Apr-2023,Merger/Acquisition,"""Birkirkara, Malta""",leap (entertainment software),,Wikidata,ERROR,0,ERROR,,,HTTP 429 for https://www.wikidata.org/w/api.php?action=wbsearchentities&format=json&language=en&type=item&limit=5&search=Leap+%28Entertainment+Software%29
LeapYear,10-Feb-2023,Merger/Acquisition,"""San Francisco, CA""",leapyear,,Wikidata,ERROR,0,ERROR,,,HTTP 429 for https://www.wikidata.org/w/api.php?action=wbsearchentities&format=json&language=en&type=item&limit=5&search=LeapYear
Learning to Sleep,03-Feb-2022,IPO,"""Malmo, Sweden""",learning to sleep,,Wikidata,ERROR,0,ERROR,,,HTTP 429 for https://www.wikidata.org/w/api.php?action=wbsearchentities&format=json&language=en&type=item&limit=5&search=Learning+to+Sleep
LeaseTrack,01-Feb-2021,Merger/Acquisition,"""New York, NY""",leasetrack,,Wikidata,NONE,0,NO_MATCH,,,No Wikidata search results
LeddarTech Holdings (PINX: LDTCF),06-Dec-2023,Reverse Merger,"""Quebec City, Canada""",leddartech,,Wikidata,ERROR,0,ERROR,,,HTTP 429 for https://www.wikidata.org/w/api.php?action=wbsearchentities&format=json&language=en&type=item&limit=5&search=LeddarTech+Holdings
LedgerSwarm,01-Mar-2023,Merger/Acquisition,"""London, United Kingdom""",ledgerswarm,,Wikidata,ERROR,0,ERROR,,,HTTP 429 for https://www.wikidata.org/w/api.php?action=wbsearchentities&format=json&language=en&type=item&limit=5&search=LedgerSwarm
Leef (Acquired),20-Apr-2022,Merger/Acquisition,"""Willits, CA""",leef (acquired),,Wikidata,ERROR,0,ERROR,,,HTTP 429 for https://www.wikidata.org/w/api.php?action=wbsearchentities&format=json&language=en&type=item&limit=5&search=Leef+%28Acquired%29
Legimi (WAR: LEG),14-Apr-2021,IPO,"""Poznan, Poland""",legimi,,Wikidata,ERROR,0,ERROR,,,HTTP 429 for https://www.wikidata.org/w/api.php?action=wbsearchentities&format=json&language=en&type=item&limit=5&search=Legimi
Lemtapes,15-Dec-2022,Merger/Acquisition,"""Valkeakoski, Finland""",lemtapes,,Wikidata,ERROR,0,ERROR,,,HTTP 429 for https://www.wikidata.org/w/api.php?action=wbsearchentities&format=json&language=en&type=item&limit=5&search=Lemtapes
LendInvest (LON: LINV),14-Jul-2021,IPO,"""London, United Kingdom""",lendinvest,,Wikidata,ERROR,0,ERROR,,,HTTP 429 for https://www.wikidata.org/wiki/Special:EntityData/Q16996146.json
Lengo Therapeutics,30-Dec-2021,Merger/Acquisition,"""San Diego, CA""",lengo therapeutics,,Wikidata,ERROR,0,ERROR,,,HTTP 429 for https://www.wikidata.org/w/api.php?action=wbsearchentities&format=json&language=en&type=item&limit=5&search=Lengo+Therapeutics
Lensar (NAS: LNSR),01-Sep-2025,Merger/Acquisition,"""Orlando, FL""",lensar,,Wikidata,ERROR,0,ERROR,,,HTTP 429 for https://www.wikidata.org/w/api.php?action=wbsearchentities&format=json&language=en&type=item&limit=5&search=Lensar
LENZ Therapeutics (NAS: LENZ),21-Mar-2024,Reverse Merger,"""Solana Beach, CA""",lenz therapeutics,,Wikidata,ERROR,0,ERROR,,,HTTP 429 for https://www.wikidata.org/w/api.php?action=wbsearchentities&format=json&language=en&type=item&limit=5&search=LENZ+Therapeutics
LeoVegas Mobile Gaming Group,07-Sep-2022,Merger/Acquisition,"""Stockholm, Sweden""",leovegas mobile gaming,,Wikidata,ERROR,0,ERROR,,,HTTP 429 for https://www.wikidata.org/w/api.php?action=wbsearchentities&format=json&language=en&type=item&limit=5&search=LeoVegas+Mobile+Gaming+Group
Lepermislibre (PAR: ALLPL),13-Feb-2023,IPO,"""Lyon, France""",lepermislibre,,Wikidata,ERROR,0,ERROR,,,HTTP 429 for https://www.wikidata.org/w/api.php?action=wbsearchentities&format=json&language=en&type=item&limit=5&search=Lepermislibre
Lerta,01-Feb-2023,Merger/Acquisition,"""Poznan, Poland""",lerta,,Wikidata,ERROR,0,ERROR,,,HTTP 429 for https://www.wikidata.org/wiki/Special:EntityData/Q132862713|Q22645|Q1570005|Q179316|Q581473.json
Lessonly,16-Aug-2021,Merger/Acquisition,"""Indianapolis, IN""",lessonly,,Wikidata,ERROR,0,ERROR,,,HTTP 429 for https://www.wikidata.org/w/api.php?action=wbsearchentities&format=json&language=en&type=item&limit=5&search=Lessonly
LevelCredit,17-Feb-2022,Merger/Acquisition,"""St. Louis Park, MN""",levelcredit,,Wikidata,ERROR,0,ERROR,,,HTTP 429 for https://www.wikidata.org/w/api.php?action=wbsearchentities&format=json&language=en&type=item&limit=5&search=LevelCredit
Levelset,02-Nov-2021,Merger/Acquisition,"""New Orleans, LA""",levelset,,Wikidata,ERROR,0,ERROR,,,HTTP 429 for https://www.wikidata.org/w/api.php?action=wbsearchentities&format=json&language=en&type=item&limit=5&search=Levelset
LevlUp,31-May-2021,Merger/Acquisition,"""Heerenveen, Netherlands""",levlup,,Wikidata,ERROR,0,ERROR,,,HTTP 429 for https://www.wikidata.org/w/api.php?action=wbsearchentities&format=json&language=en&type=item&limit=5&search=LevlUp
Levvel (Consulting Services (B2B)),31-Mar-2021,Merger/Acquisition,"""Charlotte, NC""",levvel (consulting services (b2b)),,Wikidata,ERROR,0,ERROR,,,HTTP 429 for https://www.wikidata.org/w/api.php?action=wbsearchentities&format=json&language=en&type=item&limit=5&search=Levvel+%28Consulting+Services+%28B2B%29%29
Lexeo Therapeutics (NAS: LXEO),03-Nov-2023,IPO,"""New York, NY""",lexeo therapeutics,,Wikidata,NONE,0,NO_MATCH,,,No Wikidata search results
Lexion,06-May-2024,Merger/Acquisition,"""Seattle, WA""",lexion,,Wikidata,ERROR,0,ERROR,,,HTTP 429 for https://www.wikidata.org/w/api.php?action=wbsearchentities&format=json&language=en&type=item&limit=5&search=Lexion
LG Ads Solutions,06-Jan-2021,Merger/Acquisition,"""Mountain View, CA""",lg ads solutions,,Wikidata,ERROR,0,ERROR,,,HTTP 429 for https://www.wikidata.org/w/api.php?action=wbsearchentities&format=json&language=en&type=item&limit=5&search=LG+Ads+Solutions
Lhyfe (PAR: LHYFE),23-May-2022,IPO,"""Nantes, France""",lhyfe,,Wikidata,ERROR,0,ERROR,,,HTTP 429 for https://www.wikidata.org/w/api.php?action=wbsearchentities&format=json&language=en&type=item&limit=5&search=Lhyfe
Li-Cycle,11-Aug-2021,Reverse Merger,"""Toronto, Canada""",li-cycle,,Wikidata,ERROR,0,ERROR,,,HTTP 429 for https://www.wikidata.org/w/api.php?action=wbsearchentities&format=json&language=en&type=item&limit=5&search=Li-Cycle
Libertine (Electrical Equipment),23-Dec-2021,IPO,"""Sheffield, United Kingdom""",libertine (electrical equipment),,Wikidata,ERROR,0,ERROR,,,HTTP 429 for https://www.wikidata.org/w/api.php?action=wbsearchentities&format=json&language=en&type=item&limit=5&search=Libertine+%28Electrical+Equipment%29
LibertyX,05-Jan-2022,Merger/Acquisition,"""Atlanta, GA""",libertyx,,Wikidata,ERROR,0,ERROR,,,HTTP 429 for https://www.wikidata.org/wiki/Special:EntityData/Q109287417.json
Libra (Legal Services),19-Nov-2025,Merger/Acquisition,"""Berlin, Germany""",libra (legal services),,Wikidata,ERROR,0,ERROR,,,HTTP 429 for https://www.wikidata.org/w/api.php?action=wbsearchentities&format=json&language=en&type=item&limit=5&search=Libra+%28Legal+Services%29
Lichthund (WAR: LHD),13-May-2024,IPO,"""Warsaw, Poland""",lichthund,,Wikidata,ERROR,0,ERROR,,,HTTP 429 for https://www.wikidata.org/w/api.php?action=wbsearchentities&format=json&language=en&type=item&limit=5&search=Lichthund
LifeDNA,03-May-2023,Merger/Acquisition,"""Honolulu, HI""",lifedna,,Wikidata,ERROR,0,ERROR,,,HTTP 429 for https://www.wikidata.org/w/api.php?action=wbsearchentities&format=json&language=en&type=item&limit=5&search=LifeDNA
LifeSafe Holdings (STU: JZ3),06-Jul-2022,IPO,"""Essex, United Kingdom""",lifesafe,,Wikidata,ERROR,0,ERROR,,,HTTP 429 for https://www.wikidata.org/w/api.php?action=wbsearchentities&format=json&language=en&type=item&limit=5&search=LifeSafe+Holdings
Lifestage Solutions,26-Jul-2021,Merger/Acquisition,"""Otelfingen, Switzerland""",lifestage solutions,,Wikidata,ERROR,0,ERROR,,,HTTP 429 for https://www.wikidata.org/w/api.php?action=wbsearchentities&format=json&language=en&type=item&limit=5&search=Lifestage+Solutions
Lift Session,08-Oct-2021,Merger/Acquisition,"""Montreal, Canada""",lift session,,Wikidata,NONE,0,NO_MATCH,,,No Wikidata search results
LightDeck,03-Jan-2023,Merger/Acquisition,"""Boulder, CO""",lightdeck,,Wikidata,ERROR,0,ERROR,,,HTTP 429 for https://www.wikidata.org/w/api.php?action=wbsearchentities&format=json&language=en&type=item&limit=5&search=LightDeck
Lightning eMotors (PINX: ZEVY),07-May-2021,Reverse Merger,"""Loveland, CO""",lightning emotors,,Wikidata,ERROR,0,ERROR,,,HTTP 429 for https://www.wikidata.org/w/api.php?action=wbsearchentities&format=json&language=en&type=item&limit=5&search=Lightning+eMotors
LightOn (PAR: ALTAI),26-Nov-2024,IPO,"""Paris, France""",lighton,,Wikidata,ERROR,0,ERROR,,,HTTP 429 for https://www.wikidata.org/w/api.php?action=wbsearchentities&format=json&language=en&type=item&limit=5&search=LightOn
Lightpoint Medical,01-Nov-2023,Merger/Acquisition,"""Amersham, United Kingdom""",lightpoint medical,,Wikidata,ERROR,0,ERROR,,,HTTP 429 for https://www.wikidata.org/w/api.php?action=wbsearchentities&format=json&language=en&type=item&limit=5&search=Lightpoint+Medical
LightStep,15-Jun-2021,Merger/Acquisition,"""San Francisco, CA""",lightstep,,Wikidata,ERROR,0,ERROR,,,HTTP 429 for https://www.wikidata.org/w/api.php?action=wbsearchentities&format=json&language=en&type=item&limit=5&search=LightStep
Lightstream,12-Apr-2021,Merger/Acquisition,"""Chicago, IL""",lightstream,,Wikidata,ERROR,0,ERROR,,,HTTP 429 for https://www.wikidata.org/w/api.php?action=wbsearchentities&format=json&language=en&type=item&limit=5&search=Lightstream
Lilium (PINX: LILMF),14-Sep-2021,Reverse Merger,"""Gauting, Germany""",lilium,,Wikidata,ERROR,0,ERROR,,,HTTP 429 for https://www.wikidata.org/wiki/Special:EntityData/Q5194627|Q311206|Q159811|Q135021642|Q156363.json
Limeade,10-Aug-2023,Merger/Acquisition,"""Bellevue, WA""",limeade,,Wikidata,ERROR,0,ERROR,,,HTTP 429 for https://www.wikidata.org/w/api.php?action=wbsearchentities&format=json&language=en&type=item&limit=5&search=Limeade
LimFlow,15-Nov-2023,Merger/Acquisition,"""Paris, France""",limflow,,Wikidata,ERROR,0,ERROR,,,HTTP 429 for https://www.wikidata.org/w/api.php?action=wbsearchentities&format=json&language=en&type=item&limit=5&search=LimFlow
Lineage (NAS: LINE),26-Jul-2024,IPO,"""Novi, MI""",lineage,,Wikidata,ERROR,0,ERROR,,,HTTP 429 for https://www.wikidata.org/w/api.php?action=wbsearchentities&format=json&language=en&type=item&limit=5&search=Lineage
Lingotek,21-Jan-2021,Merger/Acquisition,"""Lehi, UT""",lingotek,,Wikidata,ERROR,0,ERROR,,,HTTP 429 for https://www.wikidata.org/w/api.php?action=wbsearchentities&format=json&language=en&type=item&limit=5&search=Lingotek
Lingualeo,20-Apr-2023,Merger/Acquisition,"""Moscow, Russia""",lingualeo,,Wikidata,ERROR,0,ERROR,,,HTTP 429 for https://www.wikidata.org/w/api.php?action=wbsearchentities&format=json&language=en&type=item&limit=5&search=Lingualeo
Link3D,04-Jan-2022,Merger/Acquisition,"""Boulder, CO""",link3d,,Wikidata,ERROR,0,ERROR,,,HTTP 429 for https://www.wikidata.org/wiki/Special:EntityData/Q129827075.json
Linkfire,28-Jun-2021,IPO,"""Copenhagen, Denmark""",linkfire,,Wikidata,ERROR,0,ERROR,,,HTTP 429 for https://www.wikidata.org/w/api.php?action=wbsearchentities&format=json&language=en&type=item&limit=5&search=Linkfire
Linkfluence,05-May-2021,Merger/Acquisition,"""Paris, France""",linkfluence,,Wikidata,ERROR,0,ERROR,,,HTTP 429 for https://www.wikidata.org/w/api.php?action=wbsearchentities&format=json&language=en&type=item&limit=5&search=Linkfluence
LinkUp (Human Capital Services),27-Oct-2024,Merger/Acquisition,"""Minneapolis, MN""",linkup (human capital services),,Wikidata,ERROR,0,ERROR,,,HTTP 429 for https://www.wikidata.org/w/api.php?action=wbsearchentities&format=json&language=en&type=item&limit=5&search=LinkUp+%28Human+Capital+Services%29
Lion Gaming,15-Jan-2025,Merger/Acquisition,"""Calgary, Canada""",lion gaming,,Wikidata,ERROR,0,ERROR,,,HTTP 429 for https://www.wikidata.org/w/api.php?action=wbsearchentities&format=json&language=en&type=item&limit=5&search=Lion+Gaming
Lion Semiconductor,20-Jul-2021,Merger/Acquisition,"""San Francisco, CA""",lion semiconductor,,Wikidata,ERROR,0,ERROR,,,HTTP 429 for https://www.wikidata.org/w/api.php?action=wbsearchentities&format=json&language=en&type=item&limit=5&search=Lion+Semiconductor
Lipella Pharmaceuticals (PINX: LIPO),20-Dec-2022,IPO,"""Pittsburgh, PA""",lipella pharmaceuticals,,Wikidata,ERROR,0,ERROR,,,HTTP 429 for https://www.wikidata.org/wiki/Special:EntityData/Q30281308.json
Lipigon Pharmaceuticals (STO: LPGO),01-Mar-2021,IPO,"""Umeaa, Sweden""",lipigon pharmaceuticals,,Wikidata,ERROR,0,ERROR,,,HTTP 429 for https://www.wikidata.org/w/api.php?action=wbsearchentities&format=json&language=en&type=item&limit=5&search=Lipigon+Pharmaceuticals
Lipum (STO: LIPUM),22-Apr-2021,IPO,"""Umea, Sweden""",lipum,,Wikidata,ERROR,0,ERROR,,,HTTP 429 for https://www.wikidata.org/w/api.php?action=wbsearchentities&format=json&language=en&type=item&limit=5&search=Lipum
Liqal,15-Oct-2021,Merger/Acquisition,"""Breda, Netherlands""",liqal,,Wikidata,ERROR,0,ERROR,,,HTTP 429 for https://www.wikidata.org/w/api.php?action=wbsearchentities&format=json&language=en&type=item&limit=5&search=Liqal
Lithium Balance,29-Jan-2021,Merger/Acquisition,"""Herlev, Denmark""",lithium balance,,Wikidata,ERROR,0,ERROR,,,HTTP 429 for https://www.wikidata.org/w/api.php?action=wbsearchentities&format=json&language=en&type=item&limit=5&search=Lithium+Balance
Live Motion Games (WAR: LMG),03-Dec-2021,IPO,"""Warsaw, Poland""",live motion games,,Wikidata,ERROR,0,ERROR,,,HTTP 429 for https://www.wikidata.org/w/api.php?action=wbsearchentities&format=json&language=en&type=item&limit=5&search=Live+Motion+Games
Live Objects,01-May-2021,Merger/Acquisition,"""Palo Alto, CA""",live objects,,Wikidata,ERROR,0,ERROR,,,HTTP 429 for https://www.wikidata.org/wiki/Special:EntityData/Q57006093.json
LiveBy,20-Apr-2021,Merger/Acquisition,"""Lincoln, NE""",liveby,,Wikidata,ERROR,0,ERROR,,,HTTP 429 for https://www.wikidata.org/w/api.php?action=wbsearchentities&format=json&language=en&type=item&limit=5&search=LiveBy
LiveEasy,22-Oct-2024,Merger/Acquisition,"""Columbus, OH""",liveeasy,,Wikidata,ERROR,0,ERROR,,,HTTP 429 for https://www.wikidata.org/w/api.php?action=wbsearchentities&format=json&language=en&type=item&limit=5&search=LiveEasy
LiveIntent,21-Oct-2024,Merger/Acquisition,"""New York, NY""",liveintent,,Wikidata,ERROR,0,ERROR,,,HTTP 429 for https://www.wikidata.org/w/api.php?action=wbsearchentities&format=json&language=en&type=item&limit=5&search=LiveIntent
Livity ( Media and Information Services),28-Feb-2022,Merger/Acquisition,"""London, United Kingdom""",livity ( media and information services),,Wikidata,ERROR,0,ERROR,,,HTTP 429 for https://www.wikidata.org/w/api.php?action=wbsearchentities&format=json&language=en&type=item&limit=5&search=Livity+%28+Media+and+Information+Services%29
LivsMed (KRX: 491000),24-Dec-2025,IPO,"""San Diego, CA""",livsmed,,Wikidata,ERROR,0,ERROR,,,HTTP 429 for https://www.wikidata.org/w/api.php?action=wbsearchentities&format=json&language=en&type=item&limit=5&search=LivsMed
LlamaZOO,26-May-2025,Merger/Acquisition,"""Victoria, Canada""",llamazoo,,Wikidata,NONE,0,NO_MATCH,,,No Wikidata search results
Lmrkts,13-Aug-2021,Merger/Acquisition,"""New York, NY""",lmrkts,,Wikidata,ERROR,0,ERROR,,,HTTP 429 for https://www.wikidata.org/w/api.php?action=wbsearchentities&format=json&language=en&type=item&limit=5&search=Lmrkts
Lobesity,19-Jul-2021,Merger/Acquisition,"""Cleveland, OH""",lobesity,,Wikidata,ERROR,0,ERROR,,,HTTP 429 for https://www.wikidata.org/w/api.php?action=wbsearchentities&format=json&language=en&type=item&limit=5&search=Lobesity
Lobo Genetics,29-Jul-2021,Merger/Acquisition,"""Mississauga, Canada""",lobo genetics,,Wikidata,ERROR,0,ERROR,,,HTTP 429 for https://www.wikidata.org/w/api.php?action=wbsearchentities&format=json&language=en&type=item&limit=5&search=Lobo+Genetics
Local Bounti (NYS: LOCL),19-Nov-2021,Reverse Merger,"""Hamilton, MT""",local bounti,,Wikidata,ERROR,0,ERROR,,,HTTP 429 for https://www.wikidata.org/w/api.php?action=wbsearchentities&format=json&language=en&type=item&limit=5&search=Local+Bounti
Locally.io,18-Feb-2021,Merger/Acquisition,"""Irvine, CA""",locallyio,,Wikidata,ERROR,0,ERROR,,,HTTP 429 for https://www.wikidata.org/w/api.php?action=wbsearchentities&format=json&language=en&type=item&limit=5&search=Locally.io
Locals Technology,25-Oct-2021,Merger/Acquisition,"""Longboat Key, FL""",locals technology,,Wikidata,ERROR,0,ERROR,,,HTTP 429 for https://www.wikidata.org/w/api.php?action=wbsearchentities&format=json&language=en&type=item&limit=5&search=Locals+Technology
Locked On Podcast Network,27-Jan-2021,Merger/Acquisition,"""Park City, UT""",locked on podcast network,,Wikidata,ERROR,0,ERROR,,,HTTP 429 for https://www.wikidata.org/wiki/Special:EntityData/Q118966446.json
Lodo Therapeutics,16-May-2021,Merger/Acquisition,"""New York, NY""",lodo therapeutics,,Wikidata,ERROR,0,ERROR,,,HTTP 429 for https://www.wikidata.org/w/api.php?action=wbsearchentities&format=json&language=en&type=item&limit=5&search=Lodo+Therapeutics
LogicBio Therapeutics,16-Nov-2022,Merger/Acquisition,"""Lexington, MA""",logicbio therapeutics,,Wikidata,ERROR,0,ERROR,,,HTTP 429 for https://www.wikidata.org/w/api.php?action=wbsearchentities&format=json&language=en&type=item&limit=5&search=LogicBio+Therapeutics
Logik.io,30-May-2025,Merger/Acquisition,"""Deerfield, IL""",logikio,,Wikidata,ERROR,0,ERROR,,,HTTP 429 for https://www.wikidata.org/w/api.php?action=wbsearchentities&format=json&language=en&type=item&limit=5&search=Logik.io
LogiNext,16-Aug-2024,Buyout/LBO,"""Jersey City, NJ""",loginext,,Wikidata,ERROR,0,ERROR,,,HTTP 429 for https://www.wikidata.org/w/api.php?action=wbsearchentities&format=json&language=en&type=item&limit=5&search=LogiNext
Longboard Pharmaceuticals,12-Mar-2021,IPO,"""La Jolla, CA""",longboard pharmaceuticals,,Wikidata,ERROR,0,ERROR,,,HTTP 429 for https://www.wikidata.org/w/api.php?action=wbsearchentities&format=json&language=en&type=item&limit=5&search=Longboard+Pharmaceuticals
Longbridge Financial,03-Oct-2022,Merger/Acquisition,"""Paramus, NJ""",longbridge financial,,Wikidata,NONE,0,NO_MATCH,,,No Wikidata search results
Longeveron (NAS: LGVN),12-Feb-2021,IPO,"""Miami, FL""",longeveron,,Wikidata,ERROR,0,ERROR,,,HTTP 429 for https://www.wikidata.org/w/api.php?action=wbsearchentities&format=json&language=en&type=item&limit=5&search=Longeveron
Loom,30-Nov-2023,Merger/Acquisition,"""San Francisco, CA""",loom,,Wikidata,ERROR,0,ERROR,,,HTTP 429 for https://www.wikidata.org/w/api.php?action=wbsearchentities&format=json&language=en&type=item&limit=5&search=Loom
Loop (Energy Storage),25-Feb-2021,IPO,"""Burnaby, Canada""",loop (energy storage),,Wikidata,ERROR,0,ERROR,,,HTTP 429 for https://www.wikidata.org/w/api.php?action=wbsearchentities&format=json&language=en&type=item&limit=5&search=Loop+%28Energy+Storage%29
Loqed,11-Jul-2024,Merger/Acquisition,"""Maarssen, Netherlands""",loqed,,Wikidata,ERROR,0,ERROR,,,HTTP 429 for https://www.wikidata.org/w/api.php?action=wbsearchentities&format=json&language=en&type=item&limit=5&search=Loqed
Lore IO,21-Oct-2021,Merger/Acquisition,"""Sunnyvale, CA""",lore io,,Wikidata,ERROR,0,ERROR,,,HTTP 429 for https://www.wikidata.org/w/api.php?action=wbsearchentities&format=json&language=en&type=item&limit=5&search=Lore+IO
Los Angeles BEAT,23-Sep-2025,Merger/Acquisition,"""Los Angeles, CA""",los angeles beat,,Wikidata,ERROR,0,ERROR,,,HTTP 429 for https://www.wikidata.org/w/api.php?action=wbsearchentities&format=json&language=en&type=item&limit=5&search=Los+Angeles+BEAT
Loudpack,04-Apr-2022,Merger/Acquisition,"""Los Angeles, CA""",loudpack,,Wikidata,NONE,0,NO_MATCH,,,No Wikidata search results
Louisville Vegan Jerky,12-Jun-2023,Buyout/LBO,"""Louisville, KY""",louisville vegan jerky,,Wikidata,ERROR,0,ERROR,,,HTTP 429 for https://www.wikidata.org/w/api.php?action=wbsearchentities&format=json&language=en&type=item&limit=5&search=Louisville+Vegan+Jerky
LoungeUp,18-Mar-2024,Merger/Acquisition,"""Paris, France""",loungeup,,Wikidata,ERROR,0,ERROR,,,HTTP 429 for https://www.wikidata.org/w/api.php?action=wbsearchentities&format=json&language=en&type=item&limit=5&search=LoungeUp
Loupe (Entertainment Software),23-Dec-2024,Merger/Acquisition,"""Atlanta, GA""",loupe (entertainment software),,Wikidata,ERROR,0,ERROR,,,HTTP 429 for https://www.wikidata.org/w/api.php?action=wbsearchentities&format=json&language=en&type=item&limit=5&search=Loupe+%28Entertainment+Software%29
Lovely Candy Company,21-Feb-2022,Merger/Acquisition,"""Lake in the Hills, IL""",lovely candy,,Wikidata,ERROR,0,ERROR,,,HTTP 429 for https://www.wikidata.org/w/api.php?action=wbsearchentities&format=json&language=en&type=item&limit=5&search=Lovely+Candy+Company
Lovenature Superfoods,06-Feb-2024,Buyout/LBO,"""The Hague, Netherlands""",lovenature superfoods,,Wikidata,ERROR,0,ERROR,,,HTTP 429 for https://www.wikidata.org/w/api.php?action=wbsearchentities&format=json&language=en&type=item&limit=5&search=Lovenature+Superfoods
Lowell Farms (CNQ: LOWL),05-Mar-2021,Reverse Merger,"""Salinas, CA""",lowell farms,,Wikidata,ERROR,0,ERROR,,,HTTP 429 for https://www.wikidata.org/w/api.php?action=wbsearchentities&format=json&language=en&type=item&limit=5&search=Lowell+Farms
Lowell Therapeutics,10-Jan-2022,Merger/Acquisition,"""Lowell, MA""",lowell therapeutics,,Wikidata,NONE,0,NO_MATCH,,,No Wikidata search results
Loxysoft,01-Jan-2021,Merger/Acquisition,"""Ostersund, Sweden""",loxysoft,,Wikidata,ERROR,0,ERROR,,,HTTP 429 for https://www.wikidata.org/w/api.php?action=wbsearchentities&format=json&language=en&type=item&limit=5&search=Loxysoft
Lua (Business/Productivity Software),23-Mar-2021,Merger/Acquisition,"""Copenhagen, Denmark""",lua (business/productivity software),,Wikidata,ERROR,0,ERROR,,,HTTP 429 for https://www.wikidata.org/w/api.php?action=wbsearchentities&format=json&language=en&type=item&limit=5&search=Lua+%28Business%2FProductivity+Software%29
Lucid (Media and Information Services (B2B)),29-Dec-2021,Merger/Acquisition,"""New Orleans, LA""",lucid (media and information services (b2b)),,Wikidata,ERROR,0,ERROR,,,HTTP 429 for https://www.wikidata.org/w/api.php?action=wbsearchentities&format=json&language=en&type=item&limit=5&search=Lucid+%28Media+and+Information+Services+%28B2B%29%29
Lucira Health,05-Feb-2021,IPO,"""Emeryville, CA""",lucira health,,Wikidata,ERROR,0,ERROR,,,HTTP 429 for https://www.wikidata.org/w/api.php?action=wbsearchentities&format=json&language=en&type=item&limit=5&search=Lucira+Health
Lucky Kat,03-Jan-2022,Merger/Acquisition,"""Hague, Netherlands""",lucky kat,,Wikidata,ERROR,0,ERROR,,,HTTP 429 for https://www.wikidata.org/w/api.php?action=wbsearchentities&format=json&language=en&type=item&limit=5&search=Lucky+Kat
Lucy Scientific Discovery,09-Feb-2023,IPO,"""Victoria, Canada""",lucy scientific discovery,,Wikidata,NONE,0,NO_MATCH,,,No Wikidata search results
Lumed,08-Jan-2024,Merger/Acquisition,"""Sherbrooke, Canada""",lumed,,Wikidata,ERROR,0,ERROR,,,HTTP 429 for https://www.wikidata.org/w/api.php?action=wbsearchentities&format=json&language=en&type=item&limit=5&search=Lumed
LumenRadio (STO: LUMEN),08-Dec-2022,IPO,"""Gothenburg, Sweden""",lumenradio,,Wikidata,ERROR,0,ERROR,,,HTTP 429 for https://www.wikidata.org/w/api.php?action=wbsearchentities&format=json&language=en&type=item&limit=5&search=LumenRadio
Lumeon,02-Aug-2024,Merger/Acquisition,"""Boston, MA""",lumeon,,Wikidata,ERROR,0,ERROR,,,HTTP 429 for https://www.wikidata.org/w/api.php?action=wbsearchentities&format=json&language=en&type=item&limit=5&search=Lumeon
Lumina Instruments,31-Oct-2024,Merger/Acquisition,"""San Jose, CA""",lumina instruments,,Wikidata,ERROR,0,ERROR,,,HTTP 429 for https://www.wikidata.org/w/api.php?action=wbsearchentities&format=json&language=en&type=item&limit=5&search=Lumina+Instruments
Lunaphore,07-Jul-2023,Merger/Acquisition,"""Tolochenaz, Switzerland""",lunaphore,,Wikidata,ERROR,0,ERROR,,,HTTP 429 for https://www.wikidata.org/w/api.php?action=wbsearchentities&format=json&language=en&type=item&limit=5&search=Lunaphore
Lunching,29-Apr-2022,Merger/Acquisition,"""Krakow, Poland""",lunching,,Wikidata,ERROR,0,ERROR,,,HTTP 429 for https://www.wikidata.org/wiki/Special:EntityData/Q64579532|Q57581135|Q13776265|Q135094204|Q64933071.json
LungLife AI,08-Jul-2021,IPO,"""Thousand Oaks, CA""",lunglife ai,,Wikidata,ERROR,0,ERROR,,,HTTP 429 for https://www.wikidata.org/w/api.php?action=wbsearchentities&format=json&language=en&type=item&limit=5&search=LungLife+AI
Lusoco,15-May-2023,Merger/Acquisition,"""Eindhoven, Netherlands""",lusoco,,Wikidata,ERROR,0,ERROR,,,HTTP 429 for https://www.wikidata.org/w/api.php?action=wbsearchentities&format=json&language=en&type=item&limit=5&search=Lusoco
Lyckeg�rd (STO: LYGRD),21-Feb-2022,IPO,"""V�ster�s, Sweden""",lyckeg�rd,,Wikidata,ERROR,0,ERROR,,,HTTP 429 for https://www.wikidata.org/w/api.php?action=wbsearchentities&format=json&language=en&type=item&limit=5&search=Lyckeg%EF%BF%BDrd
Lyell Immunopharma (NAS: LYEL),17-Jun-2021,IPO,"""South San Francisco, CA""",lyell immunopharma,,Wikidata,ERROR,0,ERROR,,,HTTP 429 for https://www.wikidata.org/w/api.php?action=wbsearchentities&format=json&language=en&type=item&limit=5&search=Lyell+Immunopharma
LYF Edibles,05-Mar-2021,Merger/Acquisition,"""Kelowna, Canada""",lyf edibles,,Wikidata,ERROR,0,ERROR,,,HTTP 429 for https://www.wikidata.org/w/api.php?action=wbsearchentities&format=json&language=en&type=item&limit=5&search=LYF+Edibles
Lympo,01-Jan-2021,Merger/Acquisition,"""Vilnius, Lithuania""",lympo,,Wikidata,ERROR,0,ERROR,,,HTTP 429 for https://www.wikidata.org/w/api.php?action=wbsearchentities&format=json&language=en&type=item&limit=5&search=Lympo
Lyst,09-Apr-2025,Merger/Acquisition,"""London, United Kingdom""",lyst,,Wikidata,ERROR,0,ERROR,,,HTTP 429 for https://www.wikidata.org/w/api.php?action=wbsearchentities&format=json&language=en&type=item&limit=5&search=Lyst
Lytix Biopharma (OSL: LYTIX),14-Jun-2021,IPO,"""Oslo, Norway""",lytix biopharma,,Wikidata,ERROR,0,ERROR,,,HTTP 429 for https://www.wikidata.org/w/api.php?action=wbsearchentities&format=json&language=en&type=item&limit=5&search=Lytix+Biopharma
MaaT Pharma (PAR: MAAT),08-Nov-2021,IPO,"""Lyon, France""",maat pharma,,Wikidata,ERROR,0,ERROR,,,HTTP 429 for https://www.wikidata.org/w/api.php?action=wbsearchentities&format=json&language=en&type=item&limit=5&search=MaaT+Pharma
Mablink,01-Dec-2023,Merger/Acquisition,"""Lyon, France""",mablink,,Wikidata,ERROR,0,ERROR,,,HTTP 429 for https://www.wikidata.org/w/api.php?action=wbsearchentities&format=json&language=en&type=item&limit=5&search=Mablink
Mabrian,22-Nov-2023,Merger/Acquisition,"""Menorca, Spain""",mabrian,,Wikidata,ERROR,0,ERROR,,,HTTP 429 for https://www.wikidata.org/w/api.php?action=wbsearchentities&format=json&language=en&type=item&limit=5&search=Mabrian
Machinery Analytics,05-Jul-2023,Merger/Acquisition,"""Vancouver, Canada""",machinery analytics,,Wikidata,ERROR,0,ERROR,,,HTTP 429 for https://www.wikidata.org/w/api.php?action=wbsearchentities&format=json&language=en&type=item&limit=5&search=Machinery+Analytics
Maddox Defense,31-Oct-2023,Merger/Acquisition,"""San Diego, CA""",maddox defense,,Wikidata,ERROR,0,ERROR,,,HTTP 429 for https://www.wikidata.org/w/api.php?action=wbsearchentities&format=json&language=en&type=item&limit=5&search=Maddox+Defense
Made Scientific,19-Apr-2022,Merger/Acquisition,"""Princeton, NJ""",made scientific,,Wikidata,ERROR,0,ERROR,,,HTTP 429 for https://www.wikidata.org/w/api.php?action=wbsearchentities&format=json&language=en&type=item&limit=5&search=Made+Scientific
Maestro Health,01-Nov-2022,Merger/Acquisition,"""Chicago, IL""",maestro health,,Wikidata,ERROR,0,ERROR,,,HTTP 429 for https://www.wikidata.org/w/api.php?action=wbsearchentities&format=json&language=en&type=item&limit=5&search=Maestro+Health
Magenta Therapeutics,11-Sep-2023,Merger/Acquisition,"""Cambridge, MA""",magenta therapeutics,,Wikidata,ERROR,0,ERROR,,,HTTP 429 for https://www.wikidata.org/w/api.php?action=wbsearchentities&format=json&language=en&type=item&limit=5&search=Magenta+Therapeutics
Magic Fuel Games,06-Jun-2022,Merger/Acquisition,"""Pleasanton, CA""",magic fuel games,,Wikidata,ERROR,0,ERROR,,,HTTP 429 for https://www.wikidata.org/w/api.php?action=wbsearchentities&format=json&language=en&type=item&limit=5&search=Magic+Fuel+Games
MagicMed Industries,16-Sep-2021,Merger/Acquisition,"""Calgary, Canada""",magicmed industries,,Wikidata,ERROR,0,ERROR,,,HTTP 429 for https://www.wikidata.org/w/api.php?action=wbsearchentities&format=json&language=en&type=item&limit=5&search=MagicMed+Industries
MAGnetIC (Electronic Equipment and Instruments),06-May-2024,Merger/Acquisition,"""Delft, Netherlands""",magnetic (electronic equipment and instruments),,Wikidata,ERROR,0,ERROR,,,HTTP 429 for https://www.wikidata.org/w/api.php?action=wbsearchentities&format=json&language=en&type=item&limit=5&search=MAGnetIC+%28Electronic+Equipment+and+Instruments%29
Magnopus,01-Sep-2021,Merger/Acquisition,"""Los Angeles, CA""",magnopus,,Wikidata,ERROR,0,ERROR,,,HTTP 429 for https://www.wikidata.org/w/api.php?action=wbsearchentities&format=json&language=en&type=item&limit=5&search=Magnopus
Magseis Fairfield,11-Oct-2022,Merger/Acquisition,"""Oslo, Norway""",magseis fairfield,,Wikidata,ERROR,0,ERROR,,,HTTP 429 for https://www.wikidata.org/w/api.php?action=wbsearchentities&format=json&language=en&type=item&limit=5&search=Magseis+Fairfield
MAIA Biotechnology (ASE: MAIA),28-Jul-2022,IPO,"""Chicago, IL""",maia biotechnology,,Wikidata,ERROR,0,ERROR,,,HTTP 429 for https://www.wikidata.org/w/api.php?action=wbsearchentities&format=json&language=en&type=item&limit=5&search=MAIA+Biotechnology
MailerLite,26-Apr-2022,Merger/Acquisition,"""Dublin, Ireland""",mailerlite,,Wikidata,ERROR,0,ERROR,,,HTTP 429 for https://www.wikidata.org/w/api.php?action=wbsearchentities&format=json&language=en&type=item&limit=5&search=MailerLite
Mainstream Renewable Power,11-May-2021,Merger/Acquisition,"""Dublin, Ireland""",mainstream renewable power,,Wikidata,ERROR,0,ERROR,,,HTTP 429 for https://www.wikidata.org/w/api.php?action=wbsearchentities&format=json&language=en&type=item&limit=5&search=Mainstream+Renewable+Power
Mainz Biomed (NAS: MYNZ),08-Nov-2021,IPO,"""Mainz, Germany""",mainz biomed,,Wikidata,ERROR,0,ERROR,,,HTTP 429 for https://www.wikidata.org/w/api.php?action=wbsearchentities&format=json&language=en&type=item&limit=5&search=Mainz+Biomed
Makeswift,31-Oct-2023,Merger/Acquisition,"""Atlanta, GA""",makeswift,,Wikidata,ERROR,0,ERROR,,,HTTP 429 for https://www.wikidata.org/w/api.php?action=wbsearchentities&format=json&language=en&type=item&limit=5&search=Makeswift
Malizen,25-Nov-2025,Merger/Acquisition,"""Rennes, France""",malizen,,Wikidata,ERROR,0,ERROR,,,HTTP 429 for https://www.wikidata.org/w/api.php?action=wbsearchentities&format=json&language=en&type=item&limit=5&search=Malizen
Malloy Aeronautics,31-Jan-2024,Merger/Acquisition,"""Berkshire, United Kingdom""",malloy aeronautics,,Wikidata,ERROR,0,ERROR,,,HTTP 429 for https://www.wikidata.org/w/api.php?action=wbsearchentities&format=json&language=en&type=item&limit=5&search=Malloy+Aeronautics
Mandiant,12-Sep-2022,Merger/Acquisition,"""Reston, VA""",mandiant,,Wikidata,ERROR,0,ERROR,,,HTTP 429 for https://www.wikidata.org/w/api.php?action=wbsearchentities&format=json&language=en&type=item&limit=5&search=Mandiant
Mangoceuticals (NAS: MGRX),21-Mar-2023,IPO,"""Dallas, TX""",mangoceuticals,,Wikidata,ERROR,0,ERROR,,,HTTP 429 for https://www.wikidata.org/w/api.php?action=wbsearchentities&format=json&language=en&type=item&limit=5&search=Mangoceuticals
MANTL,17-Mar-2025,Merger/Acquisition,"""Jersey City, NJ""",mantl,,Wikidata,ERROR,0,ERROR,,,HTTP 429 for https://www.wikidata.org/w/api.php?action=wbsearchentities&format=json&language=en&type=item&limit=5&search=MANTL
MapLight (NAS: MPLT),27-Oct-2025,IPO,"""Redwood City, CA""",maplight,,Wikidata,ERROR,0,ERROR,,,HTTP 429 for https://www.wikidata.org/w/api.php?action=wbsearchentities&format=json&language=en&type=item&limit=5&search=MapLight
Mapwize,02-Sep-2021,Merger/Acquisition,"""Lille, France""",mapwize,,Wikidata,ERROR,0,ERROR,,,HTTP 429 for https://www.wikidata.org/w/api.php?action=wbsearchentities&format=json&language=en&type=item&limit=5&search=Mapwize
Mariana Oncology,02-May-2024,Merger/Acquisition,"""Watertown, MA""",mariana oncology,,Wikidata,ERROR,0,ERROR,,,HTTP 429 for https://www.wikidata.org/w/api.php?action=wbsearchentities&format=json&language=en&type=item&limit=5&search=Mariana+Oncology
Marine Performance Systems,21-Mar-2023,Merger/Acquisition,"""Rotterdam, Netherlands""",marine performance systems,,Wikidata,ERROR,0,ERROR,,,HTTP 429 for https://www.wikidata.org/w/api.php?action=wbsearchentities&format=json&language=en&type=item&limit=5&search=Marine+Performance+Systems
Markforged,14-Jul-2021,Reverse Merger,"""Waltham, MA""",markforged,,Wikidata,ERROR,0,ERROR,,,HTTP 429 for https://www.wikidata.org/w/api.php?action=wbsearchentities&format=json&language=en&type=item&limit=5&search=Markforged
Marpai (PINX: MRAI),27-Oct-2021,IPO,"""Tampa, FL""",marpai,,Wikidata,ERROR,0,ERROR,,,HTTP 429 for https://www.wikidata.org/w/api.php?action=wbsearchentities&format=json&language=en&type=item&limit=5&search=Marpai
Marqeta (NAS: MQ),09-Jun-2021,IPO,"""Oakland, CA""",marqeta,,Wikidata,ERROR,0,ERROR,,,HTTP 429 for https://www.wikidata.org/w/api.php?action=wbsearchentities&format=json&language=en&type=item&limit=5&search=Marqeta
Marrone Bio Innovations,12-Jul-2022,Merger/Acquisition,"""Raleigh, NC""",marrone bio innovations,,Wikidata,ERROR,0,ERROR,,,HTTP 429 for https://www.wikidata.org/w/api.php?action=wbsearchentities&format=json&language=en&type=item&limit=5&search=Marrone+Bio+Innovations
Martin (Consulting Services (B2B)),16-Sep-2022,Merger/Acquisition,"""Cincinnati, OH""",martin (consulting services (b2b)),,Wikidata,ERROR,0,ERROR,,,HTTP 429 for https://www.wikidata.org/w/api.php?action=wbsearchentities&format=json&language=en&type=item&limit=5&search=Martin+%28Consulting+Services+%28B2B%29%29
MashMeGroup,29-Sep-2021,Merger/Acquisition,"""Madrid, Spain""",mashmegroup,,Wikidata,ERROR,0,ERROR,,,HTTP 429 for https://www.wikidata.org/w/api.php?action=wbsearchentities&format=json&language=en&type=item&limit=5&search=MashMeGroup
Mashup Ireland (STO: MASHUP),23-Feb-2024,Merger/Acquisition,"""Waterford, Ireland""",mashup ireland,,Wikidata,ERROR,0,ERROR,,,HTTP 429 for https://www.wikidata.org/w/api.php?action=wbsearchentities&format=json&language=en&type=item&limit=5&search=Mashup+Ireland
Masten Space Systems,12-Sep-2022,Merger/Acquisition,"""Mojave, CA""",masten space systems,,Wikidata,ERROR,0,ERROR,,,HTTP 429 for https://www.wikidata.org/w/api.php?action=wbsearchentities&format=json&language=en&type=item&limit=5&search=Masten+Space+Systems
Match2One,30-Sep-2021,Merger/Acquisition,"""Stockholm, Sweden""",match2one,,Wikidata,ERROR,0,ERROR,,,HTTP 429 for https://www.wikidata.org/w/api.php?action=wbsearchentities&format=json&language=en&type=item&limit=5&search=Match2One
MatchBio,01-Jan-2024,Buyout/LBO,"""London, United Kingdom""",matchbio,,Wikidata,ERROR,0,ERROR,,,HTTP 429 for https://www.wikidata.org/w/api.php?action=wbsearchentities&format=json&language=en&type=item&limit=5&search=MatchBio
Material Intellect,15-Apr-2022,Merger of Equals,"""Houston, TX""",material intellect,,Wikidata,ERROR,0,ERROR,,,HTTP 429 for https://www.wikidata.org/w/api.php?action=wbsearchentities&format=json&language=en&type=item&limit=5&search=Material+Intellect
"""Matrix (Electronic, Equipment, and Instruments)""",23-Feb-2021,Merger/Acquisition,"""Miami Beach, FL""",matrix (electronic equipment and instruments),,Wikidata,ERROR,0,ERROR,,,HTTP 429 for https://www.wikidata.org/w/api.php?action=wbsearchentities&format=json&language=en&type=item&limit=5&search=%22Matrix+%28Electronic%2C+Equipment%2C+and+Instruments%29%22
MATRIXX Software,03-Feb-2026,Merger/Acquisition,"""Saratoga, CA""",matrixx software,,Wikidata,ERROR,0,ERROR,,,HTTP 429 for https://www.wikidata.org/w/api.php?action=wbsearchentities&format=json&language=en&type=item&limit=5&search=MATRIXX+Software
Matter (Financial Services),18-Aug-2025,Merger/Acquisition,"""Copenhagen, Denmark""",matter (financial services),,Wikidata,ERROR,0,ERROR,,,HTTP 429 for https://www.wikidata.org/w/api.php?action=wbsearchentities&format=json&language=en&type=item&limit=5&search=Matter+%28Financial+Services%29
Matterport,22-Jul-2021,Reverse Merger,"""Sunnyvale, CA""",matterport,,Wikidata,ERROR,0,ERROR,,,HTTP 429 for https://www.wikidata.org/w/api.php?action=wbsearchentities&format=json&language=en&type=item&limit=5&search=Matterport
Matthew Kenney,27-May-2021,Merger/Acquisition,"""Santa Monica, CA""",matthew kenney,,Wikidata,ERROR,0,ERROR,,,HTTP 429 for https://www.wikidata.org/w/api.php?action=wbsearchentities&format=json&language=en&type=item&limit=5&search=Matthew+Kenney
Mavely,01-Apr-2021,Merger/Acquisition,"""Chicago, IL""",mavely,,Wikidata,ERROR,0,ERROR,,,HTTP 429 for https://www.wikidata.org/w/api.php?action=wbsearchentities&format=json&language=en&type=item&limit=5&search=Mavely
Maven Wireless (STO: MAVEN),10-Jun-2021,IPO,"""Kista, Sweden""",maven wireless,,Wikidata,ERROR,0,ERROR,,,HTTP 429 for https://www.wikidata.org/w/api.php?action=wbsearchentities&format=json&language=en&type=item&limit=5&search=Maven+Wireless
Maverick Therapeutics,01-Oct-2021,Merger/Acquisition,"""Brisbane, CA""",maverick therapeutics,,Wikidata,ERROR,0,ERROR,,,HTTP 429 for https://www.wikidata.org/w/api.php?action=wbsearchentities&format=json&language=en&type=item&limit=5&search=Maverick+Therapeutics
Mawson Infrastructure Group (NAS: MIGI),17-Mar-2021,Reverse Merger,"""Midland, PA""",mawson infrastructure,,Wikidata,ERROR,0,ERROR,,,HTTP 429 for https://www.wikidata.org/w/api.php?action=wbsearchentities&format=json&language=en&type=item&limit=5&search=Mawson+Infrastructure+Group
Maxbone,06-Apr-2023,Merger/Acquisition,"""Los Angeles, CA""",maxbone,,Wikidata,ERROR,0,ERROR,,,HTTP 429 for https://www.wikidata.org/w/api.php?action=wbsearchentities&format=json&language=en&type=item&limit=5&search=Maxbone
Maxeler Technologies,01-Mar-2022,Merger/Acquisition,"""Lewes, DE""",maxeler technologies,,Wikidata,ERROR,0,ERROR,,,HTTP 429 for https://www.wikidata.org/w/api.php?action=wbsearchentities&format=json&language=en&type=item&limit=5&search=Maxeler+Technologies
Maximum Games,29-Nov-2021,Merger/Acquisition,"""Walnut Creek, CA""",maximum games,,Wikidata,ERROR,0,ERROR,,,HTTP 429 for https://www.wikidata.org/w/api.php?action=wbsearchentities&format=json&language=en&type=item&limit=5&search=Maximum+Games
Mayht,11-Apr-2022,Merger/Acquisition,"""Nieuw-Vennep, Netherlands""",mayht,,Wikidata,ERROR,0,ERROR,,,HTTP 429 for https://www.wikidata.org/w/api.php?action=wbsearchentities&format=json&language=en&type=item&limit=5&search=Mayht
Maza,24-Apr-2025,Merger/Acquisition,"""Los Angeles, CA""",maza,,Wikidata,ERROR,0,ERROR,,,HTTP 429 for https://www.wikidata.org/w/api.php?action=wbsearchentities&format=json&language=en&type=item&limit=5&search=Maza
Maze Therapeutics (NAS: MAZE),30-Jan-2025,IPO,"""South San Francisco, CA""",maze therapeutics,,Wikidata,ERROR,0,ERROR,,,HTTP 429 for https://www.wikidata.org/w/api.php?action=wbsearchentities&format=json&language=en&type=item&limit=5&search=Maze+Therapeutics
MBX Biosciences (NAS: MBX),13-Sep-2024,IPO,"""Carmel, IN""",mbx biosciences,,Wikidata,ERROR,0,ERROR,,,HTTP 429 for https://www.wikidata.org/w/api.php?action=wbsearchentities&format=json&language=en&type=item&limit=5&search=MBX+Biosciences
MDLive,19-Apr-2021,Merger/Acquisition,"""Miramar, FL""",mdlive,,Wikidata,ERROR,0,ERROR,,,HTTP 429 for https://www.wikidata.org/w/api.php?action=wbsearchentities&format=json&language=en&type=item&limit=5&search=MDLive
MDsave,27-Sep-2023,Merger/Acquisition,"""Brentwood, TN""",mdsave,,Wikidata,ERROR,0,ERROR,,,HTTP 429 for https://www.wikidata.org/w/api.php?action=wbsearchentities&format=json&language=en&type=item&limit=5&search=MDsave
Measure (Business/Productivity Software),01-Apr-2021,Merger/Acquisition,"""Washington, DC""",measure (business/productivity software),,Wikidata,ERROR,0,ERROR,,,HTTP 429 for https://www.wikidata.org/w/api.php?action=wbsearchentities&format=json&language=en&type=item&limit=5&search=Measure+%28Business%2FProductivity+Software%29
Measure Global,19-Apr-2021,Merger/Acquisition,"""Washington, DC""",measure global,,Wikidata,ERROR,0,ERROR,,,HTTP 429 for https://www.wikidata.org/w/api.php?action=wbsearchentities&format=json&language=en&type=item&limit=5&search=Measure+Global
MeasureOne,22-Jun-2023,Buyout/LBO,"""San Francisco, CA""",measureone,,Wikidata,ERROR,0,ERROR,,,HTTP 429 for https://www.wikidata.org/w/api.php?action=wbsearchentities&format=json&language=en&type=item&limit=5&search=MeasureOne
Meati,07-May-2025,Merger/Acquisition,"""Boulder, CO""",meati,,Wikidata,ERROR,0,ERROR,,,HTTP 429 for https://www.wikidata.org/w/api.php?action=wbsearchentities&format=json&language=en&type=item&limit=5&search=Meati
Meatless Farm,20-Jun-2023,Merger/Acquisition,"""Leeds, United Kingdom""",meatless farm,,Wikidata,ERROR,0,ERROR,,,HTTP 429 for https://www.wikidata.org/w/api.php?action=wbsearchentities&format=json&language=en&type=item&limit=5&search=Meatless+Farm
MedApp,26-Mar-2021,Merger/Acquisition,"""Eindhoven, Netherlands""",medapp,,Wikidata,ERROR,0,ERROR,,,HTTP 429 for https://www.wikidata.org/w/api.php?action=wbsearchentities&format=json&language=en&type=item&limit=5&search=MedApp
MedAware Systems,11-Apr-2023,Merger/Acquisition,"""Broomfield, CO""",medaware systems,,Wikidata,ERROR,0,ERROR,,,HTTP 429 for https://www.wikidata.org/w/api.php?action=wbsearchentities&format=json&language=en&type=item&limit=5&search=MedAware+Systems
MedCurrent,04-Oct-2024,Merger/Acquisition,"""Toronto, Canada""",medcurrent,,Wikidata,ERROR,0,ERROR,,,HTTP 429 for https://www.wikidata.org/w/api.php?action=wbsearchentities&format=json&language=en&type=item&limit=5&search=MedCurrent
MediaCrossing,30-Nov-2021,Merger/Acquisition,"""Stamford, CT""",mediacrossing,,Wikidata,ERROR,0,ERROR,,,HTTP 429 for https://www.wikidata.org/w/api.php?action=wbsearchentities&format=json&language=en&type=item&limit=5&search=MediaCrossing
Medicx,24-Oct-2023,Merger/Acquisition,"""Scottsdale, AZ""",medicx,,Wikidata,ERROR,0,ERROR,,,HTTP 429 for https://www.wikidata.org/w/api.php?action=wbsearchentities&format=json&language=en&type=item&limit=5&search=Medicx
MediGO (Healthcare Technology Systems),21-Jul-2023,Merger/Acquisition,"""Baltimore, MD""",medigo (healthcare technology systems),,Wikidata,ERROR,0,ERROR,,,HTTP 429 for https://www.wikidata.org/w/api.php?action=wbsearchentities&format=json&language=en&type=item&limit=5&search=MediGO+%28Healthcare+Technology+Systems%29
Mednow.ca (PINX: MDNWF),09-Mar-2021,IPO,"""Toronto, Canada""",mednowca,,Wikidata,ERROR,0,ERROR,,,HTTP 429 for https://www.wikidata.org/w/api.php?action=wbsearchentities&format=json&language=en&type=item&limit=5&search=Mednow.ca
Meds Apotek (STO: MEDS),23-Sep-2025,IPO,"""Stockholm, Sweden""",meds apotek,,Wikidata,ERROR,0,ERROR,,,HTTP 429 for https://www.wikidata.org/w/api.php?action=wbsearchentities&format=json&language=en&type=item&limit=5&search=Meds+Apotek
MedServe,22-Mar-2021,Buyout/LBO,"""Milwaukee, WI""",medserve,,Wikidata,ERROR,0,ERROR,,,HTTP 429 for https://www.wikidata.org/w/api.php?action=wbsearchentities&format=json&language=en&type=item&limit=5&search=MedServe
MedShape,26-Apr-2021,Merger/Acquisition,"""Atlanta, GA""",medshape,,Wikidata,ERROR,0,ERROR,,,HTTP 429 for https://www.wikidata.org/w/api.php?action=wbsearchentities&format=json&language=en&type=item&limit=5&search=MedShape
Meetrics,31-Aug-2021,Merger/Acquisition,"""Berlin, Germany""",meetrics,,Wikidata,ERROR,0,ERROR,,,HTTP 429 for https://www.wikidata.org/w/api.php?action=wbsearchentities&format=json&language=en&type=item&limit=5&search=Meetrics
Melio,15-Oct-2025,Merger/Acquisition,"""New York, NY""",melio,,Wikidata,ERROR,0,ERROR,,,HTTP 429 for https://www.wikidata.org/w/api.php?action=wbsearchentities&format=json&language=en&type=item&limit=5&search=Melio
Meller,12-Jul-2025,Merger/Acquisition,"""Barcelona, Spain""",meller,,Wikidata,ERROR,0,ERROR,,,HTTP 429 for https://www.wikidata.org/w/api.php?action=wbsearchentities&format=json&language=en&type=item&limit=5&search=Meller
Mellitus Health,14-Jun-2022,Merger/Acquisition,"""Beverly Hills, CA""",mellitus health,,Wikidata,ERROR,0,ERROR,,,HTTP 429 for https://www.wikidata.org/w/api.php?action=wbsearchentities&format=json&language=en&type=item&limit=5&search=Mellitus+Health
Melon (Entertainment Software),04-May-2023,Merger/Acquisition,"""Orlando, FL""",melon (entertainment software),,Wikidata,ERROR,0,ERROR,,,HTTP 429 for https://www.wikidata.org/w/api.php?action=wbsearchentities&format=json&language=en&type=item&limit=5&search=Melon+%28Entertainment+Software%29
Memfault,01-Jul-2025,Merger/Acquisition,"""San Francisco, CA""",memfault,,Wikidata,ERROR,0,ERROR,,,HTTP 429 for https://www.wikidata.org/w/api.php?action=wbsearchentities&format=json&language=en&type=item&limit=5&search=Memfault
Mendell Helium (NEXX: VOY),30-Jun-2021,IPO,"""Perth, United Kingdom""",mendell helium,,Wikidata,ERROR,0,ERROR,,,HTTP 429 for https://www.wikidata.org/w/api.php?action=wbsearchentities&format=json&language=en&type=item&limit=5&search=Mendell+Helium
Mercatus,01-Sep-2021,Merger/Acquisition,"""San Mateo, CA""",mercatus,,Wikidata,ERROR,0,ERROR,,,HTTP 429 for https://www.wikidata.org/w/api.php?action=wbsearchentities&format=json&language=en&type=item&limit=5&search=Mercatus
MergeBase,27-Jun-2024,Merger/Acquisition,"""Coquitlam, Canada""",mergebase,,Wikidata,ERROR,0,ERROR,,,HTTP 429 for https://www.wikidata.org/w/api.php?action=wbsearchentities&format=json&language=en&type=item&limit=5&search=MergeBase
Mersana Therapeutics,06-Jan-2026,Merger/Acquisition,"""Cambridge, MA""",mersana therapeutics,,Wikidata,ERROR,0,ERROR,,,HTTP 429 for https://www.wikidata.org/w/api.php?action=wbsearchentities&format=json&language=en&type=item&limit=5&search=Mersana+Therapeutics
Merus,12-Dec-2025,Merger/Acquisition,"""Utrecht, Netherlands""",merus,,Wikidata,ERROR,0,ERROR,,,HTTP 429 for https://www.wikidata.org/w/api.php?action=wbsearchentities&format=json&language=en&type=item&limit=5&search=Merus
Merus Power (HEL: MERUS),08-Jun-2021,IPO,"""Yl�j�rvi, Finland""",merus power,,Wikidata,ERROR,0,ERROR,,,HTTP 429 for https://www.wikidata.org/w/api.php?action=wbsearchentities&format=json&language=en&type=item&limit=5&search=Merus+Power
Mesa Biotech,25-Feb-2021,Merger/Acquisition,"""San Diego, CA""",mesa biotech,,Wikidata,ERROR,0,ERROR,,,HTTP 429 for https://www.wikidata.org/w/api.php?action=wbsearchentities&format=json&language=en&type=item&limit=5&search=Mesa+Biotech
Mesa Cloud,15-Feb-2023,Merger/Acquisition,"""Austin, TX""",mesa cloud,,Wikidata,ERROR,0,ERROR,,,HTTP 429 for https://www.wikidata.org/w/api.php?action=wbsearchentities&format=json&language=en&type=item&limit=5&search=Mesa+Cloud
MesDocteurs,16-May-2022,Merger/Acquisition,"""Aubagne, France""",mesdocteurs,,Wikidata,ERROR,0,ERROR,,,HTTP 429 for https://www.wikidata.org/w/api.php?action=wbsearchentities&format=json&language=en&type=item&limit=5&search=MesDocteurs
Metabolic Nordic,19-May-2021,IPO,"""Malmo, Sweden""",metabolic nordic,,Wikidata,ERROR,0,ERROR,,,HTTP 429 for https://www.wikidata.org/w/api.php?action=wbsearchentities&format=json&language=en&type=item&limit=5&search=Metabolic+Nordic
Metabolomic Diagnostics,24-Sep-2024,Merger/Acquisition,"""Little Island, Ireland""",metabolomic diagnostics,,Wikidata,ERROR,0,ERROR,,,HTTP 429 for https://www.wikidata.org/w/api.php?action=wbsearchentities&format=json&language=en&type=item&limit=5&search=Metabolomic+Diagnostics
Metaco,17-May-2023,Merger/Acquisition,"""Lausanne, Switzerland""",metaco,,Wikidata,ERROR,0,ERROR,,,HTTP 429 for https://www.wikidata.org/w/api.php?action=wbsearchentities&format=json&language=en&type=item&limit=5&search=Metaco
Metagenomi Therapeutics (NAS: MGX),09-Feb-2024,IPO,"""Emeryville, CA""",metagenomi therapeutics,,Wikidata,ERROR,0,ERROR,,,HTTP 429 for https://www.wikidata.org/w/api.php?action=wbsearchentities&format=json&language=en&type=item&limit=5&search=Metagenomi+Therapeutics
Metal Casino,02-Apr-2024,Merger/Acquisition,"""Ta' Xbiex, Malta""",metal casino,,Wikidata,ERROR,0,ERROR,,,HTTP 429 for https://www.wikidata.org/w/api.php?action=wbsearchentities&format=json&language=en&type=item&limit=5&search=Metal+Casino
Metamorphic,14-Nov-2024,Merger/Acquisition,"""Stavanger, Norway""",metamorphic,,Wikidata,ERROR,0,ERROR,,,HTTP 429 for https://www.wikidata.org/w/api.php?action=wbsearchentities&format=json&language=en&type=item&limit=5&search=Metamorphic
Methinks (Business/Productivity Software),23-Jun-2022,Merger/Acquisition,"""Mountain View, CA""",methinks (business/productivity software),,Wikidata,ERROR,0,ERROR,,,HTTP 429 for https://www.wikidata.org/w/api.php?action=wbsearchentities&format=json&language=en&type=item&limit=5&search=Methinks+%28Business%2FProductivity+Software%29
Metria,01-Apr-2022,Merger/Acquisition,"""Stockholm, Sweden""",metria,,Wikidata,ERROR,0,ERROR,,,HTTP 429 for https://www.wikidata.org/w/api.php?action=wbsearchentities&format=json&language=en&type=item&limit=5&search=Metria
Metro Bank (LON: MTRO),03-Nov-2023,Merger/Acquisition,"""London, United Kingdom""",metro bank,,Wikidata,ERROR,0,ERROR,,,HTTP 429 for https://www.wikidata.org/w/api.php?action=wbsearchentities&format=json&language=en&type=item&limit=5&search=Metro+Bank
Metromile,09-Feb-2021,Reverse Merger,"""San Francisco, CA""",metromile,,Wikidata,ERROR,0,ERROR,,,HTTP 429 for https://www.wikidata.org/w/api.php?action=wbsearchentities&format=json&language=en&type=item&limit=5&search=Metromile
Metsera,31-Jan-2025,IPO,"""New York, NY""",metsera,,Wikidata,ERROR,0,ERROR,,,HTTP 429 for https://www.wikidata.org/w/api.php?action=wbsearchentities&format=json&language=en&type=item&limit=5&search=Metsera
Mevo (Electronics (B2C)),17-Feb-2021,Merger/Acquisition,"""Brooklyn, NY""",mevo (electronics (b2c)),,Wikidata,ERROR,0,ERROR,,,HTTP 429 for https://www.wikidata.org/w/api.php?action=wbsearchentities&format=json&language=en&type=item&limit=5&search=Mevo+%28Electronics+%28B2C%29%29
MGO Global,13-Jan-2023,IPO,"""Fort Lauderdale, FL""",mgo global,,Wikidata,ERROR,0,ERROR,,,HTTP 429 for https://www.wikidata.org/w/api.php?action=wbsearchentities&format=json&language=en&type=item&limit=5&search=MGO+Global
Miata Metals (CNQ: MMET),20-Jul-2023,IPO,"""Vancouver, Canada""",miata metals,,Wikidata,ERROR,0,ERROR,,,HTTP 429 for https://www.wikidata.org/w/api.php?action=wbsearchentities&format=json&language=en&type=item&limit=5&search=Miata+Metals
MicaSense,27-Jan-2021,Merger/Acquisition,"""Seattle, WA""",micasense,,Wikidata,ERROR,0,ERROR,,,HTTP 429 for https://www.wikidata.org/w/api.php?action=wbsearchentities&format=json&language=en&type=item&limit=5&search=MicaSense
Micro-LAM,29-Jul-2025,Merger/Acquisition,"""Portage, MI""",micro-lam,,Wikidata,ERROR,0,ERROR,,,HTTP 429 for https://www.wikidata.org/w/api.php?action=wbsearchentities&format=json&language=en&type=item&limit=5&search=Micro-LAM
MicroSalt (LON: SALT),01-Feb-2024,IPO,"""West Palm Beach, FL""",microsalt,,Wikidata,ERROR,0,ERROR,,,HTTP 429 for https://www.wikidata.org/w/api.php?action=wbsearchentities&format=json&language=en&type=item&limit=5&search=MicroSalt
Midori Animal Health,27-Jul-2021,Merger/Acquisition,"""Cambridge, MA""",midori animal health,,Wikidata,ERROR,0,ERROR,,,HTTP 429 for https://www.wikidata.org/w/api.php?action=wbsearchentities&format=json&language=en&type=item&limit=5&search=Midori+Animal+Health
Mighty Plants,02-May-2022,Merger/Acquisition,"""Dawlish, United Kingdom""",mighty plants,,Wikidata,ERROR,0,ERROR,,,HTTP 429 for https://www.wikidata.org/w/api.php?action=wbsearchentities&format=json&language=en&type=item&limit=5&search=Mighty+Plants
Mijem (CNQ: MJEM.X),10-Jan-2022,IPO,"""Toronto, Canada""",mijem,,Wikidata,ERROR,0,ERROR,,,HTTP 429 for https://www.wikidata.org/w/api.php?action=wbsearchentities&format=json&language=en&type=item&limit=5&search=Mijem
Miles Space,17-Jan-2024,Merger/Acquisition,"""Tampa, FL""",miles space,,Wikidata,ERROR,0,ERROR,,,HTTP 429 for https://www.wikidata.org/w/api.php?action=wbsearchentities&format=json&language=en&type=item&limit=5&search=Miles+Space
Military Metals (CNQ: MILI),30-Jun-2022,IPO,"""Vancouver, Canada""",military metals,,Wikidata,ERROR,0,ERROR,,,HTTP 429 for https://www.wikidata.org/w/api.php?action=wbsearchentities&format=json&language=en&type=item&limit=5&search=Military+Metals
Million Studio,06-Mar-2023,Merger/Acquisition,"""Boston, MA""",million studio,,Wikidata,ERROR,0,ERROR,,,HTTP 429 for https://www.wikidata.org/w/api.php?action=wbsearchentities&format=json&language=en&type=item&limit=5&search=Million+Studio
Mimosa Networks,11-Aug-2023,Merger/Acquisition,"""Santa Clara, CA""",mimosa networks,,Wikidata,ERROR,0,ERROR,,,HTTP 429 for https://www.wikidata.org/w/api.php?action=wbsearchentities&format=json&language=en&type=item&limit=5&search=Mimosa+Networks
Minalyze,22-Sep-2023,Merger/Acquisition,"""Goeteborg, Sweden""",minalyze,,Wikidata,ERROR,0,ERROR,,,HTTP 429 for https://www.wikidata.org/w/api.php?action=wbsearchentities&format=json&language=en&type=item&limit=5&search=Minalyze
MindBeacon,14-Jan-2022,Merger/Acquisition,"""Toronto, Canada""",mindbeacon,,Wikidata,ERROR,0,ERROR,,,HTTP 429 for https://www.wikidata.org/w/api.php?action=wbsearchentities&format=json&language=en&type=item&limit=5&search=MindBeacon
Mindleap Health,12-Dec-2022,Merger/Acquisition,"""Vancouver, Canada""",mindleap health,,Wikidata,ERROR,0,ERROR,,,HTTP 429 for https://www.wikidata.org/w/api.php?action=wbsearchentities&format=json&language=en&type=item&limit=5&search=Mindleap+Health
Minehub Technologies (TSX: MHUB),07-Sep-2021,IPO,"""Vancouver, Canada""",minehub technologies,,Wikidata,ERROR,0,ERROR,,,HTTP 429 for https://www.wikidata.org/w/api.php?action=wbsearchentities&format=json&language=en&type=item&limit=5&search=Minehub+Technologies
MineralTree,18-Oct-2021,Merger/Acquisition,"""Boston, MA""",mineraltree,,Wikidata,ERROR,0,ERROR,,,HTTP 429 for https://www.wikidata.org/w/api.php?action=wbsearchentities&format=json&language=en&type=item&limit=5&search=MineralTree
MineralWare,02-May-2022,Merger/Acquisition,"""Fort Worth, TX""",mineralware,,Wikidata,ERROR,0,ERROR,,,HTTP 429 for https://www.wikidata.org/w/api.php?action=wbsearchentities&format=json&language=en&type=item&limit=5&search=MineralWare
Mineralys (NAS: MLYS),09-Feb-2023,IPO,"""Radnor, PA""",mineralys,,Wikidata,ERROR,0,ERROR,,,HTTP 429 for https://www.wikidata.org/w/api.php?action=wbsearchentities&format=json&language=en&type=item&limit=5&search=Mineralys
Minerva (Therapeutic Devices) (PINX: UTRS),26-Oct-2021,IPO,"""Santa Clara, CA""",minerva (therapeutic devices),,Wikidata,ERROR,0,ERROR,,,HTTP 429 for https://www.wikidata.org/w/api.php?action=wbsearchentities&format=json&language=en&type=item&limit=5&search=Minerva+%28Therapeutic+Devices%29
Mingl (Business/Productivity Software),08-Mar-2021,Merger/Acquisition,"""Oslo, Norway""",mingl (business/productivity software),,Wikidata,ERROR,0,ERROR,,,HTTP 429 for https://www.wikidata.org/w/api.php?action=wbsearchentities&format=json&language=en&type=item&limit=5&search=Mingl+%28Business%2FProductivity+Software%29
Minna Technologies,01-Nov-2024,Merger/Acquisition,"""Gothenburg, Sweden""",minna technologies,,Wikidata,ERROR,0,ERROR,,,HTTP 429 for https://www.wikidata.org/w/api.php?action=wbsearchentities&format=json&language=en&type=item&limit=5&search=Minna+Technologies
Mipsology,24-Aug-2023,Merger/Acquisition,"""Palaiseau, France""",mipsology,,Wikidata,ERROR,0,ERROR,,,HTTP 429 for https://www.wikidata.org/w/api.php?action=wbsearchentities&format=json&language=en&type=item&limit=5&search=Mipsology
Mir,09-Dec-2021,Merger/Acquisition,"""Richmond, CA""",mir,,Wikidata,ERROR,0,ERROR,,,HTTP 429 for https://www.wikidata.org/w/api.php?action=wbsearchentities&format=json&language=en&type=item&limit=5&search=Mir
Mira Beauty,01-Nov-2021,Merger/Acquisition,"""San Francisco, CA""",mira beauty,,Wikidata,ERROR,0,ERROR,,,HTTP 429 for https://www.wikidata.org/w/api.php?action=wbsearchentities&format=json&language=en&type=item&limit=5&search=Mira+Beauty
MIRA Pharmaceuticals (NAS: MIRA),03-Aug-2023,IPO,"""Baltimore, MD""",mira pharmaceuticals,,Wikidata,ERROR,0,ERROR,,,HTTP 429 for https://www.wikidata.org/w/api.php?action=wbsearchentities&format=json&language=en&type=item&limit=5&search=MIRA+Pharmaceuticals
Mirametrix,12-Nov-2021,Merger/Acquisition,"""Montreal, Canada""",mirametrix,,Wikidata,ERROR,0,ERROR,,,HTTP 429 for https://www.wikidata.org/w/api.php?action=wbsearchentities&format=json&language=en&type=item&limit=5&search=Mirametrix
MIRO Analytical,02-Oct-2023,Merger/Acquisition,"""Wallisellen, Switzerland""",miro analytical,,Wikidata,ERROR,0,ERROR,,,HTTP 429 for https://www.wikidata.org/w/api.php?action=wbsearchentities&format=json&language=en&type=item&limit=5&search=MIRO+Analytical
MiroBio,20-Sep-2022,Merger/Acquisition,"""Oxford, United Kingdom""",mirobio,,Wikidata,ERROR,0,ERROR,,,HTTP 429 for https://www.wikidata.org/w/api.php?action=wbsearchentities&format=json&language=en&type=item&limit=5&search=MiroBio
Miromatrix Medical,24-Jun-2021,IPO,"""Eden Prairie, MN""",miromatrix medical,,Wikidata,ERROR,0,ERROR,,,HTTP 429 for https://www.wikidata.org/w/api.php?action=wbsearchentities&format=json&language=en&type=item&limit=5&search=Miromatrix+Medical
Miso Tasty,02-Jun-2023,Merger/Acquisition,"""Greenford, United Kingdom""",miso tasty,,Wikidata,ERROR,0,ERROR,,,HTTP 429 for https://www.wikidata.org/w/api.php?action=wbsearchentities&format=json&language=en&type=item&limit=5&search=Miso+Tasty
Mister Spex (FRA: MRX),02-Jul-2021,IPO,"""Berlin, Germany""",mister spex,,Wikidata,ERROR,0,ERROR,,,HTTP 429 for https://www.wikidata.org/w/api.php?action=wbsearchentities&format=json&language=en&type=item&limit=5&search=Mister+Spex
Mitokinin,04-Oct-2023,Merger/Acquisition,"""San Francisco, CA""",mitokinin,,Wikidata,ERROR,0,ERROR,,,HTTP 429 for https://www.wikidata.org/w/api.php?action=wbsearchentities&format=json&language=en&type=item&limit=5&search=Mitokinin
MixComm,01-Feb-2022,Merger/Acquisition,"""Chatham, NJ""",mixcomm,,Wikidata,ERROR,0,ERROR,,,HTTP 429 for https://www.wikidata.org/w/api.php?action=wbsearchentities&format=json&language=en&type=item&limit=5&search=MixComm
MK Decision,10-Sep-2021,Merger/Acquisition,"""San Diego, CA""",mk decision,,Wikidata,ERROR,0,ERROR,,,HTTP 429 for https://www.wikidata.org/w/api.php?action=wbsearchentities&format=json&language=en&type=item&limit=5&search=MK+Decision
ML Genius Holdings,16-Sep-2021,Merger/Acquisition,"""Santa Monica, CA""",ml genius,,Wikidata,ERROR,0,ERROR,,,HTTP 429 for https://www.wikidata.org/w/api.php?action=wbsearchentities&format=json&language=en&type=item&limit=5&search=ML+Genius+Holdings
MNTN (NYS: MNTN),22-May-2025,IPO,"""Austin, TX""",mntn,,Wikidata,ERROR,0,ERROR,,,HTTP 429 for https://www.wikidata.org/w/api.php?action=wbsearchentities&format=json&language=en&type=item&limit=5&search=MNTN
Mobcrush,01-Jun-2021,Merger/Acquisition,"""Santa Monica, CA""",mobcrush,,Wikidata,ERROR,0,ERROR,,,HTTP 429 for https://www.wikidata.org/w/api.php?action=wbsearchentities&format=json&language=en&type=item&limit=5&search=Mobcrush
Mobile reCell,22-Jan-2024,Merger/Acquisition,"""Fishers, IN""",mobile recell,,Wikidata,ERROR,0,ERROR,,,HTTP 429 for https://www.wikidata.org/w/api.php?action=wbsearchentities&format=json&language=en&type=item&limit=5&search=Mobile+reCell
Mobile Vikings,01-Jun-2021,Merger/Acquisition,"""Hasselt, Belgium""",mobile vikings,,Wikidata,ERROR,0,ERROR,,,HTTP 429 for https://www.wikidata.org/w/api.php?action=wbsearchentities&format=json&language=en&type=item&limit=5&search=Mobile+Vikings
MobileSoft,21-Mar-2023,Merger/Acquisition,"""Rome, Italy""",mobilesoft,,Wikidata,ERROR,0,ERROR,,,HTTP 429 for https://www.wikidata.org/w/api.php?action=wbsearchentities&format=json&language=en&type=item&limit=5&search=MobileSoft
Mobius Therapeutics,16-May-2025,Merger/Acquisition,"""Saint Louis, MO""",mobius therapeutics,,Wikidata,ERROR,0,ERROR,,,HTTP 429 for https://www.wikidata.org/w/api.php?action=wbsearchentities&format=json&language=en&type=item&limit=5&search=Mobius+Therapeutics
Mobix Labs (NAS: MOBX),21-Dec-2023,Reverse Merger,"""Irvine, CA""",mobix labs,,Wikidata,ERROR,0,ERROR,,,HTTP 429 for https://www.wikidata.org/w/api.php?action=wbsearchentities&format=json&language=en&type=item&limit=5&search=Mobix+Labs
Mode (Business Productivity Software),19-Jul-2023,Merger/Acquisition,"""San Francisco, CA""",mode (business productivity software),,Wikidata,ERROR,0,ERROR,,,HTTP 429 for https://www.wikidata.org/w/api.php?action=wbsearchentities&format=json&language=en&type=item&limit=5&search=Mode+%28Business+Productivity+Software%29
Modera (TAL: MODE),15-Oct-2021,IPO,"""Tallinn, Estonia""",modera,,Wikidata,ERROR,0,ERROR,,,HTTP 429 for https://www.wikidata.org/w/api.php?action=wbsearchentities&format=json&language=en&type=item&limit=5&search=Modera
Modern Fertility,19-May-2021,Merger/Acquisition,"""San Francisco, CA""",modern fertility,,Wikidata,ERROR,0,ERROR,,,HTTP 429 for https://www.wikidata.org/w/api.php?action=wbsearchentities&format=json&language=en&type=item&limit=5&search=Modern+Fertility
Modern Times Beer,04-Nov-2022,Merger/Acquisition,"""San Diego, CA""",modern times beer,,Wikidata,ERROR,0,ERROR,,,HTTP 429 for https://www.wikidata.org/w/api.php?action=wbsearchentities&format=json&language=en&type=item&limit=5&search=Modern+Times+Beer
Modern Water,15-Jan-2021,Merger/Acquisition,"""Sand Hutton, United Kingdom""",modern water,,Wikidata,ERROR,0,ERROR,,,HTTP 429 for https://www.wikidata.org/w/api.php?action=wbsearchentities&format=json&language=en&type=item&limit=5&search=Modern+Water
ModeX Therapeutics,09-May-2022,Merger/Acquisition,"""Natick, MA""",modex therapeutics,,Wikidata,ERROR,0,ERROR,,,HTTP 429 for https://www.wikidata.org/w/api.php?action=wbsearchentities&format=json&language=en&type=item&limit=5&search=ModeX+Therapeutics
Modifi Bio,15-Oct-2024,Merger/Acquisition,"""New Haven, CT""",modifi bio,,Wikidata,ERROR,0,ERROR,,,HTTP 429 for https://www.wikidata.org/w/api.php?action=wbsearchentities&format=json&language=en&type=item&limit=5&search=Modifi+Bio
Modus (Media and Information Services (B2B)),20-Jul-2023,Merger/Acquisition,"""Minneapolis, MN""",modus (media and information services (b2b)),,Wikidata,ERROR,0,ERROR,,,HTTP 429 for https://www.wikidata.org/w/api.php?action=wbsearchentities&format=json&language=en&type=item&limit=5&search=Modus+%28Media+and+Information+Services+%28B2B%29%29
Modus Therapeutics (STO: MODTX),22-Jul-2021,IPO,"""Stockholm, Sweden""",modus therapeutics,,Wikidata,ERROR,0,ERROR,,,HTTP 429 for https://www.wikidata.org/w/api.php?action=wbsearchentities&format=json&language=en&type=item&limit=5&search=Modus+Therapeutics
Moka (Montreal),04-May-2021,Merger/Acquisition,"""Montreal, Canada""",moka (montreal),,Wikidata,ERROR,0,ERROR,,,HTTP 429 for https://www.wikidata.org/w/api.php?action=wbsearchentities&format=json&language=en&type=item&limit=5&search=Moka+%28Montreal%29
Molecubes,17-Nov-2021,Merger/Acquisition,"""Gent, Belgium""",molecubes,,Wikidata,ERROR,0,ERROR,,,HTTP 429 for https://www.wikidata.org/w/api.php?action=wbsearchentities&format=json&language=en&type=item&limit=5&search=Molecubes
Molecular Assemblies,23-Jan-2025,Merger/Acquisition,"""San Diego, CA""",molecular assemblies,,Wikidata,ERROR,0,ERROR,,,HTTP 429 for https://www.wikidata.org/w/api.php?action=wbsearchentities&format=json&language=en&type=item&limit=5&search=Molecular+Assemblies
Molecular Science,08-Jul-2021,Merger/Acquisition,"""Scarborough, Canada""",molecular science,,Wikidata,ERROR,0,ERROR,,,HTTP 429 for https://www.wikidata.org/w/api.php?action=wbsearchentities&format=json&language=en&type=item&limit=5&search=Molecular+Science
Molotov,06-Dec-2021,Merger/Acquisition,"""Paris, France""",molotov,,Wikidata,ERROR,0,ERROR,,,HTTP 429 for https://www.wikidata.org/w/api.php?action=wbsearchentities&format=json&language=en&type=item&limit=5&search=Molotov
MOMA,06-Dec-2021,Merger/Acquisition,"""Milton Keynes, United Kingdom""",moma,,Wikidata,ERROR,0,ERROR,,,HTTP 429 for https://www.wikidata.org/w/api.php?action=wbsearchentities&format=json&language=en&type=item&limit=5&search=MOMA
Momentus (NAS: MNTS),12-Aug-2021,Reverse Merger,"""San Jose, CA""",momentus,,Wikidata,ERROR,0,ERROR,,,HTTP 429 for https://www.wikidata.org/w/api.php?action=wbsearchentities&format=json&language=en&type=item&limit=5&search=Momentus
Monese,09-Oct-2024,Merger/Acquisition,"""London, United Kingdom""",monese,,Wikidata,ERROR,0,ERROR,,,HTTP 429 for https://www.wikidata.org/w/api.php?action=wbsearchentities&format=json&language=en&type=item&limit=5&search=Monese
MoneyLion,22-Sep-2021,Reverse Merger,"""New York, NY""",moneylion,,Wikidata,ERROR,0,ERROR,,,HTTP 429 for https://www.wikidata.org/w/api.php?action=wbsearchentities&format=json&language=en&type=item&limit=5&search=MoneyLion
Monk AI,22-Feb-2022,Merger/Acquisition,"""Paris, France""",monk ai,,Wikidata,ERROR,0,ERROR,,,HTTP 429 for https://www.wikidata.org/w/api.php?action=wbsearchentities&format=json&language=en&type=item&limit=5&search=Monk+AI
monoDrive,23-Apr-2021,Merger/Acquisition,"""Austin, TX""",monodrive,,Wikidata,ERROR,0,ERROR,,,HTTP 429 for https://www.wikidata.org/w/api.php?action=wbsearchentities&format=json&language=en&type=item&limit=5&search=monoDrive
Monogram Technologies (Therapeutic Devices),18-May-2023,IPO,"""Austin, TX""",monogram technologies (therapeutic devices),,Wikidata,ERROR,0,ERROR,,,HTTP 429 for https://www.wikidata.org/w/api.php?action=wbsearchentities&format=json&language=en&type=item&limit=5&search=Monogram+Technologies+%28Therapeutic+Devices%29
Monte Rosa Therapeutics (NAS: GLUE),24-Jun-2021,IPO,"""Boston, MA""",monte rosa therapeutics,,Wikidata,ERROR,0,ERROR,,,HTTP 429 for https://www.wikidata.org/w/api.php?action=wbsearchentities&format=json&language=en&type=item&limit=5&search=Monte+Rosa+Therapeutics
Moolec Science (NAS: MLEC),03-Jan-2023,Reverse Merger,Luxembourg,moolec science,,Wikidata,ERROR,0,ERROR,,,HTTP 429 for https://www.wikidata.org/w/api.php?action=wbsearchentities&format=json&language=en&type=item&limit=5&search=Moolec+Science
MoonLake Immunotherapeutics (NAS: MLTX),06-Apr-2022,Reverse Merger,"""Zug, Switzerland""",moonlake immunotherapeutics,,Wikidata,ERROR,0,ERROR,,,HTTP 429 for https://www.wikidata.org/w/api.php?action=wbsearchentities&format=json&language=en&type=item&limit=5&search=MoonLake+Immunotherapeutics
MoPub,01-Jan-2022,Merger/Acquisition,"""San Francisco, CA""",mopub,,Wikidata,ERROR,0,ERROR,,,HTTP 429 for https://www.wikidata.org/w/api.php?action=wbsearchentities&format=json&language=en&type=item&limit=5&search=MoPub
Morpheus Data,30-Aug-2024,Merger/Acquisition,"""Greenwood Village, CO""",morpheus data,,Wikidata,ERROR,0,ERROR,,,HTTP 429 for https://www.wikidata.org/w/api.php?action=wbsearchentities&format=json&language=en&type=item&limit=5&search=Morpheus+Data
Morphic Therapeutic,16-Aug-2024,Merger/Acquisition,"""Waltham, MA""",morphic therapeutic,,Wikidata,ERROR,0,ERROR,,,HTTP 429 for https://www.wikidata.org/w/api.php?action=wbsearchentities&format=json&language=en&type=item&limit=5&search=Morphic+Therapeutic
MortgageGym,15-Feb-2021,Merger/Acquisition,"""Reading, United Kingdom""",mortgagegym,,Wikidata,ERROR,0,ERROR,,,HTTP 429 for https://www.wikidata.org/w/api.php?action=wbsearchentities&format=json&language=en&type=item&limit=5&search=MortgageGym
MosaicML,12-Jul-2023,Merger/Acquisition,"""San Francisco, CA""",mosaicml,,Wikidata,ERROR,0,ERROR,,,HTTP 429 for https://www.wikidata.org/w/api.php?action=wbsearchentities&format=json&language=en&type=item&limit=5&search=MosaicML
Motif Labs,06-Dec-2024,Merger/Acquisition,"""London, Canada""",motif labs,,Wikidata,ERROR,0,ERROR,,,HTTP 429 for https://www.wikidata.org/w/api.php?action=wbsearchentities&format=json&language=en&type=item&limit=5&search=Motif+Labs
Motimate,22-Apr-2021,Merger/Acquisition,"""Oslo, Norway""",motimate,,Wikidata,ERROR,0,ERROR,,,HTTP 429 for https://www.wikidata.org/w/api.php?action=wbsearchentities&format=json&language=en&type=item&limit=5&search=Motimate
Motkraft,24-Jul-2024,Merger/Acquisition,"""Oslo, Norway""",motkraft,,Wikidata,ERROR,0,ERROR,,,HTTP 429 for https://www.wikidata.org/w/api.php?action=wbsearchentities&format=json&language=en&type=item&limit=5&search=Motkraft
Motley,29-Oct-2021,Merger/Acquisition,"""Helsinki, Finland""",motley,,Wikidata,ERROR,0,ERROR,,,HTTP 429 for https://www.wikidata.org/w/api.php?action=wbsearchentities&format=json&language=en&type=item&limit=5&search=Motley
Movano Health (NAS: MOVE),23-Mar-2021,IPO,"""Pleasanton, CA""",movano health,,Wikidata,ERROR,0,ERROR,,,HTTP 429 for https://www.wikidata.org/w/api.php?action=wbsearchentities&format=json&language=en&type=item&limit=5&search=Movano+Health
Move About,23-Feb-2022,IPO,"""Gothenburg, Sweden""",move about,,Wikidata,ERROR,0,ERROR,,,HTTP 429 for https://www.wikidata.org/w/api.php?action=wbsearchentities&format=json&language=en&type=item&limit=5&search=Move+About
MoveByBike Europe (SAT: MBBAB),16-Jun-2021,IPO,"""Malmo, Sweden""",movebybike europe,,Wikidata,ERROR,0,ERROR,,,HTTP 429 for https://www.wikidata.org/w/api.php?action=wbsearchentities&format=json&language=en&type=item&limit=5&search=MoveByBike+Europe
Moveworks,10-Mar-2025,Merger/Acquisition,"""Mountain View, CA""",moveworks,,Wikidata,ERROR,0,ERROR,,,HTTP 429 for https://www.wikidata.org/w/api.php?action=wbsearchentities&format=json&language=en&type=item&limit=5&search=Moveworks
MoviePass,12-Nov-2021,Merger/Acquisition,"""New York, NY""",moviepass,,Wikidata,ERROR,0,ERROR,,,HTTP 429 for https://www.wikidata.org/w/api.php?action=wbsearchentities&format=json&language=en&type=item&limit=5&search=MoviePass
Mowico,17-Feb-2021,Merger/Acquisition,"""Palo Alto, CA""",mowico,,Wikidata,ERROR,0,ERROR,,,HTTP 429 for https://www.wikidata.org/w/api.php?action=wbsearchentities&format=json&language=en&type=item&limit=5&search=Mowico
Moz (Business/Productivity Software),04-Jun-2021,Merger/Acquisition,"""Seattle, WA""",moz (business/productivity software),,Wikidata,ERROR,0,ERROR,,,HTTP 429 for https://www.wikidata.org/w/api.php?action=wbsearchentities&format=json&language=en&type=item&limit=5&search=Moz+%28Business%2FProductivity+Software%29
mParticle,16-Jan-2025,Merger/Acquisition,"""New York, NY""",mparticle,,Wikidata,ERROR,0,ERROR,,,HTTP 429 for https://www.wikidata.org/w/api.php?action=wbsearchentities&format=json&language=en&type=item&limit=5&search=mParticle
MPP Global,09-Oct-2021,Merger/Acquisition,"""Warrington, United Kingdom""",mpp global,,Wikidata,ERROR,0,ERROR,,,HTTP 429 for https://www.wikidata.org/w/api.php?action=wbsearchentities&format=json&language=en&type=item&limit=5&search=MPP+Global
MS Transverse,04-Jan-2023,Merger/Acquisition,"""Los Angeles, CA""",ms transverse,,Wikidata,ERROR,0,ERROR,,,HTTP 429 for https://www.wikidata.org/w/api.php?action=wbsearchentities&format=json&language=en&type=item&limit=5&search=MS+Transverse
MSP Recovery (PINX: MSPR),23-May-2022,Reverse Merger,"""Coral Gables, FL""",msp recovery,,Wikidata,ERROR,0,ERROR,,,HTTP 429 for https://www.wikidata.org/w/api.php?action=wbsearchentities&format=json&language=en&type=item&limit=5&search=MSP+Recovery
Musimap,29-Sep-2021,Merger/Acquisition,"""Liege, Belgium""",musimap,,Wikidata,ERROR,0,ERROR,,,HTTP 429 for https://www.wikidata.org/w/api.php?action=wbsearchentities&format=json&language=en&type=item&limit=5&search=Musimap
Mutual Mobile,23-Dec-2022,Merger/Acquisition,"""Austin, TX""",mutual mobile,,Wikidata,ERROR,0,ERROR,,,HTTP 429 for https://www.wikidata.org/w/api.php?action=wbsearchentities&format=json&language=en&type=item&limit=5&search=Mutual+Mobile
My Beat (SAT: MYBEAT),30-May-2022,IPO,"""Stockholm, Sweden""",my beat,,Wikidata,ERROR,0,ERROR,,,HTTP 429 for https://www.wikidata.org/w/api.php?action=wbsearchentities&format=json&language=en&type=item&limit=5&search=My+Beat
My Pathway,04-Nov-2022,Merger/Acquisition,"""London, United Kingdom""",my pathway,,Wikidata,ERROR,0,ERROR,,,HTTP 429 for https://www.wikidata.org/w/api.php?action=wbsearchentities&format=json&language=en&type=item&limit=5&search=My+Pathway
Myelo Therapeutics,15-Dec-2022,Merger/Acquisition,"""Berlin, Germany""",myelo therapeutics,,Wikidata,ERROR,0,ERROR,,,HTTP 429 for https://www.wikidata.org/w/api.php?action=wbsearchentities&format=json&language=en&type=item&limit=5&search=Myelo+Therapeutics
Myinfomonitor,01-Mar-2021,Merger/Acquisition,"""Tampere, Finland""",myinfomonitor,,Wikidata,ERROR,0,ERROR,,,HTTP 429 for https://www.wikidata.org/w/api.php?action=wbsearchentities&format=json&language=en&type=item&limit=5&search=Myinfomonitor
MyJobNow,01-Apr-2021,Merger/Acquisition,"""Athens, Greece""",myjobnow,,Wikidata,ERROR,0,ERROR,,,HTTP 429 for https://www.wikidata.org/w/api.php?action=wbsearchentities&format=json&language=en&type=item&limit=5&search=MyJobNow
Mynurva,10-Sep-2025,Merger/Acquisition,"""Canterbury, United Kingdom""",mynurva,,Wikidata,ERROR,0,ERROR,,,HTTP 429 for https://www.wikidata.org/w/api.php?action=wbsearchentities&format=json&language=en&type=item&limit=5&search=Mynurva
MYR Pharmaceuticals,04-Mar-2021,Merger/Acquisition,"""Bad Homburg, Germany""",myr pharmaceuticals,,Wikidata,ERROR,0,ERROR,,,HTTP 429 for https://www.wikidata.org/w/api.php?action=wbsearchentities&format=json&language=en&type=item&limit=5&search=MYR+Pharmaceuticals
MyRissi,14-Apr-2021,Merger/Acquisition,"""Vandoeuvre Les Nancy, France""",myrissi,,Wikidata,ERROR,0,ERROR,,,HTTP 429 for https://www.wikidata.org/w/api.php?action=wbsearchentities&format=json&language=en&type=item&limit=5&search=MyRissi
Myrmex,23-May-2022,Merger/Acquisition,"""Fremont, CA""",myrmex,,Wikidata,ERROR,0,ERROR,,,HTTP 429 for https://www.wikidata.org/w/api.php?action=wbsearchentities&format=json&language=en&type=item&limit=5&search=Myrmex
Myseum (NAS: MYSE),13-Aug-2021,IPO,"""New Brunswick, NJ""",myseum,,Wikidata,ERROR,0,ERROR,,,HTTP 429 for https://www.wikidata.org/w/api.php?action=wbsearchentities&format=json&language=en&type=item&limit=5&search=Myseum
Myxx,04-Oct-2022,Merger/Acquisition,"""Cary, NC""",myxx,,Wikidata,ERROR,0,ERROR,,,HTTP 429 for https://www.wikidata.org/w/api.php?action=wbsearchentities&format=json&language=en&type=item&limit=5&search=Myxx
N-Dream,18-Nov-2025,Merger/Acquisition,"""Zurich, Switzerland""",n-dream,,Wikidata,ERROR,0,ERROR,,,HTTP 429 for https://www.wikidata.org/w/api.php?action=wbsearchentities&format=json&language=en&type=item&limit=5&search=N-Dream
Naiz Fit,11-Oct-2022,Merger/Acquisition,"""San Sebastian, Spain""",naiz fit,,Wikidata,ERROR,0,ERROR,,,HTTP 429 for https://www.wikidata.org/w/api.php?action=wbsearchentities&format=json&language=en&type=item&limit=5&search=Naiz+Fit
Nalu Medical,27-Jan-2026,Merger/Acquisition,"""Carlsbad, CA""",nalu medical,,Wikidata,ERROR,0,ERROR,,,HTTP 429 for https://www.wikidata.org/w/api.php?action=wbsearchentities&format=json&language=en&type=item&limit=5&search=Nalu+Medical
Namocell,30-Jun-2022,Merger/Acquisition,"""San Jose, CA""",namocell,,Wikidata,ERROR,0,ERROR,,,HTTP 429 for https://www.wikidata.org/w/api.php?action=wbsearchentities&format=json&language=en&type=item&limit=5&search=Namocell
Nano Nuclear Energy (NAS: NNE),08-May-2024,IPO,"""New York, NY""",nano nuclear energy,,Wikidata,ERROR,0,ERROR,,,HTTP 429 for https://www.wikidata.org/w/api.php?action=wbsearchentities&format=json&language=en&type=item&limit=5&search=Nano+Nuclear+Energy
NanoAvionics,06-Sep-2022,Merger/Acquisition,"""Vilnius, Lithuania""",nanoavionics,,Wikidata,ERROR,0,ERROR,,,HTTP 429 for https://www.wikidata.org/w/api.php?action=wbsearchentities&format=json&language=en&type=item&limit=5&search=NanoAvionics
NanoEcho (STO: NANECH),06-Aug-2024,IPO,"""Lund, Sweden""",nanoecho,,Wikidata,ERROR,0,ERROR,,,HTTP 429 for https://www.wikidata.org/w/api.php?action=wbsearchentities&format=json&language=en&type=item&limit=5&search=NanoEcho
Nanogenics,28-Sep-2023,Merger/Acquisition,"""Selkirk, United Kingdom""",nanogenics,,Wikidata,ERROR,0,ERROR,,,HTTP 429 for https://www.wikidata.org/w/api.php?action=wbsearchentities&format=json&language=en&type=item&limit=5&search=Nanogenics
NanoString Technologies,06-May-2024,Merger/Acquisition,"""Seattle, WA""",nanostring technologies,,Wikidata,ERROR,0,ERROR,,,HTTP 429 for https://www.wikidata.org/w/api.php?action=wbsearchentities&format=json&language=en&type=item&limit=5&search=NanoString+Technologies
Narrato (Business/Productivity Software),08-Aug-2024,Merger/Acquisition,"""Lewes, DE""",narrato (business/productivity software),,Wikidata,ERROR,0,ERROR,,,HTTP 429 for https://www.wikidata.org/w/api.php?action=wbsearchentities&format=json&language=en&type=item&limit=5&search=Narrato+%28Business%2FProductivity+Software%29
National Green Biomed,13-Aug-2022,Merger/Acquisition,"""Richmond, Canada""",national green biomed,,Wikidata,ERROR,0,ERROR,,,HTTP 429 for https://www.wikidata.org/w/api.php?action=wbsearchentities&format=json&language=en&type=item&limit=5&search=National+Green+Biomed
Native (Media and Information Services (B2B)),12-Nov-2021,Merger/Acquisition,"""New York, NY""",native (media and information services (b2b)),,Wikidata,ERROR,0,ERROR,,,HTTP 429 for https://www.wikidata.org/w/api.php?action=wbsearchentities&format=json&language=en&type=item&limit=5&search=Native+%28Media+and+Information+Services+%28B2B%29%29
Nativo,06-Jan-2026,Merger/Acquisition,"""El Segundo, CA""",nativo,,Wikidata,ERROR,0,ERROR,,,HTTP 429 for https://www.wikidata.org/w/api.php?action=wbsearchentities&format=json&language=en&type=item&limit=5&search=Nativo
Nattaro Labs (SAT: NATTA),10-Dec-2021,IPO,"""Lund, Sweden""",nattaro labs,,Wikidata,ERROR,0,ERROR,,,HTTP 429 for https://www.wikidata.org/w/api.php?action=wbsearchentities&format=json&language=en&type=item&limit=5&search=Nattaro+Labs
Nature's Remedy,10-Sep-2021,Merger/Acquisition,"""Millbury, MA""",natures remedy,,Wikidata,ERROR,0,ERROR,,,HTTP 429 for https://www.wikidata.org/w/api.php?action=wbsearchentities&format=json&language=en&type=item&limit=5&search=Nature%27s+Remedy
NatWest Cushon,06-Jan-2023,Merger/Acquisition,"""London, United Kingdom""",natwest cushon,,Wikidata,ERROR,0,ERROR,,,HTTP 429 for https://www.wikidata.org/w/api.php?action=wbsearchentities&format=json&language=en&type=item&limit=5&search=NatWest+Cushon
Nauticus Robotics (NAS: KITT),09-Sep-2022,Reverse Merger,"""Webster, TX""",nauticus robotics,,Wikidata,ERROR,0,ERROR,,,HTTP 429 for https://www.wikidata.org/w/api.php?action=wbsearchentities&format=json&language=en&type=item&limit=5&search=Nauticus+Robotics
Nautilus Biotechnology (NAS: NAUT),09-Jun-2021,Reverse Merger,"""Seattle, WA""",nautilus biotechnology,,Wikidata,ERROR,0,ERROR,,,HTTP 429 for https://www.wikidata.org/w/api.php?action=wbsearchentities&format=json&language=en&type=item&limit=5&search=Nautilus+Biotechnology
Navan (NAS: NAVN),29-Oct-2025,IPO,"""Palo Alto, CA""",navan,,Wikidata,ERROR,0,ERROR,,,HTTP 429 for https://www.wikidata.org/w/api.php?action=wbsearchentities&format=json&language=en&type=item&limit=5&search=Navan
Naventik,26-Sep-2022,Merger/Acquisition,"""Chemnitz, Germany""",naventik,,Wikidata,ERROR,0,ERROR,,,HTTP 429 for https://www.wikidata.org/w/api.php?action=wbsearchentities&format=json&language=en&type=item&limit=5&search=Naventik
Navig8,07-Jan-2025,Merger/Acquisition,"""London, United Kingdom""",navig8,,Wikidata,ERROR,0,ERROR,,,HTTP 429 for https://www.wikidata.org/w/api.php?action=wbsearchentities&format=json&language=en&type=item&limit=5&search=Navig8
Navitas Semiconductor (NAS: NVTS),19-Oct-2021,Reverse Merger,"""Torrance, CA""",navitas semiconductor,,Wikidata,ERROR,0,ERROR,,,HTTP 429 for https://www.wikidata.org/w/api.php?action=wbsearchentities&format=json&language=en&type=item&limit=5&search=Navitas+Semiconductor
nDreams,16-Nov-2023,Merger/Acquisition,"""Farnborough, United Kingdom""",ndreams,,Wikidata,ERROR,0,ERROR,,,HTTP 429 for https://www.wikidata.org/w/api.php?action=wbsearchentities&format=json&language=en&type=item&limit=5&search=nDreams
Near (Los Angeles),23-Mar-2023,Reverse Merger,"""Los Angeles, CA""",near (los angeles),,Wikidata,ERROR,0,ERROR,,,HTTP 429 for https://www.wikidata.org/w/api.php?action=wbsearchentities&format=json&language=en&type=item&limit=5&search=Near+%28Los+Angeles%29
Nearside,01-Nov-2022,Merger/Acquisition,"""San Francisco, CA""",nearside,,Wikidata,ERROR,0,ERROR,,,HTTP 429 for https://www.wikidata.org/w/api.php?action=wbsearchentities&format=json&language=en&type=item&limit=5&search=Nearside
Nebula Genomics,11-Aug-2021,Merger/Acquisition,"""Garden City, NY""",nebula genomics,,Wikidata,ERROR,0,ERROR,,,HTTP 429 for https://www.wikidata.org/w/api.php?action=wbsearchentities&format=json&language=en&type=item&limit=5&search=Nebula+Genomics
Neeva,26-May-2023,Merger/Acquisition,"""Mountain View, CA""",neeva,,Wikidata,ERROR,0,ERROR,,,HTTP 429 for https://www.wikidata.org/w/api.php?action=wbsearchentities&format=json&language=en&type=item&limit=5&search=Neeva
Nell Health,02-Jul-2021,Merger/Acquisition,"""London, United Kingdom""",nell health,,Wikidata,ERROR,0,ERROR,,,HTTP 429 for https://www.wikidata.org/w/api.php?action=wbsearchentities&format=json&language=en&type=item&limit=5&search=Nell+Health
Neogene Therapeutics,16-Jan-2023,Merger/Acquisition,"""Santa Monica, CA""",neogene therapeutics,,Wikidata,ERROR,0,ERROR,,,HTTP 429 for https://www.wikidata.org/w/api.php?action=wbsearchentities&format=json&language=en&type=item&limit=5&search=Neogene+Therapeutics
NeoImmuneTech (KRX: 950220),16-Mar-2021,IPO,"""Rockville, MD""",neoimmunetech,,Wikidata,ERROR,0,ERROR,,,HTTP 429 for https://www.wikidata.org/w/api.php?action=wbsearchentities&format=json&language=en&type=item&limit=5&search=NeoImmuneTech
Neon (Software Development Applications),03-Jun-2025,Merger/Acquisition,"""Menlo Park, CA""",neon (software development applications),,Wikidata,ERROR,0,ERROR,,,HTTP 429 for https://www.wikidata.org/w/api.php?action=wbsearchentities&format=json&language=en&type=item&limit=5&search=Neon+%28Software+Development+Applications%29
Neosec,01-May-2023,Merger/Acquisition,"""Palo Alto, CA""",neosec,,Wikidata,ERROR,0,ERROR,,,HTTP 429 for https://www.wikidata.org/w/api.php?action=wbsearchentities&format=json&language=en&type=item&limit=5&search=Neosec
Neosyad,21-Jan-2025,Merger/Acquisition,"""Aix-en-Provence, France""",neosyad,,Wikidata,ERROR,0,ERROR,,,HTTP 429 for https://www.wikidata.org/w/api.php?action=wbsearchentities&format=json&language=en&type=item&limit=5&search=Neosyad
Nepra Foods (CNQ: NPRA),20-Sep-2021,IPO,"""Centennial, CO""",nepra foods,,Wikidata,ERROR,0,ERROR,,,HTTP 429 for https://www.wikidata.org/w/api.php?action=wbsearchentities&format=json&language=en&type=item&limit=5&search=Nepra+Foods
Neptune(London),30-May-2025,Merger/Acquisition,"""London, United Kingdom""",neptune(london),,Wikidata,ERROR,0,ERROR,,,HTTP 429 for https://www.wikidata.org/w/api.php?action=wbsearchentities&format=json&language=en&type=item&limit=5&search=Neptune%28London%29
NerdWallet (NAS: NRDS),04-Nov-2021,IPO,"""San Francisco, CA""",nerdwallet,,Wikidata,ERROR,0,ERROR,,,HTTP 429 for https://www.wikidata.org/w/api.php?action=wbsearchentities&format=json&language=en&type=item&limit=5&search=NerdWallet
Nerdy (Educational Software) (NYS: NRDY),21-Sep-2021,Reverse Merger,"""Saint Louis, MO""",nerdy (educational software),,Wikidata,ERROR,0,ERROR,,,HTTP 429 for https://www.wikidata.org/w/api.php?action=wbsearchentities&format=json&language=en&type=item&limit=5&search=Nerdy+%28Educational+Software%29
Nerio Therapeutics,29-Jul-2024,Merger/Acquisition,"""La Jolla, CA""",nerio therapeutics,,Wikidata,ERROR,0,ERROR,,,HTTP 429 for https://www.wikidata.org/w/api.php?action=wbsearchentities&format=json&language=en&type=item&limit=5&search=Nerio+Therapeutics
Nestwave,31-Oct-2022,Merger/Acquisition,"""Paris, France""",nestwave,,Wikidata,ERROR,0,ERROR,,,HTTP 429 for https://www.wikidata.org/w/api.php?action=wbsearchentities&format=json&language=en&type=item&limit=5&search=Nestwave
Neteven,28-Jul-2021,Merger/Acquisition,"""Paris, France""",neteven,,Wikidata,ERROR,0,ERROR,,,HTTP 429 for https://www.wikidata.org/w/api.php?action=wbsearchentities&format=json&language=en&type=item&limit=5&search=Neteven
Netra,01-Jul-2023,Merger/Acquisition,"""Boston, MA""",netra,,Wikidata,ERROR,0,ERROR,,,HTTP 429 for https://www.wikidata.org/w/api.php?action=wbsearchentities&format=json&language=en&type=item&limit=5&search=Netra
Netramark,13-Oct-2021,Merger/Acquisition,"""Toronto, Canada""",netramark,,Wikidata,ERROR,0,ERROR,,,HTTP 429 for https://www.wikidata.org/w/api.php?action=wbsearchentities&format=json&language=en&type=item&limit=5&search=Netramark
NetRef,25-Jun-2021,Merger/Acquisition,"""San Diego, CA""",netref,,Wikidata,ERROR,0,ERROR,,,HTTP 429 for https://www.wikidata.org/w/api.php?action=wbsearchentities&format=json&language=en&type=item&limit=5&search=NetRef
Netsapiens,01-Jun-2021,Merger/Acquisition,"""La Jolla, CA""",netsapiens,,Wikidata,ERROR,0,ERROR,,,HTTP 429 for https://www.wikidata.org/w/api.php?action=wbsearchentities&format=json&language=en&type=item&limit=5&search=Netsapiens
Netskope (NAS: NTSK),18-Sep-2025,IPO,"""Santa Clara, CA""",netskope,,Wikidata,ERROR,0,ERROR,,,HTTP 429 for https://www.wikidata.org/w/api.php?action=wbsearchentities&format=json&language=en&type=item&limit=5&search=Netskope
NeueHealth,24-Jun-2021,IPO,"""Minneapolis, MN""",neuehealth,,Wikidata,ERROR,0,ERROR,,,HTTP 429 for https://www.wikidata.org/w/api.php?action=wbsearchentities&format=json&language=en&type=item&limit=5&search=NeueHealth
Neumora (NAS: NMRA),15-Sep-2023,IPO,"""Watertown, MA""",neumora,,Wikidata,ERROR,0,ERROR,,,HTTP 429 for https://www.wikidata.org/w/api.php?action=wbsearchentities&format=json&language=en&type=item&limit=5&search=Neumora
Neura (Business/Productivity Software),04-Oct-2021,Merger/Acquisition,"""Palo Alto, CA""",neura (business/productivity software),,Wikidata,ERROR,0,ERROR,,,HTTP 429 for https://www.wikidata.org/w/api.php?action=wbsearchentities&format=json&language=en&type=item&limit=5&search=Neura+%28Business%2FProductivity+Software%29
Neurescence,30-Nov-2022,Merger/Acquisition,"""Toronto, Canada""",neurescence,,Wikidata,ERROR,0,ERROR,,,HTTP 429 for https://www.wikidata.org/w/api.php?action=wbsearchentities&format=json&language=en&type=item&limit=5&search=Neurescence
Neuro Digital,15-Dec-2021,Merger/Acquisition,"""Quebec, Canada""",neuro digital,,Wikidata,ERROR,0,ERROR,,,HTTP 429 for https://www.wikidata.org/w/api.php?action=wbsearchentities&format=json&language=en&type=item&limit=5&search=Neuro+Digital
Neuro-ID,12-Aug-2024,Merger/Acquisition,"""Whitefish, MT""",neuro-id,,Wikidata,ERROR,0,ERROR,,,HTTP 429 for https://www.wikidata.org/w/api.php?action=wbsearchentities&format=json&language=en&type=item&limit=5&search=Neuro-ID
NeuroSense Therapeutics (NAS: NRSN),08-Dec-2021,IPO,"""Cambridge, MA""",neurosense therapeutics,,Wikidata,ERROR,0,ERROR,,,HTTP 429 for https://www.wikidata.org/w/api.php?action=wbsearchentities&format=json&language=en&type=item&limit=5&search=NeuroSense+Therapeutics
NeuVector,27-Oct-2021,Merger/Acquisition,"""San Jose, CA""",neuvector,,Wikidata,ERROR,0,ERROR,,,HTTP 429 for https://www.wikidata.org/w/api.php?action=wbsearchentities&format=json&language=en&type=item&limit=5&search=NeuVector
Nevro,03-Apr-2025,Merger/Acquisition,"""Redwood City, CA""",nevro,,Wikidata,ERROR,0,ERROR,,,HTTP 429 for https://www.wikidata.org/w/api.php?action=wbsearchentities&format=json&language=en&type=item&limit=5&search=Nevro
New Bubbleroom Sweden (STO: BBROOM),23-Nov-2021,IPO,"""Boras, Sweden""",new bubbleroom sweden,,Wikidata,ERROR,0,ERROR,,,HTTP 429 for https://www.wikidata.org/w/api.php?action=wbsearchentities&format=json&language=en&type=item&limit=5&search=New+Bubbleroom+Sweden
NewAmsterdam Pharma (NAS: NAMS),23-Nov-2022,Reverse Merger,"""Aventura, FL""",newamsterdam pharma,,Wikidata,ERROR,0,ERROR,,,HTTP 429 for https://www.wikidata.org/w/api.php?action=wbsearchentities&format=json&language=en&type=item&limit=5&search=NewAmsterdam+Pharma
Newfront,27-Jan-2026,Merger/Acquisition,"""San Francisco, CA""",newfront,,Wikidata,ERROR,0,ERROR,,,HTTP 429 for https://www.wikidata.org/w/api.php?action=wbsearchentities&format=json&language=en&type=item&limit=5&search=Newfront
NewsWhip,30-Jul-2025,Merger/Acquisition,"""Dublin, Ireland""",newswhip,,Wikidata,ERROR,0,ERROR,,,HTTP 429 for https://www.wikidata.org/w/api.php?action=wbsearchentities&format=json&language=en&type=item&limit=5&search=NewsWhip
Nexalin Technology (NAS: NXL),16-Sep-2022,IPO,"""Houston, TX""",nexalin technology,,Wikidata,ERROR,0,ERROR,,,HTTP 429 for https://www.wikidata.org/w/api.php?action=wbsearchentities&format=json&language=en&type=item&limit=5&search=Nexalin+Technology
Nexgel (NAS: NXGL),22-Dec-2021,IPO,"""Langhorne, PA""",nexgel,,Wikidata,ERROR,0,ERROR,,,HTTP 429 for https://www.wikidata.org/w/api.php?action=wbsearchentities&format=json&language=en&type=item&limit=5&search=Nexgel
NexImmune (PINX: NEXI),12-Feb-2021,IPO,"""Gaithersburg, MD""",neximmune,,Wikidata,ERROR,0,ERROR,,,HTTP 429 for https://www.wikidata.org/w/api.php?action=wbsearchentities&format=json&language=en&type=item&limit=5&search=NexImmune
NexSpring Financial,16-Mar-2021,Merger/Acquisition,"""Chesterfield, MO""",nexspring financial,,Wikidata,ERROR,0,ERROR,,,HTTP 429 for https://www.wikidata.org/w/api.php?action=wbsearchentities&format=json&language=en&type=item&limit=5&search=NexSpring+Financial
Next DLP,05-Aug-2024,Merger/Acquisition,"""London, United Kingdom""",next dlp,,Wikidata,ERROR,0,ERROR,,,HTTP 429 for https://www.wikidata.org/w/api.php?action=wbsearchentities&format=json&language=en&type=item&limit=5&search=Next+DLP
Next Door Lending,01-Oct-2024,Merger/Acquisition,"""Toronto, Canada""",next door lending,,Wikidata,ERROR,0,ERROR,,,HTTP 429 for https://www.wikidata.org/w/api.php?action=wbsearchentities&format=json&language=en&type=item&limit=5&search=Next+Door+Lending
Next Games,02-Mar-2022,Merger/Acquisition,"""Helsinki, Finland""",next games,,Wikidata,ERROR,0,ERROR,,,HTTP 429 for https://www.wikidata.org/w/api.php?action=wbsearchentities&format=json&language=en&type=item&limit=5&search=Next+Games
Next Generation Resources,21-Feb-2023,Merger/Acquisition,"""Vancouver, Canada""",next generation resources,,Wikidata,ERROR,0,ERROR,,,HTTP 429 for https://www.wikidata.org/w/api.php?action=wbsearchentities&format=json&language=en&type=item&limit=5&search=Next+Generation+Resources
Next Insurance,19-Mar-2025,Merger/Acquisition,"""Palo Alto, CA""",next insurance,,Wikidata,ERROR,0,ERROR,,,HTTP 429 for https://www.wikidata.org/w/api.php?action=wbsearchentities&format=json&language=en&type=item&limit=5&search=Next+Insurance
Next Kraftwerke,30-Jul-2021,Merger/Acquisition,"""Cologne, Germany""",next kraftwerke,,Wikidata,ERROR,0,ERROR,,,HTTP 429 for https://www.wikidata.org/w/api.php?action=wbsearchentities&format=json&language=en&type=item&limit=5&search=Next+Kraftwerke
Next Tech (Educational Software),12-Jan-2021,Merger/Acquisition,"""San Diego, CA""",next tech (educational software),,Wikidata,ERROR,0,ERROR,,,HTTP 429 for https://www.wikidata.org/w/api.php?action=wbsearchentities&format=json&language=en&type=item&limit=5&search=Next+Tech+%28Educational+Software%29
Nextbeat,24-Jul-2025,Merger/Acquisition,"""London, United Kingdom""",nextbeat,,Wikidata,ERROR,0,ERROR,,,HTTP 429 for https://www.wikidata.org/w/api.php?action=wbsearchentities&format=json&language=en&type=item&limit=5&search=Nextbeat
Nextdoor Holdings (NYS: NXDR),08-Nov-2021,Reverse Merger,"""San Francisco, CA""",nextdoor,,Wikidata,ERROR,0,ERROR,,,HTTP 429 for https://www.wikidata.org/w/api.php?action=wbsearchentities&format=json&language=en&type=item&limit=5&search=Nextdoor+Holdings
NextInput,05-Apr-2021,Merger/Acquisition,"""San Jose, CA""",nextinput,,Wikidata,ERROR,0,ERROR,,,HTTP 429 for https://www.wikidata.org/w/api.php?action=wbsearchentities&format=json&language=en&type=item&limit=5&search=NextInput
NextNav (NAS: NN),28-Oct-2021,Reverse Merger,"""Reston, VA""",nextnav,,Wikidata,ERROR,0,ERROR,,,HTTP 429 for https://www.wikidata.org/w/api.php?action=wbsearchentities&format=json&language=en&type=item&limit=5&search=NextNav
Nextpower. (NAS: NXT),08-Feb-2023,IPO,"""Fremont, CA""",nextpower,,Wikidata,ERROR,0,ERROR,,,HTTP 429 for https://www.wikidata.org/w/api.php?action=wbsearchentities&format=json&language=en&type=item&limit=5&search=Nextpower.
Nextremity Solutions,05-Mar-2022,Merger/Acquisition,"""Warsaw, IN""",nextremity solutions,,Wikidata,ERROR,0,ERROR,,,HTTP 429 for https://www.wikidata.org/w/api.php?action=wbsearchentities&format=json&language=en&type=item&limit=5&search=Nextremity+Solutions
NFL Biosciences (PAR: ALNFL),05-Jul-2021,IPO,"""Montpellier, France""",nfl biosciences,,Wikidata,ERROR,0,ERROR,,,HTTP 429 for https://www.wikidata.org/w/api.php?action=wbsearchentities&format=json&language=en&type=item&limit=5&search=NFL+Biosciences
Ngenic Energi,08-Jun-2021,IPO,"""Uppsala, Sweden""",ngenic energi,,Wikidata,ERROR,0,ERROR,,,HTTP 429 for https://www.wikidata.org/w/api.php?action=wbsearchentities&format=json&language=en&type=item&limit=5&search=Ngenic+Energi
NH TherAguix,20-Apr-2022,IPO,"""Villeurbanne, France""",nh theraguix,,Wikidata,ERROR,0,ERROR,,,HTTP 429 for https://www.wikidata.org/w/api.php?action=wbsearchentities&format=json&language=en&type=item&limit=5&search=NH+TherAguix
Nhoa Energy,20-Jul-2021,Merger/Acquisition,"""Milan, Italy""",nhoa energy,,Wikidata,ERROR,0,ERROR,,,HTTP 429 for https://www.wikidata.org/w/api.php?action=wbsearchentities&format=json&language=en&type=item&limit=5&search=Nhoa+Energy
Nickelytics,01-Sep-2024,Merger/Acquisition,"""Tampa, FL""",nickelytics,,Wikidata,ERROR,0,ERROR,,,HTTP 429 for https://www.wikidata.org/w/api.php?action=wbsearchentities&format=json&language=en&type=item&limit=5&search=Nickelytics
Nightdive Studios,15-May-2023,Merger/Acquisition,"""Vancouver, WA""",nightdive studios,,Wikidata,ERROR,0,ERROR,,,HTTP 429 for https://www.wikidata.org/w/api.php?action=wbsearchentities&format=json&language=en&type=item&limit=5&search=Nightdive+Studios
Nightingale Health (HEL: HEALTH),19-Mar-2021,IPO,"""Helsinki, Finland""",nightingale health,,Wikidata,ERROR,0,ERROR,,,HTTP 429 for https://www.wikidata.org/w/api.php?action=wbsearchentities&format=json&language=en&type=item&limit=5&search=Nightingale+Health
Nightingale Security,16-Nov-2022,IPO,"""San Francisco, CA""",nightingale security,,Wikidata,ERROR,0,ERROR,,,HTTP 429 for https://www.wikidata.org/w/api.php?action=wbsearchentities&format=json&language=en&type=item&limit=5&search=Nightingale+Security
Nikon AM Synergy,08-Apr-2021,Merger/Acquisition,"""Long Beach, CA""",nikon am synergy,,Wikidata,ERROR,0,ERROR,,,HTTP 429 for https://www.wikidata.org/w/api.php?action=wbsearchentities&format=json&language=en&type=item&limit=5&search=Nikon+AM+Synergy
NIL Technology,20-Sep-2024,Merger/Acquisition,"""Copenhagen, Denmark""",nil technology,,Wikidata,ERROR,0,ERROR,,,HTTP 429 for https://www.wikidata.org/w/api.php?action=wbsearchentities&format=json&language=en&type=item&limit=5&search=NIL+Technology
NimbeLink,07-Jan-2021,Merger/Acquisition,"""Plymouth, MN""",nimbelink,,Wikidata,ERROR,0,ERROR,,,HTTP 429 for https://www.wikidata.org/w/api.php?action=wbsearchentities&format=json&language=en&type=item&limit=5&search=NimbeLink
Nimbella,01-Sep-2021,Merger/Acquisition,"""Santa Clara, CA""",nimbella,,Wikidata,ERROR,0,ERROR,,,HTTP 429 for https://www.wikidata.org/w/api.php?action=wbsearchentities&format=json&language=en&type=item&limit=5&search=Nimbella
Nimble Therapeutics,23-Jan-2025,Merger/Acquisition,"""Madison, WI""",nimble therapeutics,,Wikidata,ERROR,0,ERROR,,,HTTP 429 for https://www.wikidata.org/w/api.php?action=wbsearchentities&format=json&language=en&type=item&limit=5&search=Nimble+Therapeutics
Nimbus Health Distributors (Healthcare),24-Feb-2022,Merger/Acquisition,"""Offenbach, Germany""",nimbus health distributors (healthcare),,Wikidata,ERROR,0,ERROR,,,HTTP 429 for https://www.wikidata.org/w/api.php?action=wbsearchentities&format=json&language=en&type=item&limit=5&search=Nimbus+Health+Distributors+%28Healthcare%29
Nipro Digital Technologies Europe,01-Jan-2023,Merger/Acquisition,"""Mechelen, Belgium""",nipro digital technologies europe,,Wikidata,ERROR,0,ERROR,,,HTTP 429 for https://www.wikidata.org/w/api.php?action=wbsearchentities&format=json&language=en&type=item&limit=5&search=Nipro+Digital+Technologies+Europe
NJ Bio,20-Dec-2024,Merger/Acquisition,"""Princeton, NJ""",nj bio,,Wikidata,ERROR,0,ERROR,,,HTTP 429 for https://www.wikidata.org/w/api.php?action=wbsearchentities&format=json&language=en&type=item&limit=5&search=NJ+Bio
NKGen Biotech (PINX: NKGN),29-Sep-2023,Reverse Merger,"""Santa Ana, CA""",nkgen biotech,,Wikidata,ERROR,0,ERROR,,,HTTP 429 for https://www.wikidata.org/w/api.php?action=wbsearchentities&format=json&language=en&type=item&limit=5&search=NKGen+Biotech
NL Acoustics,15-Jul-2022,Merger/Acquisition,"""Helsinki, Finland""",nl acoustics,,Wikidata,ERROR,0,ERROR,,,HTTP 429 for https://www.wikidata.org/w/api.php?action=wbsearchentities&format=json&language=en&type=item&limit=5&search=NL+Acoustics
NLS Pharmaceutics,29-Jan-2021,IPO,"""Zurich, Switzerland""",nls pharmaceutics,,Wikidata,ERROR,0,ERROR,,,HTTP 429 for https://www.wikidata.org/w/api.php?action=wbsearchentities&format=json&language=en&type=item&limit=5&search=NLS+Pharmaceutics
Nlyte Software,01-Oct-2021,Merger/Acquisition,"""Edison, NJ""",nlyte software,,Wikidata,ERROR,0,ERROR,,,HTTP 429 for https://www.wikidata.org/w/api.php?action=wbsearchentities&format=json&language=en&type=item&limit=5&search=Nlyte+Software
Nobl,15-Jul-2024,Merger/Acquisition,"""Lincoln, NE""",nobl,,Wikidata,ERROR,0,ERROR,,,HTTP 429 for https://www.wikidata.org/w/api.php?action=wbsearchentities&format=json&language=en&type=item&limit=5&search=Nobl
Node,17-Sep-2024,Merger/Acquisition,"""Markham, Canada""",node,,Wikidata,ERROR,0,ERROR,,,HTTP 429 for https://www.wikidata.org/w/api.php?action=wbsearchentities&format=json&language=en&type=item&limit=5&search=Node
Noetic,03-Jul-2024,Merger/Acquisition,"""Waltham, MA""",noetic,,Wikidata,ERROR,0,ERROR,,,HTTP 429 for https://www.wikidata.org/w/api.php?action=wbsearchentities&format=json&language=en&type=item&limit=5&search=Noetic
Nok Nok,04-Jun-2025,Merger/Acquisition,"""San Jose, CA""",nok nok,,Wikidata,ERROR,0,ERROR,,,HTTP 429 for https://www.wikidata.org/w/api.php?action=wbsearchentities&format=json&language=en&type=item&limit=5&search=Nok+Nok
Nomad Reservations,15-Apr-2021,Merger/Acquisition,"""Montrose, CO""",nomad reservations,,Wikidata,ERROR,0,ERROR,,,HTTP 429 for https://www.wikidata.org/w/api.php?action=wbsearchentities&format=json&language=en&type=item&limit=5&search=Nomad+Reservations
NOMOQ,01-Feb-2023,Merger/Acquisition,"""Zug, Switzerland""",nomoq,,Wikidata,ERROR,0,ERROR,,,HTTP 429 for https://www.wikidata.org/w/api.php?action=wbsearchentities&format=json&language=en&type=item&limit=5&search=NOMOQ
Noname Security,25-Jun-2024,Merger/Acquisition,"""San Jose, CA""",noname security,,Wikidata,ERROR,0,ERROR,,,HTTP 429 for https://www.wikidata.org/w/api.php?action=wbsearchentities&format=json&language=en&type=item&limit=5&search=Noname+Security
Noonlight,23-Sep-2022,Merger/Acquisition,"""Saint Louis, MO""",noonlight,,Wikidata,ERROR,0,ERROR,,,HTTP 429 for https://www.wikidata.org/w/api.php?action=wbsearchentities&format=json&language=en&type=item&limit=5&search=Noonlight
Nora's,05-Jan-2023,Merger/Acquisition,"""Vancouver, Canada""",noras,,Wikidata,ERROR,0,ERROR,,,HTTP 429 for https://www.wikidata.org/w/api.php?action=wbsearchentities&format=json&language=en&type=item&limit=5&search=Nora%27s
Nord Investments (CSE: NORD),21-May-2021,IPO,"""Copenhagen, Denmark""",nord investments,,Wikidata,ERROR,0,ERROR,,,HTTP 429 for https://www.wikidata.org/w/api.php?action=wbsearchentities&format=json&language=en&type=item&limit=5&search=Nord+Investments
Nordic Data Resources,12-Jul-2024,Merger/Acquisition,"""Honefoss, Norway""",nordic data resources,,Wikidata,ERROR,0,ERROR,,,HTTP 429 for https://www.wikidata.org/w/api.php?action=wbsearchentities&format=json&language=en&type=item&limit=5&search=Nordic+Data+Resources
Norse Atlantic Airways (OSL: NORSE),12-Apr-2021,IPO,"""Arendal, Norway""",norse atlantic airways,,Wikidata,ERROR,0,ERROR,,,HTTP 429 for https://www.wikidata.org/w/api.php?action=wbsearchentities&format=json&language=en&type=item&limit=5&search=Norse+Atlantic+Airways
Northcoders Group (LON: CODE),27-Jul-2021,IPO,"""Manchester, United Kingdom""",northcoders,,Wikidata,ERROR,0,ERROR,,,HTTP 429 for https://www.wikidata.org/w/api.php?action=wbsearchentities&format=json&language=en&type=item&limit=5&search=Northcoders+Group
Northstar Clean Technologies (TSX: ROOF),13-Jul-2021,IPO,"""Calgary, Canada""",northstar clean technologies,,Wikidata,ERROR,0,ERROR,,,HTTP 429 for https://www.wikidata.org/w/api.php?action=wbsearchentities&format=json&language=en&type=item&limit=5&search=Northstar+Clean+Technologies
Nostromo Energy,21-Jun-2021,Reverse Merger,"""Irvine, CA""",nostromo energy,,Wikidata,ERROR,0,ERROR,,,HTTP 429 for https://www.wikidata.org/w/api.php?action=wbsearchentities&format=json&language=en&type=item&limit=5&search=Nostromo+Energy
Notable Labs (PINX: NTBLQ),16-Oct-2023,Reverse Merger,"""Foster City, CA""",notable labs,,Wikidata,ERROR,0,ERROR,,,HTTP 429 for https://www.wikidata.org/w/api.php?action=wbsearchentities&format=json&language=en&type=item&limit=5&search=Notable+Labs
Noteable,01-Dec-2023,Merger/Acquisition,"""San Francisco, CA""",noteable,,Wikidata,ERROR,0,ERROR,,,HTTP 429 for https://www.wikidata.org/w/api.php?action=wbsearchentities&format=json&language=en&type=item&limit=5&search=Noteable
Notiv,17-Sep-2021,Merger/Acquisition,"""San Francisco, CA""",notiv,,Wikidata,ERROR,0,ERROR,,,HTTP 429 for https://www.wikidata.org/w/api.php?action=wbsearchentities&format=json&language=en&type=item&limit=5&search=Notiv
Nova Cell,27-Oct-2025,Merger/Acquisition,"""San Diego, CA""",nova cell,,Wikidata,ERROR,0,ERROR,,,HTTP 429 for https://www.wikidata.org/w/api.php?action=wbsearchentities&format=json&language=en&type=item&limit=5&search=Nova+Cell
Novaestiq Aesthetics,23-Jul-2025,Merger/Acquisition,"""Southlake, TX""",novaestiq aesthetics,,Wikidata,ERROR,0,ERROR,,,HTTP 429 for https://www.wikidata.org/w/api.php?action=wbsearchentities&format=json&language=en&type=item&limit=5&search=Novaestiq+Aesthetics
Novelic,09-Jan-2023,Merger/Acquisition,"""Belgrade, Serbia""",novelic,,Wikidata,ERROR,0,ERROR,,,HTTP 429 for https://www.wikidata.org/w/api.php?action=wbsearchentities&format=json&language=en&type=item&limit=5&search=Novelic
Novellus Therapeutics,16-Jul-2021,Merger/Acquisition,"""Cambridge, MA""",novellus therapeutics,,Wikidata,ERROR,0,ERROR,,,HTTP 429 for https://www.wikidata.org/w/api.php?action=wbsearchentities&format=json&language=en&type=item&limit=5&search=Novellus+Therapeutics
Novomer,11-Aug-2021,Merger/Acquisition,"""Rochester, NY""",novomer,,Wikidata,ERROR,0,ERROR,,,HTTP 429 for https://www.wikidata.org/w/api.php?action=wbsearchentities&format=json&language=en&type=item&limit=5&search=Novomer
Novorender,28-Jan-2025,Merger/Acquisition,"""Sandnes, Norway""",novorender,,Wikidata,ERROR,0,ERROR,,,HTTP 429 for https://www.wikidata.org/w/api.php?action=wbsearchentities&format=json&language=en&type=item&limit=5&search=Novorender
Novosteo,19-May-2022,Merger/Acquisition,"""West Lafayette, IN""",novosteo,,Wikidata,ERROR,0,ERROR,,,HTTP 429 for https://www.wikidata.org/w/api.php?action=wbsearchentities&format=json&language=en&type=item&limit=5&search=Novosteo
Novus (Financial Software),12-Nov-2021,Merger/Acquisition,"""New York, NY""",novus (financial software),,Wikidata,ERROR,0,ERROR,,,HTTP 429 for https://www.wikidata.org/w/api.php?action=wbsearchentities&format=json&language=en&type=item&limit=5&search=Novus+%28Financial+Software%29
Nowo (Financial Software) (NGM: NOWO),07-Apr-2021,IPO,"""Stockholm, Sweden""",nowo (financial software),,Wikidata,ERROR,0,ERROR,,,HTTP 429 for https://www.wikidata.org/w/api.php?action=wbsearchentities&format=json&language=en&type=item&limit=5&search=Nowo+%28Financial+Software%29
NRx Pharmaceuticals (NAS: NRXP),25-May-2021,Reverse Merger,"""Wilmington, DE""",nrx pharmaceuticals,,Wikidata,ERROR,0,ERROR,,,HTTP 429 for https://www.wikidata.org/w/api.php?action=wbsearchentities&format=json&language=en&type=item&limit=5&search=NRx+Pharmaceuticals
Nth Party,01-Dec-2021,Merger/Acquisition,"""Auburndale, MA""",nth party,,Wikidata,ERROR,0,ERROR,,,HTTP 429 for https://www.wikidata.org/w/api.php?action=wbsearchentities&format=json&language=en&type=item&limit=5&search=Nth+Party
NTS,11-Oct-2023,Merger/Acquisition,"""Moscow, Russia""",nts,,Wikidata,ERROR,0,ERROR,,,HTTP 429 for https://www.wikidata.org/w/api.php?action=wbsearchentities&format=json&language=en&type=item&limit=5&search=NTS
NTT Application Security,22-Jun-2022,Merger/Acquisition,"""San Jose, CA""",ntt application security,,Wikidata,ERROR,0,ERROR,,,HTTP 429 for https://www.wikidata.org/w/api.php?action=wbsearchentities&format=json&language=en&type=item&limit=5&search=NTT+Application+Security
Nubis Communications,22-Sep-2025,Merger/Acquisition,"""New Providence, NJ""",nubis communications,,Wikidata,ERROR,0,ERROR,,,HTTP 429 for https://www.wikidata.org/w/api.php?action=wbsearchentities&format=json&language=en&type=item&limit=5&search=Nubis+Communications
Nuburu (ASE: BURU),31-Jan-2023,Reverse Merger,"""Centennial, CO""",nuburu,,Wikidata,ERROR,0,ERROR,,,HTTP 429 for https://www.wikidata.org/w/api.php?action=wbsearchentities&format=json&language=en&type=item&limit=5&search=Nuburu
Nuclia,30-Jun-2025,Merger/Acquisition,"""Barcelona, Spain""",nuclia,,Wikidata,ERROR,0,ERROR,,,HTTP 429 for https://www.wikidata.org/w/api.php?action=wbsearchentities&format=json&language=en&type=item&limit=5&search=Nuclia
Nude Beverages,13-May-2024,Merger/Acquisition,"""Vancouver, Canada""",nude beverages,,Wikidata,ERROR,0,ERROR,,,HTTP 429 for https://www.wikidata.org/w/api.php?action=wbsearchentities&format=json&language=en&type=item&limit=5&search=Nude+Beverages
NuOrder,01-Jul-2021,Merger/Acquisition,"""Los Angeles, CA""",nuorder,,Wikidata,ERROR,0,ERROR,,,HTTP 429 for https://www.wikidata.org/w/api.php?action=wbsearchentities&format=json&language=en&type=item&limit=5&search=NuOrder
NuPark,13-Dec-2021,Merger/Acquisition,"""Lubbock, TX""",nupark,,Wikidata,ERROR,0,ERROR,,,HTTP 429 for https://www.wikidata.org/w/api.php?action=wbsearchentities&format=json&language=en&type=item&limit=5&search=NuPark
NuScale Power (NYS: SMR),02-May-2022,Reverse Merger,"""Corvallis, OR""",nuscale power,,Wikidata,ERROR,0,ERROR,,,HTTP 429 for https://www.wikidata.org/w/api.php?action=wbsearchentities&format=json&language=en&type=item&limit=5&search=NuScale+Power
Nutmeg (Financial Software),01-Jun-2021,Merger/Acquisition,"""London, United Kingdom""",nutmeg (financial software),,Wikidata,ERROR,0,ERROR,,,HTTP 429 for https://www.wikidata.org/w/api.php?action=wbsearchentities&format=json&language=en&type=item&limit=5&search=Nutmeg+%28Financial+Software%29
Nuvalent (NAS: NUVL),29-Jul-2021,IPO,"""Cambridge, MA""",nuvalent,,Wikidata,ERROR,0,ERROR,,,HTTP 429 for https://www.wikidata.org/w/api.php?action=wbsearchentities&format=json&language=en&type=item&limit=5&search=Nuvalent
Nuvation Bio (NYS: NUVB),10-Feb-2021,Reverse Merger,"""New York, NY""",nuvation bio,,Wikidata,ERROR,0,ERROR,,,HTTP 429 for https://www.wikidata.org/w/api.php?action=wbsearchentities&format=json&language=en&type=item&limit=5&search=Nuvation+Bio
Nuvectis Pharma (NAS: NVCT),04-Feb-2022,IPO,"""Fort Lee, NJ""",nuvectis pharma,,Wikidata,ERROR,0,ERROR,,,HTTP 429 for https://www.wikidata.org/w/api.php?action=wbsearchentities&format=json&language=en&type=item&limit=5&search=Nuvectis+Pharma
NUVIA,16-Mar-2021,Merger/Acquisition,"""Santa Clara, CA""",nuvia,,Wikidata,ERROR,0,ERROR,,,HTTP 429 for https://www.wikidata.org/w/api.php?action=wbsearchentities&format=json&language=en&type=item&limit=5&search=NUVIA
Nuvolo (Business/Productivity Software),02-Nov-2023,Merger/Acquisition,"""Wellesley, MA""",nuvolo (business/productivity software),,Wikidata,ERROR,0,ERROR,,,HTTP 429 for https://www.wikidata.org/w/api.php?action=wbsearchentities&format=json&language=en&type=item&limit=5&search=Nuvolo+%28Business%2FProductivity+Software%29
NVN Liquidation,27-Sep-2023,Merger/Acquisition,"""Durham, NC""",nvn liquidation,,Wikidata,ERROR,0,ERROR,,,HTTP 429 for https://www.wikidata.org/w/api.php?action=wbsearchentities&format=json&language=en&type=item&limit=5&search=NVN+Liquidation
Nxu (PINX: NXUR),27-Sep-2022,IPO,"""Tempe, AZ""",nxu,,Wikidata,ERROR,0,ERROR,,,HTTP 429 for https://www.wikidata.org/w/api.php?action=wbsearchentities&format=json&language=en&type=item&limit=5&search=Nxu
Oakland,04-Apr-2025,Merger/Acquisition,"""Leeds, United Kingdom""",oakland,,Wikidata,ERROR,0,ERROR,,,HTTP 429 for https://www.wikidata.org/w/api.php?action=wbsearchentities&format=json&language=en&type=item&limit=5&search=Oakland
Obalon Therapeutics,15-Jun-2021,Merger/Acquisition,"""Carlsbad, CA""",obalon therapeutics,,Wikidata,ERROR,0,ERROR,,,HTTP 429 for https://www.wikidata.org/w/api.php?action=wbsearchentities&format=json&language=en&type=item&limit=5&search=Obalon+Therapeutics
Oberon Investments (NEXX: OBE),21-Jan-2021,Reverse Merger,"""London, United Kingdom""",oberon investments,,Wikidata,ERROR,0,ERROR,,,HTTP 429 for https://www.wikidata.org/w/api.php?action=wbsearchentities&format=json&language=en&type=item&limit=5&search=Oberon+Investments
Obiz (PAR: ALBIZ),26-May-2021,IPO,"""Lyon, France""",obiz,,Wikidata,ERROR,0,ERROR,,,HTTP 429 for https://www.wikidata.org/w/api.php?action=wbsearchentities&format=json&language=en&type=item&limit=5&search=Obiz
Objective,20-Nov-2024,Merger/Acquisition,"""San Francisco, CA""",objective,,Wikidata,ERROR,0,ERROR,,,HTTP 429 for https://www.wikidata.org/w/api.php?action=wbsearchentities&format=json&language=en&type=item&limit=5&search=Objective
Obp,01-Aug-2024,Merger/Acquisition,"""Lawrence, MA""",obp,,Wikidata,ERROR,0,ERROR,,,HTTP 429 for https://www.wikidata.org/w/api.php?action=wbsearchentities&format=json&language=en&type=item&limit=5&search=Obp
OccasionGenius,21-Oct-2025,Merger/Acquisition,"""Richmond, VA""",occasiongenius,,Wikidata,ERROR,0,ERROR,,,HTTP 429 for https://www.wikidata.org/w/api.php?action=wbsearchentities&format=json&language=en&type=item&limit=5&search=OccasionGenius
Ocean Biomedical (PINX: OCEA),08-Sep-2022,Reverse Merger,"""Providence, RI""",ocean biomedical,,Wikidata,ERROR,0,ERROR,,,HTTP 429 for https://www.wikidata.org/w/api.php?action=wbsearchentities&format=json&language=en&type=item&limit=5&search=Ocean+Biomedical
Ocean Harvest Technology,04-Apr-2023,IPO,"""Reading, United Kingdom""",ocean harvest technology,,Wikidata,ERROR,0,ERROR,,,HTTP 429 for https://www.wikidata.org/w/api.php?action=wbsearchentities&format=json&language=en&type=item&limit=5&search=Ocean+Harvest+Technology
Octavian Therapeutics,21-May-2021,IPO,"""Oxford, United Kingdom""",octavian therapeutics,,Wikidata,ERROR,0,ERROR,,,HTTP 429 for https://www.wikidata.org/w/api.php?action=wbsearchentities&format=json&language=en&type=item&limit=5&search=Octavian+Therapeutics
OctoAI,10-Sep-2024,Merger/Acquisition,"""Seattle, WA""",octoai,,Wikidata,ERROR,0,ERROR,,,HTTP 429 for https://www.wikidata.org/w/api.php?action=wbsearchentities&format=json&language=en&type=item&limit=5&search=OctoAI
Oculid,01-Apr-2023,Merger/Acquisition,"""Berlin, Germany""",oculid,,Wikidata,ERROR,0,ERROR,,,HTTP 429 for https://www.wikidata.org/w/api.php?action=wbsearchentities&format=json&language=en&type=item&limit=5&search=Oculid
Oculii,05-Nov-2021,Merger/Acquisition,"""Beavercreek, OH""",oculii,,Wikidata,ERROR,0,ERROR,,,HTTP 429 for https://www.wikidata.org/w/api.php?action=wbsearchentities&format=json&language=en&type=item&limit=5&search=Oculii
Ocumeda,01-Feb-2023,Merger/Acquisition,"""Munich, Germany""",ocumeda,,Wikidata,ERROR,0,ERROR,,,HTTP 429 for https://www.wikidata.org/w/api.php?action=wbsearchentities&format=json&language=en&type=item&limit=5&search=Ocumeda
Odin Vision,19-Dec-2022,Merger/Acquisition,"""London, United Kingdom""",odin vision,,Wikidata,ERROR,0,ERROR,,,HTTP 429 for https://www.wikidata.org/w/api.php?action=wbsearchentities&format=json&language=en&type=item&limit=5&search=Odin+Vision
OfferFit,02-Jun-2025,Merger/Acquisition,"""Boston, MA""",offerfit,,Wikidata,ERROR,0,ERROR,,,HTTP 429 for https://www.wikidata.org/w/api.php?action=wbsearchentities&format=json&language=en&type=item&limit=5&search=OfferFit
Offerpad Solutions (NYS: OPAD),01-Sep-2021,Reverse Merger,"""Tempe, AZ""",offerpad solutions,,Wikidata,ERROR,0,ERROR,,,HTTP 429 for https://www.wikidata.org/w/api.php?action=wbsearchentities&format=json&language=en&type=item&limit=5&search=Offerpad+Solutions
Officinae Bio,21-Feb-2025,Merger/Acquisition,"""Venice, Italy""",officinae bio,,Wikidata,ERROR,0,ERROR,,,HTTP 429 for https://www.wikidata.org/w/api.php?action=wbsearchentities&format=json&language=en&type=item&limit=5&search=Officinae+Bio
OhmniLabs,12-Dec-2024,Merger/Acquisition,"""Milpitas, CA""",ohmnilabs,,Wikidata,ERROR,0,ERROR,,,HTTP 429 for https://www.wikidata.org/w/api.php?action=wbsearchentities&format=json&language=en&type=item&limit=5&search=OhmniLabs
Ojjo,20-Jun-2024,Merger/Acquisition,"""San Rafael, CA""",ojjo,,Wikidata,ERROR,0,ERROR,,,HTTP 429 for https://www.wikidata.org/w/api.php?action=wbsearchentities&format=json&language=en&type=item&limit=5&search=Ojjo
Okarito,16-May-2022,Merger/Acquisition,"""Montpellier, France""",okarito,,Wikidata,ERROR,0,ERROR,,,HTTP 429 for https://www.wikidata.org/w/api.php?action=wbsearchentities&format=json&language=en&type=item&limit=5&search=Okarito
Olive & June,16-Dec-2024,Merger/Acquisition,"""Los Angeles, CA""",olive and june,,Wikidata,ERROR,0,ERROR,,,HTTP 429 for https://www.wikidata.org/w/api.php?action=wbsearchentities&format=json&language=en&type=item&limit=5&search=Olive+%26+June
Olivia (Financial Software),03-Jan-2022,Merger/Acquisition,"""Plano, TX""",olivia (financial software),,Wikidata,ERROR,0,ERROR,,,HTTP 429 for https://www.wikidata.org/w/api.php?action=wbsearchentities&format=json&language=en&type=item&limit=5&search=Olivia+%28Financial+Software%29
Olyn (Media and Information Services),07-Apr-2022,Buyout/LBO,"""Paris, France""",olyn (media and information services),,Wikidata,ERROR,0,ERROR,,,HTTP 429 for https://www.wikidata.org/w/api.php?action=wbsearchentities&format=json&language=en&type=item&limit=5&search=Olyn+%28Media+and+Information+Services%29
Omada (NAS: OMDA),06-Jun-2025,IPO,"""Dallas, TX""",omada,,Wikidata,ERROR,0,ERROR,,,HTTP 429 for https://www.wikidata.org/w/api.php?action=wbsearchentities&format=json&language=en&type=item&limit=5&search=Omada
Omega Therapeutics,30-Jul-2021,IPO,"""Cambridge, MA""",omega therapeutics,,Wikidata,ERROR,0,ERROR,,,HTTP 429 for https://www.wikidata.org/w/api.php?action=wbsearchentities&format=json&language=en&type=item&limit=5&search=Omega+Therapeutics
Omen Technologies,04-Nov-2021,Merger/Acquisition,"""Gothenburg, Sweden""",omen technologies,,Wikidata,ERROR,0,ERROR,,,HTTP 429 for https://www.wikidata.org/w/api.php?action=wbsearchentities&format=json&language=en&type=item&limit=5&search=Omen+Technologies
OmicEra Diagnostics,05-Nov-2022,Merger/Acquisition,"""Planegg, Germany""",omicera diagnostics,,Wikidata,ERROR,0,ERROR,,,HTTP 429 for https://www.wikidata.org/w/api.php?action=wbsearchentities&format=json&language=en&type=item&limit=5&search=OmicEra+Diagnostics
Omixon,16-Oct-2024,Merger/Acquisition,"""Budapest, Hungary""",omixon,,Wikidata,ERROR,0,ERROR,,,HTTP 429 for https://www.wikidata.org/w/api.php?action=wbsearchentities&format=json&language=en&type=item&limit=5&search=Omixon
OmniAb (NAS: OABI),01-Nov-2022,Reverse Merger,"""Emeryville, CA""",omniab,,Wikidata,ERROR,0,ERROR,,,HTTP 429 for https://www.wikidata.org/w/api.php?action=wbsearchentities&format=json&language=en&type=item&limit=5&search=OmniAb
OmniLife Health,11-Oct-2024,Merger/Acquisition,"""Beaverton, OR""",omnilife health,,Wikidata,ERROR,0,ERROR,,,HTTP 429 for https://www.wikidata.org/w/api.php?action=wbsearchentities&format=json&language=en&type=item&limit=5&search=OmniLife+Health
Omniome,20-Sep-2021,Merger/Acquisition,"""San Diego, CA""",omniome,,Wikidata,ERROR,0,ERROR,,,HTTP 429 for https://www.wikidata.org/w/api.php?action=wbsearchentities&format=json&language=en&type=item&limit=5&search=Omniome
Omnipresent,30-Sep-2025,Merger/Acquisition,"""London, United Kingdom""",omnipresent,,Wikidata,ERROR,0,ERROR,,,HTTP 429 for https://www.wikidata.org/w/api.php?action=wbsearchentities&format=json&language=en&type=item&limit=5&search=Omnipresent
Omnivore,04-Mar-2022,Merger/Acquisition,"""Clearwater, FL""",omnivore,,Wikidata,ERROR,0,ERROR,,,HTTP 429 for https://www.wikidata.org/w/api.php?action=wbsearchentities&format=json&language=en&type=item&limit=5&search=Omnivore
On Holding (Zurich) (NYS: ONON),15-Sep-2021,IPO,"""Zurich, Switzerland""",on (zurich),,Wikidata,ERROR,0,ERROR,,,HTTP 429 for https://www.wikidata.org/w/api.php?action=wbsearchentities&format=json&language=en&type=item&limit=5&search=On+Holding+%28Zurich%29
OnApp,20-Jul-2021,Merger/Acquisition,"""London, United Kingdom""",onapp,,Wikidata,ERROR,0,ERROR,,,HTTP 429 for https://www.wikidata.org/w/api.php?action=wbsearchentities&format=json&language=en&type=item&limit=5&search=OnApp
Once Dating,18-Jan-2021,Merger/Acquisition,"""Feusisberg, Switzerland""",once dating,,Wikidata,ERROR,0,ERROR,,,HTTP 429 for https://www.wikidata.org/w/api.php?action=wbsearchentities&format=json&language=en&type=item&limit=5&search=Once+Dating
Oncoceutics,07-Jan-2021,Merger/Acquisition,"""Philadelphia, PA""",oncoceutics,,Wikidata,ERROR,0,ERROR,,,HTTP 429 for https://www.wikidata.org/w/api.php?action=wbsearchentities&format=json&language=en&type=item&limit=5&search=Oncoceutics
Oncodisc,28-May-2021,Merger/Acquisition,"""Walnut Creek, CA""",oncodisc,,Wikidata,ERROR,0,ERROR,,,HTTP 429 for https://www.wikidata.org/w/api.php?action=wbsearchentities&format=json&language=en&type=item&limit=5&search=Oncodisc
Oncogeni,16-Sep-2022,Merger/Acquisition,"""Stratford-Upon-Avon, United Kingdom""",oncogeni,,Wikidata,ERROR,0,ERROR,,,HTTP 429 for https://www.wikidata.org/w/api.php?action=wbsearchentities&format=json&language=en&type=item&limit=5&search=Oncogeni
Onconetix (NAS: ONCO),18-Feb-2022,IPO,"""Cincinnati, OH""",onconetix,,Wikidata,ERROR,0,ERROR,,,HTTP 429 for https://www.wikidata.org/w/api.php?action=wbsearchentities&format=json&language=en&type=item&limit=5&search=Onconetix
Ondat,17-Mar-2023,Merger/Acquisition,"""London, United Kingdom""",ondat,,Wikidata,ERROR,0,ERROR,,,HTTP 429 for https://www.wikidata.org/w/api.php?action=wbsearchentities&format=json&language=en&type=item&limit=5&search=Ondat
Ondot (Financial Software),22-Jan-2021,Merger/Acquisition,"""San Jose, CA""",ondot (financial software),,Wikidata,ERROR,0,ERROR,,,HTTP 429 for https://www.wikidata.org/w/api.php?action=wbsearchentities&format=json&language=en&type=item&limit=5&search=Ondot+%28Financial+Software%29
One Codex,01-Feb-2021,Merger/Acquisition,"""Wilmington, DE""",one codex,,Wikidata,ERROR,0,ERROR,,,HTTP 429 for https://www.wikidata.org/w/api.php?action=wbsearchentities&format=json&language=en&type=item&limit=5&search=One+Codex
One Medical (Clinics/Outpatient Services),22-Feb-2023,Merger/Acquisition,"""San Francisco, CA""",one medical (clinics/outpatient services),,Wikidata,ERROR,0,ERROR,,,HTTP 429 for https://www.wikidata.org/w/api.php?action=wbsearchentities&format=json&language=en&type=item&limit=5&search=One+Medical+%28Clinics%2FOutpatient+Services%29
One River Asset Management,03-Mar-2023,Merger/Acquisition,"""Stamford, CT""",one river asset management,,Wikidata,ERROR,0,ERROR,,,HTTP 429 for https://www.wikidata.org/w/api.php?action=wbsearchentities&format=json&language=en&type=item&limit=5&search=One+River+Asset+Management
OneCloud,30-Jul-2021,Merger/Acquisition,"""New York, NY""",onecloud,,Wikidata,ERROR,0,ERROR,,,HTTP 429 for https://www.wikidata.org/w/api.php?action=wbsearchentities&format=json&language=en&type=item&limit=5&search=OneCloud
OneFlow (STO: ONEF),08-Apr-2022,IPO,"""Stockholm, Sweden""",oneflow,,Wikidata,ERROR,0,ERROR,,,HTTP 429 for https://www.wikidata.org/w/api.php?action=wbsearchentities&format=json&language=en&type=item&limit=5&search=OneFlow
OneGraph,17-Nov-2021,Merger/Acquisition,"""Walnut, CA""",onegraph,,Wikidata,ERROR,0,ERROR,,,HTTP 429 for https://www.wikidata.org/w/api.php?action=wbsearchentities&format=json&language=en&type=item&limit=5&search=OneGraph
OneMedNet (NAS: ONMD),25-Apr-2022,Reverse Merger,"""Eden Prairie, MN""",onemednet,,Wikidata,ERROR,0,ERROR,,,HTTP 429 for https://www.wikidata.org/w/api.php?action=wbsearchentities&format=json&language=en&type=item&limit=5&search=OneMedNet
OneSpace,13-Sep-2021,Merger/Acquisition,"""Swansea, IL""",onespace,,Wikidata,ERROR,0,ERROR,,,HTTP 429 for https://www.wikidata.org/w/api.php?action=wbsearchentities&format=json&language=en&type=item&limit=5&search=OneSpace
OneWelcome,01-Oct-2022,Merger/Acquisition,"""Amersfoort, Netherlands""",onewelcome,,Wikidata,ERROR,0,ERROR,,,HTTP 429 for https://www.wikidata.org/w/api.php?action=wbsearchentities&format=json&language=en&type=item&limit=5&search=OneWelcome
OneWire,10-May-2021,Merger/Acquisition,"""New York, NY""",onewire,,Wikidata,ERROR,0,ERROR,,,HTTP 429 for https://www.wikidata.org/w/api.php?action=wbsearchentities&format=json&language=en&type=item&limit=5&search=OneWire
Onfolio (NAS: ONFO),26-Aug-2022,IPO,"""Wilmington, DE""",onfolio,,Wikidata,ERROR,0,ERROR,,,HTTP 429 for https://www.wikidata.org/w/api.php?action=wbsearchentities&format=json&language=en&type=item&limit=5&search=Onfolio
OnlineApplication,05-Aug-2025,Merger/Acquisition,"""Dublin, Ireland""",onlineapplication,,Wikidata,ERROR,0,ERROR,,,HTTP 429 for https://www.wikidata.org/w/api.php?action=wbsearchentities&format=json&language=en&type=item&limit=5&search=OnlineApplication
Onrego,01-Dec-2022,Merger/Acquisition,"""Espoo, Finland""",onrego,,Wikidata,ERROR,0,ERROR,,,HTTP 429 for https://www.wikidata.org/w/api.php?action=wbsearchentities&format=json&language=en&type=item&limit=5&search=Onrego
Onum,10-Feb-2026,Merger/Acquisition,"""Madrid, Spain""",onum,,Wikidata,ERROR,0,ERROR,,,HTTP 429 for https://www.wikidata.org/w/api.php?action=wbsearchentities&format=json&language=en&type=item&limit=5&search=Onum
Onvis,05-Dec-2025,Merger/Acquisition,"""Houston, TX""",onvis,,Wikidata,ERROR,0,ERROR,,,HTTP 429 for https://www.wikidata.org/w/api.php?action=wbsearchentities&format=json&language=en&type=item&limit=5&search=Onvis
ONWARD Medical (BRU: ONWD),21-Oct-2021,IPO,"""Eindhoven, Netherlands""",onward medical,,Wikidata,ERROR,0,ERROR,,,HTTP 429 for https://www.wikidata.org/w/api.php?action=wbsearchentities&format=json&language=en&type=item&limit=5&search=ONWARD+Medical
Onyon,02-Jan-2023,Merger/Acquisition,"""Milan, Italy""",onyon,,Wikidata,ERROR,0,ERROR,,,HTTP 429 for https://www.wikidata.org/w/api.php?action=wbsearchentities&format=json&language=en&type=item&limit=5&search=Onyon
Onyx (Information Services (B2C)),01-Jan-2021,Merger/Acquisition,"""San Francisco, CA""",onyx (information services (b2c)),,Wikidata,ERROR,0,ERROR,,,HTTP 429 for https://www.wikidata.org/w/api.php?action=wbsearchentities&format=json&language=en&type=item&limit=5&search=Onyx+%28Information+Services+%28B2C%29%29
OODA AI (STO: OODA),21-Dec-2021,Reverse Merger,"""Stockholm, Sweden""",ooda ai,,Wikidata,ERROR,0,ERROR,,,HTTP 429 for https://www.wikidata.org/w/api.php?action=wbsearchentities&format=json&language=en&type=item&limit=5&search=OODA+AI
OODA Health,13-May-2021,Merger/Acquisition,"""San Francisco, CA""",ooda health,,Wikidata,ERROR,0,ERROR,,,HTTP 429 for https://www.wikidata.org/w/api.php?action=wbsearchentities&format=json&language=en&type=item&limit=5&search=OODA+Health
Oosto,20-Jan-2025,Merger/Acquisition,"""New York, NY""",oosto,,Wikidata,ERROR,0,ERROR,,,HTTP 429 for https://www.wikidata.org/w/api.php?action=wbsearchentities&format=json&language=en&type=item&limit=5&search=Oosto
OpenExO,18-Mar-2024,Merger/Acquisition,"""Dover, DE""",openexo,,Wikidata,ERROR,0,ERROR,,,HTTP 429 for https://www.wikidata.org/w/api.php?action=wbsearchentities&format=json&language=en&type=item&limit=5&search=OpenExO
Openfinance (Financial Software),09-May-2021,Merger/Acquisition,"""Chicago, IL""",openfinance (financial software),,Wikidata,ERROR,0,ERROR,,,HTTP 429 for https://www.wikidata.org/w/api.php?action=wbsearchentities&format=json&language=en&type=item&limit=5&search=Openfinance+%28Financial+Software%29
OpenGov,27-Feb-2024,Merger/Acquisition,"""San Francisco, CA""",opengov,,Wikidata,ERROR,0,ERROR,,,HTTP 429 for https://www.wikidata.org/w/api.php?action=wbsearchentities&format=json&language=en&type=item&limit=5&search=OpenGov
Openpath,15-Jul-2021,Merger/Acquisition,"""Culver City, CA""",openpath,,Wikidata,ERROR,0,ERROR,,,HTTP 429 for https://www.wikidata.org/w/api.php?action=wbsearchentities&format=json&language=en&type=item&limit=5&search=Openpath
OpenReel,18-Dec-2024,Merger/Acquisition,"""New York, NY""",openreel,,Wikidata,ERROR,0,ERROR,,,HTTP 429 for https://www.wikidata.org/w/api.php?action=wbsearchentities&format=json&language=en&type=item&limit=5&search=OpenReel
Oppilan Pharma,01-Feb-2021,Merger/Acquisition,"""Cambridge, United Kingdom""",oppilan pharma,,Wikidata,ERROR,0,ERROR,,,HTTP 429 for https://www.wikidata.org/w/api.php?action=wbsearchentities&format=json&language=en&type=item&limit=5&search=Oppilan+Pharma
Opstrace,03-Dec-2021,Merger/Acquisition,"""San Francisco, CA""",opstrace,,Wikidata,ERROR,0,ERROR,,,HTTP 429 for https://www.wikidata.org/w/api.php?action=wbsearchentities&format=json&language=en&type=item&limit=5&search=Opstrace
Optinergy,30-Aug-2021,Merger/Acquisition,"""Stradone, Ireland""",optinergy,,Wikidata,ERROR,0,ERROR,,,HTTP 429 for https://www.wikidata.org/w/api.php?action=wbsearchentities&format=json&language=en&type=item&limit=5&search=Optinergy
Optodot,16-Jun-2022,Merger/Acquisition,"""Devens, MA""",optodot,,Wikidata,ERROR,0,ERROR,,,HTTP 429 for https://www.wikidata.org/w/api.php?action=wbsearchentities&format=json&language=en&type=item&limit=5&search=Optodot
Optoro,19-Aug-2025,Merger/Acquisition,"""Washington, DC""",optoro,,Wikidata,ERROR,0,ERROR,,,HTTP 429 for https://www.wikidata.org/w/api.php?action=wbsearchentities&format=json&language=en&type=item&limit=5&search=Optoro
Optoscribe,29-Jun-2021,Buyout/LBO,"""Livingston, United Kingdom""",optoscribe,,Wikidata,ERROR,0,ERROR,,,HTTP 429 for https://www.wikidata.org/w/api.php?action=wbsearchentities&format=json&language=en&type=item&limit=5&search=Optoscribe
Opus Genetics (acquired in 2024)),22-Oct-2024,Merger/Acquisition,"""Durham, NC""",opus genetics (acquired in 2024)),,Wikidata,ERROR,0,ERROR,,,HTTP 429 for https://www.wikidata.org/w/api.php?action=wbsearchentities&format=json&language=en&type=item&limit=5&search=Opus+Genetics+%28acquired+in+2024%29%29
Opus One Solutions,21-Dec-2021,Merger/Acquisition,"""Richmond Hill, Canada""",opus one solutions,,Wikidata,ERROR,0,ERROR,,,HTTP 429 for https://www.wikidata.org/w/api.php?action=wbsearchentities&format=json&language=en&type=item&limit=5&search=Opus+One+Solutions
Opyn (Specialized Finance),09-Sep-2025,Reverse Merger,"""Milan, Italy""",opyn (specialized finance),,Wikidata,ERROR,0,ERROR,,,HTTP 429 for https://www.wikidata.org/w/api.php?action=wbsearchentities&format=json&language=en&type=item&limit=5&search=Opyn+%28Specialized+Finance%29
Oqton,01-Nov-2021,Merger/Acquisition,"""Leuven, Belgium""",oqton,,Wikidata,ERROR,0,ERROR,,,HTTP 429 for https://www.wikidata.org/w/api.php?action=wbsearchentities&format=json&language=en&type=item&limit=5&search=Oqton
Orb Health,21-Jan-2025,Merger/Acquisition,"""Frisco, TX""",orb health,,Wikidata,ERROR,0,ERROR,,,HTTP 429 for https://www.wikidata.org/w/api.php?action=wbsearchentities&format=json&language=en&type=item&limit=5&search=Orb+Health
ORB Sport,01-Jul-2023,Merger/Acquisition,"""Irvine, CA""",orb sport,,Wikidata,ERROR,0,ERROR,,,HTTP 429 for https://www.wikidata.org/w/api.php?action=wbsearchentities&format=json&language=en&type=item&limit=5&search=ORB+Sport
Orbital Therapeutics,08-Dec-2025,Merger/Acquisition,"""Cambridge, MA""",orbital therapeutics,,Wikidata,ERROR,0,ERROR,,,HTTP 429 for https://www.wikidata.org/w/api.php?action=wbsearchentities&format=json&language=en&type=item&limit=5&search=Orbital+Therapeutics
Orcadian Energy (LON: ORCA),15-Jul-2021,IPO,"""London, United Kingdom""",orcadian energy,,Wikidata,ERROR,0,ERROR,,,HTTP 429 for https://www.wikidata.org/w/api.php?action=wbsearchentities&format=json&language=en&type=item&limit=5&search=Orcadian+Energy
Orchard Therapeutics,24-Jan-2024,Merger/Acquisition,"""London, United Kingdom""",orchard therapeutics,,Wikidata,ERROR,0,ERROR,,,HTTP 429 for https://www.wikidata.org/w/api.php?action=wbsearchentities&format=json&language=en&type=item&limit=5&search=Orchard+Therapeutics
Orchestra BioMed Holdings (NAS: OBIO),26-Jan-2023,Reverse Merger,"""New Hope, PA""",orchestra biomed,,Wikidata,ERROR,0,ERROR,,,HTTP 429 for https://www.wikidata.org/w/api.php?action=wbsearchentities&format=json&language=en&type=item&limit=5&search=Orchestra+BioMed+Holdings
orderbird,12-May-2022,Merger/Acquisition,"""Berlin, Germany""",orderbird,,Wikidata,ERROR,0,ERROR,,,HTTP 429 for https://www.wikidata.org/w/api.php?action=wbsearchentities&format=json&language=en&type=item&limit=5&search=orderbird
Orderhero (STO: HERO),21-Apr-2022,IPO,"""Stockholm, Sweden""",orderhero,,Wikidata,ERROR,0,ERROR,,,HTTP 429 for https://www.wikidata.org/w/api.php?action=wbsearchentities&format=json&language=en&type=item&limit=5&search=Orderhero
OrderYOYO,02-Jul-2021,IPO,"""Copenhagen, Denmark""",orderyoyo,,Wikidata,ERROR,0,ERROR,,,HTTP 429 for https://www.wikidata.org/w/api.php?action=wbsearchentities&format=json&language=en&type=item&limit=5&search=OrderYOYO
Organic Basics,26-Jul-2022,Merger/Acquisition,"""Copenhagen, Denmark""",organic basics,,Wikidata,ERROR,0,ERROR,,,HTTP 429 for https://www.wikidata.org/w/api.php?action=wbsearchentities&format=json&language=en&type=item&limit=5&search=Organic+Basics
Origimm,03-Dec-2021,Merger/Acquisition,"""Vienna, Austria""",origimm,,Wikidata,ERROR,0,ERROR,,,HTTP 429 for https://www.wikidata.org/w/api.php?action=wbsearchentities&format=json&language=en&type=item&limit=5&search=Origimm
Origin Materials (NAS: ORGN),25-Jun-2021,Reverse Merger,"""West Sacramento, CA""",origin materials,,Wikidata,ERROR,0,ERROR,,,HTTP 429 for https://www.wikidata.org/w/api.php?action=wbsearchentities&format=json&language=en&type=item&limit=5&search=Origin+Materials
Ortelius International (STO: ORTIN),19-Jan-2021,IPO,"""Kungsbacka, Sweden""",ortelius international,,Wikidata,ERROR,0,ERROR,,,HTTP 429 for https://www.wikidata.org/w/api.php?action=wbsearchentities&format=json&language=en&type=item&limit=5&search=Ortelius+International
OS Therapies (ASE: OSTX),01-Aug-2024,IPO,"""New York, NY""",os therapies,,Wikidata,ERROR,0,ERROR,,,HTTP 429 for https://www.wikidata.org/w/api.php?action=wbsearchentities&format=json&language=en&type=item&limit=5&search=OS+Therapies
Oscar Health (NYS: OSCR),03-Mar-2021,IPO,"""New York, NY""",oscar health,,Wikidata,ERROR,0,ERROR,,,HTTP 429 for https://www.wikidata.org/w/api.php?action=wbsearchentities&format=json&language=en&type=item&limit=5&search=Oscar+Health
OSD,18-May-2021,Merger/Acquisition,"""Martillac, France""",osd,,Wikidata,ERROR,0,ERROR,,,HTTP 429 for https://www.wikidata.org/w/api.php?action=wbsearchentities&format=json&language=en&type=item&limit=5&search=OSD
Osmosun (PAR: ALWTR),10-Jul-2023,IPO,"""Gellainville, France""",osmosun,,Wikidata,ERROR,0,ERROR,,,HTTP 429 for https://www.wikidata.org/w/api.php?action=wbsearchentities&format=json&language=en&type=item&limit=5&search=Osmosun
Othership (Other Commercial Services),18-Mar-2025,Merger/Acquisition,"""London, United Kingdom""",othership (other commercial services),,Wikidata,ERROR,0,ERROR,,,HTTP 429 for https://www.wikidata.org/w/api.php?action=wbsearchentities&format=json&language=en&type=item&limit=5&search=Othership+%28Other+Commercial+Services%29
Otherwise (Insurance Brokers),28-Sep-2021,Merger/Acquisition,"""Montreuil, France""",otherwise (insurance brokers),,Wikidata,ERROR,0,ERROR,,,HTTP 429 for https://www.wikidata.org/w/api.php?action=wbsearchentities&format=json&language=en&type=item&limit=5&search=Otherwise+%28Insurance+Brokers%29
OurLiving (Acquired),29-Nov-2021,Merger/Acquisition,"""Malmo, Sweden""",ourliving (acquired),,Wikidata,ERROR,0,ERROR,,,HTTP 429 for https://www.wikidata.org/w/api.php?action=wbsearchentities&format=json&language=en&type=item&limit=5&search=OurLiving+%28Acquired%29
OutPlay,27-Mar-2025,Merger/Acquisition,"""Cedar Park, TX""",outplay,,Wikidata,ERROR,0,ERROR,,,HTTP 429 for https://www.wikidata.org/w/api.php?action=wbsearchentities&format=json&language=en&type=item&limit=5&search=OutPlay
Ovizio,22-Oct-2024,Merger/Acquisition,"""La Hulpe, Belgium""",ovizio,,Wikidata,ERROR,0,ERROR,,,HTTP 429 for https://www.wikidata.org/w/api.php?action=wbsearchentities&format=json&language=en&type=item&limit=5&search=Ovizio
Owasys,01-Jul-2021,Merger/Acquisition,"""Zamudio Bizkaia, Spain""",owasys,,Wikidata,ERROR,0,ERROR,,,HTTP 429 for https://www.wikidata.org/w/api.php?action=wbsearchentities&format=json&language=en&type=item&limit=5&search=Owasys
Owatec,03-Apr-2024,Merger/Acquisition,"""Tupos, Finland""",owatec,,Wikidata,ERROR,0,ERROR,,,HTTP 429 for https://www.wikidata.org/w/api.php?action=wbsearchentities&format=json&language=en&type=item&limit=5&search=Owatec
Owler,18-Jun-2021,Merger/Acquisition,"""San Mateo, CA""",owler,,Wikidata,ERROR,0,ERROR,,,HTTP 429 for https://www.wikidata.org/w/api.php?action=wbsearchentities&format=json&language=en&type=item&limit=5&search=Owler
Owlet Baby Care (NYS: OWLT),15-Jul-2021,Reverse Merger,"""Lehi, UT""",owlet baby care,,Wikidata,ERROR,0,ERROR,,,HTTP 429 for https://www.wikidata.org/w/api.php?action=wbsearchentities&format=json&language=en&type=item&limit=5&search=Owlet+Baby+Care
Own Company,18-Nov-2024,Merger/Acquisition,"""Englewood Cliffs, NJ""",own,,Wikidata,ERROR,0,ERROR,,,HTTP 429 for https://www.wikidata.org/w/api.php?action=wbsearchentities&format=json&language=en&type=item&limit=5&search=Own+Company
Oxford Immunotec,08-Mar-2021,Merger/Acquisition,"""Abingdon, United Kingdom""",oxford immunotec,,Wikidata,ERROR,0,ERROR,,,HTTP 429 for https://www.wikidata.org/w/api.php?action=wbsearchentities&format=json&language=en&type=item&limit=5&search=Oxford+Immunotec
Oxford Ionics,17-Sep-2025,Reverse Merger,"""Oxford, United Kingdom""",oxford ionics,,Wikidata,ERROR,0,ERROR,,,HTTP 429 for https://www.wikidata.org/w/api.php?action=wbsearchentities&format=json&language=en&type=item&limit=5&search=Oxford+Ionics
Oxford Nanopore Technologies (LON: ONT),30-Sep-2021,IPO,"""Oxford, United Kingdom""",oxford nanopore technologies,,Wikidata,ERROR,0,ERROR,,,HTTP 429 for https://www.wikidata.org/w/api.php?action=wbsearchentities&format=json&language=en&type=item&limit=5&search=Oxford+Nanopore+Technologies
Oxio (Internet Service Providers),21-Feb-2023,Merger/Acquisition,"""Montreal, Canada""",oxio (internet service providers),,Wikidata,ERROR,0,ERROR,,,HTTP 429 for https://www.wikidata.org/w/api.php?action=wbsearchentities&format=json&language=en&type=item&limit=5&search=Oxio+%28Internet+Service+Providers%29
OXLiD,29-Nov-2023,Merger/Acquisition,"""Oxford, United Kingdom""",oxlid,,Wikidata,ERROR,0,ERROR,,,HTTP 429 for https://www.wikidata.org/w/api.php?action=wbsearchentities&format=json&language=en&type=item&limit=5&search=OXLiD
P2X Solutions,12-Apr-2024,Merger/Acquisition,"""Espoo, Finland""",p2x solutions,,Wikidata,ERROR,0,ERROR,,,HTTP 429 for https://www.wikidata.org/w/api.php?action=wbsearchentities&format=json&language=en&type=item&limit=5&search=P2X+Solutions
Pacific Enterprise Bank,01-Feb-2022,Merger/Acquisition,"""Irvine, CA""",pacific enterprise bank,,Wikidata,ERROR,0,ERROR,,,HTTP 429 for https://www.wikidata.org/w/api.php?action=wbsearchentities&format=json&language=en&type=item&limit=5&search=Pacific+Enterprise+Bank
Pack Health,01-Feb-2022,Merger/Acquisition,"""Birmingham, AL""",pack health,,Wikidata,ERROR,0,ERROR,,,HTTP 429 for https://www.wikidata.org/w/api.php?action=wbsearchentities&format=json&language=en&type=item&limit=5&search=Pack+Health
Package Concierge,17-Dec-2024,Merger/Acquisition,"""Manhattan, KS""",package concierge,,Wikidata,ERROR,0,ERROR,,,HTTP 429 for https://www.wikidata.org/w/api.php?action=wbsearchentities&format=json&language=en&type=item&limit=5&search=Package+Concierge
Packed Party,24-May-2024,Merger/Acquisition,"""Austin, TX""",packed party,,Wikidata,ERROR,0,ERROR,,,HTTP 429 for https://www.wikidata.org/w/api.php?action=wbsearchentities&format=json&language=en&type=item&limit=5&search=Packed+Party
Pagaya Technologies (NAS: PGY),23-Jun-2022,Reverse Merger,"""New York, NY""",pagaya technologies,,Wikidata,ERROR,0,ERROR,,,HTTP 429 for https://www.wikidata.org/w/api.php?action=wbsearchentities&format=json&language=en&type=item&limit=5&search=Pagaya+Technologies
Paige,22-Aug-2025,Merger/Acquisition,"""New York, NY""",paige,,Wikidata,ERROR,0,ERROR,,,HTTP 429 for https://www.wikidata.org/w/api.php?action=wbsearchentities&format=json&language=en&type=item&limit=5&search=Paige
Paintbox (Services (B2C Non-Financial)),16-Aug-2022,Merger/Acquisition,"""New York, NY""",paintbox (services (b2c non-financial)),,Wikidata,ERROR,0,ERROR,,,HTTP 429 for https://www.wikidata.org/w/api.php?action=wbsearchentities&format=json&language=en&type=item&limit=5&search=Paintbox+%28Services+%28B2C+Non-Financial%29%29
Palamedrix,31-Aug-2022,Merger/Acquisition,"""Encinitas, CA""",palamedrix,,Wikidata,ERROR,0,ERROR,,,HTTP 429 for https://www.wikidata.org/w/api.php?action=wbsearchentities&format=json&language=en&type=item&limit=5&search=Palamedrix
Palette Life Sciences,10-Oct-2023,Merger/Acquisition,"""Stockholm, Sweden""",palette life sciences,,Wikidata,ERROR,0,ERROR,,,HTTP 429 for https://www.wikidata.org/w/api.php?action=wbsearchentities&format=json&language=en&type=item&limit=5&search=Palette+Life+Sciences
Palifer,16-Jun-2022,Merger/Acquisition,"""San Jose, CA""",palifer,,Wikidata,ERROR,0,ERROR,,,HTTP 429 for https://www.wikidata.org/w/api.php?action=wbsearchentities&format=json&language=en&type=item&limit=5&search=Palifer
Palm Beach Royals,01-Aug-2025,Buyout/LBO,"""Weston, FL""",palm beach royals,,Wikidata,ERROR,0,ERROR,,,HTTP 429 for https://www.wikidata.org/w/api.php?action=wbsearchentities&format=json&language=en&type=item&limit=5&search=Palm+Beach+Royals
Palm NFT Studio,29-Jun-2023,Merger/Acquisition,"""Dover, DE""",palm nft studio,,Wikidata,ERROR,0,ERROR,,,HTTP 429 for https://www.wikidata.org/w/api.php?action=wbsearchentities&format=json&language=en&type=item&limit=5&search=Palm+NFT+Studio
Pamono,03-Aug-2021,Merger/Acquisition,"""Berlin, Germany""",pamono,,Wikidata,ERROR,0,ERROR,,,HTTP 429 for https://www.wikidata.org/w/api.php?action=wbsearchentities&format=json&language=en&type=item&limit=5&search=Pamono
Pampadu,20-Oct-2021,Merger/Acquisition,"""Moscow, Russia""",pampadu,,Wikidata,ERROR,0,ERROR,,,HTTP 429 for https://www.wikidata.org/w/api.php?action=wbsearchentities&format=json&language=en&type=item&limit=5&search=Pampadu
Pana (Media and Information Services (B2B)),24-Feb-2021,Merger/Acquisition,"""Denver, CO""",pana (media and information services (b2b)),,Wikidata,ERROR,0,ERROR,,,HTTP 429 for https://www.wikidata.org/w/api.php?action=wbsearchentities&format=json&language=en&type=item&limit=5&search=Pana+%28Media+and+Information+Services+%28B2B%29%29
Pandion Therapeutics,01-Apr-2021,Merger/Acquisition,"""Watertown, MA""",pandion therapeutics,,Wikidata,ERROR,0,ERROR,,,HTTP 429 for https://www.wikidata.org/w/api.php?action=wbsearchentities&format=json&language=en&type=item&limit=5&search=Pandion+Therapeutics
Pandologic,14-Sep-2021,Merger/Acquisition,"""Irvine, CA""",pandologic,,Wikidata,ERROR,0,ERROR,,,HTTP 429 for https://www.wikidata.org/w/api.php?action=wbsearchentities&format=json&language=en&type=item&limit=5&search=Pandologic
"""Pangea (Palo Alto, California)""",17-Sep-2025,Merger/Acquisition,"""Palo Alto, CA""",pangea (palo alto california),,Wikidata,ERROR,0,ERROR,,,HTTP 429 for https://www.wikidata.org/w/api.php?action=wbsearchentities&format=json&language=en&type=item&limit=5&search=%22Pangea+%28Palo+Alto%2C+California%29%22
Pangea Money Transfer,19-Mar-2021,Merger/Acquisition,"""Chicago, IL""",pangea money transfer,,Wikidata,ERROR,0,ERROR,,,HTTP 429 for https://www.wikidata.org/w/api.php?action=wbsearchentities&format=json&language=en&type=item&limit=5&search=Pangea+Money+Transfer
Panoramic Mediaco,01-Apr-2024,Merger/Acquisition,"""Los Angeles, CA""",panoramic mediaco,,Wikidata,ERROR,0,ERROR,,,HTTP 429 for https://www.wikidata.org/w/api.php?action=wbsearchentities&format=json&language=en&type=item&limit=5&search=Panoramic+Mediaco
PanTHERA CryoSolutions,04-Apr-2025,Merger/Acquisition,"""Edmonton, Canada""",panthera cryosolutions,,Wikidata,ERROR,0,ERROR,,,HTTP 429 for https://www.wikidata.org/w/api.php?action=wbsearchentities&format=json&language=en&type=item&limit=5&search=PanTHERA+CryoSolutions
Panthronics,01-Jun-2023,Merger/Acquisition,"""Graz, Austria""",panthronics,,Wikidata,ERROR,0,ERROR,,,HTTP 429 for https://www.wikidata.org/w/api.php?action=wbsearchentities&format=json&language=en&type=item&limit=5&search=Panthronics
Paperspace,05-Jul-2023,Merger/Acquisition,"""Brooklyn, NY""",paperspace,,Wikidata,ERROR,0,ERROR,,,HTTP 429 for https://www.wikidata.org/w/api.php?action=wbsearchentities&format=json&language=en&type=item&limit=5&search=Paperspace
Paradox,01-Oct-2025,Merger/Acquisition,"""Scottsdale, AZ""",paradox,,Wikidata,ERROR,0,ERROR,,,HTTP 429 for https://www.wikidata.org/w/api.php?action=wbsearchentities&format=json&language=en&type=item&limit=5&search=Paradox
Paragon 28,15-Oct-2021,IPO,"""Englewood, CO""",paragon 28,,Wikidata,ERROR,0,ERROR,,,HTTP 429 for https://www.wikidata.org/w/api.php?action=wbsearchentities&format=json&language=en&type=item&limit=5&search=Paragon+28
Paragon Data Labs,02-May-2023,Merger/Acquisition,"""Jersey City, NJ""",paragon data labs,,Wikidata,ERROR,0,ERROR,,,HTTP 429 for https://www.wikidata.org/w/api.php?action=wbsearchentities&format=json&language=en&type=item&limit=5&search=Paragon+Data+Labs
Paragonix,11-Sep-2024,Merger/Acquisition,"""North Waltham, MA""",paragonix,,Wikidata,ERROR,0,ERROR,,,HTTP 429 for https://www.wikidata.org/w/api.php?action=wbsearchentities&format=json&language=en&type=item&limit=5&search=Paragonix
ParaPRO,26-Jul-2024,Merger/Acquisition,"""Carmel, IN""",parapro,,Wikidata,ERROR,0,ERROR,,,HTTP 429 for https://www.wikidata.org/w/api.php?action=wbsearchentities&format=json&language=en&type=item&limit=5&search=ParaPRO
Parcus Medical,07-Mar-2025,Merger/Acquisition,"""Sarasota, FL""",parcus medical,,Wikidata,ERROR,0,ERROR,,,HTTP 429 for https://www.wikidata.org/w/api.php?action=wbsearchentities&format=json&language=en&type=item&limit=5&search=Parcus+Medical
Pardes Biosciences,27-Dec-2021,Reverse Merger,"""Carlsbad, CA""",pardes biosciences,,Wikidata,ERROR,0,ERROR,,,HTTP 429 for https://www.wikidata.org/w/api.php?action=wbsearchentities&format=json&language=en&type=item&limit=5&search=Pardes+Biosciences
Park Place Payments,25-Apr-2023,Merger/Acquisition,"""Woodland Hills, CA""",park place payments,,Wikidata,ERROR,0,ERROR,,,HTTP 429 for https://www.wikidata.org/w/api.php?action=wbsearchentities&format=json&language=en&type=item&limit=5&search=Park+Place+Payments
Parkwind,27-Jul-2023,Merger/Acquisition,"""Leuven, Belgium""",parkwind,,Wikidata,ERROR,0,ERROR,,,HTTP 429 for https://www.wikidata.org/w/api.php?action=wbsearchentities&format=json&language=en&type=item&limit=5&search=Parkwind
Parlem Telecom (MAD: PAR),23-Jun-2021,IPO,"""Barcelona, Spain""",parlem telecom,,Wikidata,ERROR,0,ERROR,,,HTTP 429 for https://www.wikidata.org/w/api.php?action=wbsearchentities&format=json&language=en&type=item&limit=5&search=Parlem+Telecom
Parse Biosciences,01-Dec-2025,Merger/Acquisition,"""Seattle, WA""",parse biosciences,,Wikidata,ERROR,0,ERROR,,,HTTP 429 for https://www.wikidata.org/w/api.php?action=wbsearchentities&format=json&language=en&type=item&limit=5&search=Parse+Biosciences
Parsec Cloud,07-Sep-2021,Merger/Acquisition,"""New York, NY""",parsec cloud,,Wikidata,ERROR,0,ERROR,,,HTTP 429 for https://www.wikidata.org/w/api.php?action=wbsearchentities&format=json&language=en&type=item&limit=5&search=Parsec+Cloud
Parvis Invest (TSX: PVIS),03-Mar-2023,Reverse Merger,"""Vancouver, Canada""",parvis invest,,Wikidata,ERROR,0,ERROR,,,HTTP 429 for https://www.wikidata.org/w/api.php?action=wbsearchentities&format=json&language=en&type=item&limit=5&search=Parvis+Invest
Pasithea Therapeutics (NAS: KTTA),15-Sep-2021,IPO,"""Miami Beach, FL""",pasithea therapeutics,,Wikidata,ERROR,0,ERROR,,,HTTP 429 for https://www.wikidata.org/w/api.php?action=wbsearchentities&format=json&language=en&type=item&limit=5&search=Pasithea+Therapeutics
Passage Identity,31-Oct-2022,Merger/Acquisition,"""Austin, TX""",passage identity,,Wikidata,ERROR,0,ERROR,,,HTTP 429 for https://www.wikidata.org/w/api.php?action=wbsearchentities&format=json&language=en&type=item&limit=5&search=Passage+Identity
PassFort,30-Nov-2021,Merger/Acquisition,"""London, United Kingdom""",passfort,,Wikidata,ERROR,0,ERROR,,,HTTP 429 for https://www.wikidata.org/w/api.php?action=wbsearchentities&format=json&language=en&type=item&limit=5&search=PassFort
Passworks,13-Jan-2022,Merger/Acquisition,"""Lisbon, Portugal""",passworks,,Wikidata,ERROR,0,ERROR,,,HTTP 429 for https://www.wikidata.org/w/api.php?action=wbsearchentities&format=json&language=en&type=item&limit=5&search=Passworks
Pasta Evangelists,14-Jan-2021,Merger/Acquisition,"""London, United Kingdom""",pasta evangelists,,Wikidata,ERROR,0,ERROR,,,HTTP 429 for https://www.wikidata.org/w/api.php?action=wbsearchentities&format=json&language=en&type=item&limit=5&search=Pasta+Evangelists
Patch Biosciences,26-Mar-2024,Merger/Acquisition,"""Albany, NY""",patch biosciences,,Wikidata,ERROR,0,ERROR,,,HTTP 429 for https://www.wikidata.org/w/api.php?action=wbsearchentities&format=json&language=en&type=item&limit=5&search=Patch+Biosciences
Pathmotion,01-Nov-2021,Merger/Acquisition,"""Paris, France""",pathmotion,,Wikidata,ERROR,0,ERROR,,,HTTP 429 for https://www.wikidata.org/w/api.php?action=wbsearchentities&format=json&language=en&type=item&limit=5&search=Pathmotion
PathologyWatch,08-Jan-2024,Merger/Acquisition,"""Salt Lake City, UT""",pathologywatch,,Wikidata,ERROR,0,ERROR,,,HTTP 429 for https://www.wikidata.org/w/api.php?action=wbsearchentities&format=json&language=en&type=item&limit=5&search=PathologyWatch
Pathway Medical,29-Jul-2025,Merger/Acquisition,"""Montreal, Canada""",pathway medical,,Wikidata,ERROR,0,ERROR,,,HTTP 429 for https://www.wikidata.org/w/api.php?action=wbsearchentities&format=json&language=en&type=item&limit=5&search=Pathway+Medical
Patina (Consulting Services),01-Apr-2022,Merger/Acquisition,"""Brookfield, WI""",patina (consulting services),,Wikidata,ERROR,0,ERROR,,,HTTP 429 for https://www.wikidata.org/w/api.php?action=wbsearchentities&format=json&language=en&type=item&limit=5&search=Patina+%28Consulting+Services%29
PatternEx,13-Oct-2021,Merger/Acquisition,"""San Jose, CA""",patternex,,Wikidata,ERROR,0,ERROR,,,HTTP 429 for https://www.wikidata.org/w/api.php?action=wbsearchentities&format=json&language=en&type=item&limit=5&search=PatternEx
PaulCamper,16-Oct-2022,Merger/Acquisition,"""Berlin, Germany""",paulcamper,,Wikidata,ERROR,0,ERROR,,,HTTP 429 for https://www.wikidata.org/w/api.php?action=wbsearchentities&format=json&language=en&type=item&limit=5&search=PaulCamper
Paw Print Genetics,09-Dec-2021,Merger/Acquisition,"""Lincoln, NE""",paw print genetics,,Wikidata,ERROR,0,ERROR,,,HTTP 429 for https://www.wikidata.org/w/api.php?action=wbsearchentities&format=json&language=en&type=item&limit=5&search=Paw+Print+Genetics
PayCertify,07-Jul-2021,Merger/Acquisition,"""Reno, NV""",paycertify,,Wikidata,ERROR,0,ERROR,,,HTTP 429 for https://www.wikidata.org/w/api.php?action=wbsearchentities&format=json&language=en&type=item&limit=5&search=PayCertify
PayComet,27-Feb-2023,Merger/Acquisition,"""Madrid, Spain""",paycomet,,Wikidata,ERROR,0,ERROR,,,HTTP 429 for https://www.wikidata.org/w/api.php?action=wbsearchentities&format=json&language=en&type=item&limit=5&search=PayComet
PayGreen,06-Jun-2025,Merger/Acquisition,"""Paris, France""",paygreen,,Wikidata,ERROR,0,ERROR,,,HTTP 429 for https://www.wikidata.org/w/api.php?action=wbsearchentities&format=json&language=en&type=item&limit=5&search=PayGreen
Payix,29-Dec-2021,Merger/Acquisition,"""Bedford, TX""",payix,,Wikidata,ERROR,0,ERROR,,,HTTP 429 for https://www.wikidata.org/w/api.php?action=wbsearchentities&format=json&language=en&type=item&limit=5&search=Payix
Payoneer (NAS: PAYO),28-Jun-2021,Reverse Merger,"""New York, NY""",payoneer,,Wikidata,ERROR,0,ERROR,,,HTTP 429 for https://www.wikidata.org/w/api.php?action=wbsearchentities&format=json&language=en&type=item&limit=5&search=Payoneer
Payrailz,31-Aug-2022,Merger/Acquisition,"""Glastonbury, CT""",payrailz,,Wikidata,ERROR,0,ERROR,,,HTTP 429 for https://www.wikidata.org/w/api.php?action=wbsearchentities&format=json&language=en&type=item&limit=5&search=Payrailz
Payrix,23-Dec-2021,Merger/Acquisition,"""Frisco, TX""",payrix,,Wikidata,ERROR,0,ERROR,,,HTTP 429 for https://www.wikidata.org/w/api.php?action=wbsearchentities&format=json&language=en&type=item&limit=5&search=Payrix
PayU,01-Aug-2023,Merger/Acquisition,"""Amsterdam, Netherlands""",payu,,Wikidata,ERROR,0,ERROR,,,HTTP 429 for https://www.wikidata.org/w/api.php?action=wbsearchentities&format=json&language=en&type=item&limit=5&search=PayU
PayVeris,01-Sep-2021,Merger/Acquisition,"""Cromwell, CT""",payveris,,Wikidata,ERROR,0,ERROR,,,HTTP 429 for https://www.wikidata.org/w/api.php?action=wbsearchentities&format=json&language=en&type=item&limit=5&search=PayVeris
Payzer,26-Oct-2023,Merger/Acquisition,"""Charlotte, NC""",payzer,,Wikidata,ERROR,0,ERROR,,,HTTP 429 for https://www.wikidata.org/w/api.php?action=wbsearchentities&format=json&language=en&type=item&limit=5&search=Payzer
Peace of Meat,10-Feb-2021,Merger/Acquisition,"""Destelbergen, Belgium""",peace of meat,,Wikidata,ERROR,0,ERROR,,,HTTP 429 for https://www.wikidata.org/w/api.php?action=wbsearchentities&format=json&language=en&type=item&limit=5&search=Peace+of+Meat
Peak,07-Mar-2025,Merger/Acquisition,"""Manchester, United Kingdom""",peak,,Wikidata,ERROR,0,ERROR,,,HTTP 429 for https://www.wikidata.org/w/api.php?action=wbsearchentities&format=json&language=en&type=item&limit=5&search=Peak
Peak Brain Training,18-Mar-2021,Merger/Acquisition,"""London, United Kingdom""",peak brain training,,Wikidata,ERROR,0,ERROR,,,HTTP 429 for https://www.wikidata.org/w/api.php?action=wbsearchentities&format=json&language=en&type=item&limit=5&search=Peak+Brain+Training
Peakon,09-Mar-2021,Merger/Acquisition,"""Copenhagen, Denmark""",peakon,,Wikidata,ERROR,0,ERROR,,,HTTP 429 for https://www.wikidata.org/w/api.php?action=wbsearchentities&format=json&language=en&type=item&limit=5&search=Peakon
Pear Therapeutics,03-Dec-2021,Reverse Merger,"""Boston, MA""",pear therapeutics,,Wikidata,ERROR,0,ERROR,,,HTTP 429 for https://www.wikidata.org/w/api.php?action=wbsearchentities&format=json&language=en&type=item&limit=5&search=Pear+Therapeutics
Peerboard,03-Apr-2023,Merger/Acquisition,"""Wilmington, DE""",peerboard,,Wikidata,ERROR,0,ERROR,,,HTTP 429 for https://www.wikidata.org/w/api.php?action=wbsearchentities&format=json&language=en&type=item&limit=5&search=Peerboard
PEKAT VISION,21-Mar-2022,Merger/Acquisition,"""Brno, Czech Republic""",pekat vision,,Wikidata,ERROR,0,ERROR,,,HTTP 429 for https://www.wikidata.org/w/api.php?action=wbsearchentities&format=json&language=en&type=item&limit=5&search=PEKAT+VISION
Peltarion,13-Jun-2022,Merger/Acquisition,"""Stockholm, Sweden""",peltarion,,Wikidata,ERROR,0,ERROR,,,HTTP 429 for https://www.wikidata.org/w/api.php?action=wbsearchentities&format=json&language=en&type=item&limit=5&search=Peltarion
Pensando,26-May-2022,Merger/Acquisition,"""Milpitas, CA""",pensando,,Wikidata,ERROR,0,ERROR,,,HTTP 429 for https://www.wikidata.org/w/api.php?action=wbsearchentities&format=json&language=en&type=item&limit=5&search=Pensando
PensionBee Group (LON: PBEE),21-Apr-2021,IPO,"""London, United Kingdom""",pensionbee,,Wikidata,ERROR,0,ERROR,,,HTTP 429 for https://www.wikidata.org/w/api.php?action=wbsearchentities&format=json&language=en&type=item&limit=5&search=PensionBee+Group
Penta Fintech,03-Jul-2022,Merger/Acquisition,"""Berlin, Germany""",penta fintech,,Wikidata,ERROR,0,ERROR,,,HTTP 429 for https://www.wikidata.org/w/api.php?action=wbsearchentities&format=json&language=en&type=item&limit=5&search=Penta+Fintech
Pentavere,01-Dec-2023,Merger/Acquisition,"""Toronto, Canada""",pentavere,,Wikidata,ERROR,0,ERROR,,,HTTP 429 for https://www.wikidata.org/w/api.php?action=wbsearchentities&format=json&language=en&type=item&limit=5&search=Pentavere
Pentixapharm Holding (FRA: PTP),16-Apr-2021,Merger/Acquisition,"""Wurzburg, Germany""",pentixapharm,,Wikidata,ERROR,0,ERROR,,,HTTP 429 for https://www.wikidata.org/w/api.php?action=wbsearchentities&format=json&language=en&type=item&limit=5&search=Pentixapharm+Holding
Pento,13-Feb-2024,Merger/Acquisition,"""London, United Kingdom""",pento,,Wikidata,ERROR,0,ERROR,,,HTTP 429 for https://www.wikidata.org/w/api.php?action=wbsearchentities&format=json&language=en&type=item&limit=5&search=Pento
Peoplehood,06-Aug-2025,Merger/Acquisition,"""New York, NY""",peoplehood,,Wikidata,ERROR,0,ERROR,,,HTTP 429 for https://www.wikidata.org/w/api.php?action=wbsearchentities&format=json&language=en&type=item&limit=5&search=Peoplehood
PepGen (NAS: PEPG),06-May-2022,IPO,"""Boston, MA""",pepgen,,Wikidata,ERROR,0,ERROR,,,HTTP 429 for https://www.wikidata.org/w/api.php?action=wbsearchentities&format=json&language=en&type=item&limit=5&search=PepGen
Pepins,28-Oct-2021,Buyout/LBO,"""Stockholm, Sweden""",pepins,,Wikidata,ERROR,0,ERROR,,,HTTP 429 for https://www.wikidata.org/w/api.php?action=wbsearchentities&format=json&language=en&type=item&limit=5&search=Pepins
Peraso (NAS: PRSO),17-Dec-2021,Reverse Merger,"""San Jose, CA""",peraso,,Wikidata,ERROR,0,ERROR,,,HTTP 429 for https://www.wikidata.org/w/api.php?action=wbsearchentities&format=json&language=en&type=item&limit=5&search=Peraso
Perception Point,05-Dec-2024,Merger/Acquisition,"""Boston, MA""",perception point,,Wikidata,ERROR,0,ERROR,,,HTTP 429 for https://www.wikidata.org/w/api.php?action=wbsearchentities&format=json&language=en&type=item&limit=5&search=Perception+Point
Perch (Electronic Equipment and Instruments),04-Jun-2025,Merger/Acquisition,"""Cambridge, MA""",perch (electronic equipment and instruments),,Wikidata,ERROR,0,ERROR,,,HTTP 429 for https://www.wikidata.org/w/api.php?action=wbsearchentities&format=json&language=en&type=item&limit=5&search=Perch+%28Electronic+Equipment+and+Instruments%29
PeriShip,22-Apr-2022,Merger/Acquisition,"""Branford, CT""",periship,,Wikidata,ERROR,0,ERROR,,,HTTP 429 for https://www.wikidata.org/w/api.php?action=wbsearchentities&format=json&language=en&type=item&limit=5&search=PeriShip
Perkbox,20-Feb-2024,Buyout/LBO,"""London, United Kingdom""",perkbox,,Wikidata,ERROR,0,ERROR,,,HTTP 429 for https://www.wikidata.org/w/api.php?action=wbsearchentities&format=json&language=en&type=item&limit=5&search=Perkbox
Perpetua (Business/Productivity Software),15-Apr-2021,Merger/Acquisition,"""Portsmouth, NH""",perpetua (business/productivity software),,Wikidata,ERROR,0,ERROR,,,HTTP 429 for https://www.wikidata.org/w/api.php?action=wbsearchentities&format=json&language=en&type=item&limit=5&search=Perpetua+%28Business%2FProductivity+Software%29
PersistIQ,26-Feb-2021,Merger/Acquisition,"""San Mateo, CA""",persistiq,,Wikidata,ERROR,0,ERROR,,,HTTP 429 for https://www.wikidata.org/w/api.php?action=wbsearchentities&format=json&language=en&type=item&limit=5&search=PersistIQ
Personal Genome Diagnostics,18-Feb-2022,Merger/Acquisition,"""Baltimore, MD""",personal genome diagnostics,,Wikidata,ERROR,0,ERROR,,,HTTP 429 for https://www.wikidata.org/w/api.php?action=wbsearchentities&format=json&language=en&type=item&limit=5&search=Personal+Genome+Diagnostics
Petabyte Technology,07-Nov-2022,Merger/Acquisition,"""Bellevue, WA""",petabyte technology,,Wikidata,ERROR,0,ERROR,,,HTTP 429 for https://www.wikidata.org/w/api.php?action=wbsearchentities&format=json&language=en&type=item&limit=5&search=Petabyte+Technology
PF WaterWorks,04-Nov-2024,Merger/Acquisition,"""Houston, TX""",pf waterworks,,Wikidata,ERROR,0,ERROR,,,HTTP 429 for https://www.wikidata.org/w/api.php?action=wbsearchentities&format=json&language=en&type=item&limit=5&search=PF+WaterWorks
PFS Genomics,03-May-2021,Merger/Acquisition,"""Vancouver, Canada""",pfs genomics,,Wikidata,ERROR,0,ERROR,,,HTTP 429 for https://www.wikidata.org/w/api.php?action=wbsearchentities&format=json&language=en&type=item&limit=5&search=PFS+Genomics
PFSN,22-Mar-2023,Merger/Acquisition,"""Bristol, CT""",pfsn,,Wikidata,ERROR,0,ERROR,,,HTTP 429 for https://www.wikidata.org/w/api.php?action=wbsearchentities&format=json&language=en&type=item&limit=5&search=PFSN
Pharmiva,31-Mar-2021,IPO,"""Lund, Sweden""",pharmiva,,Wikidata,ERROR,0,ERROR,,,HTTP 429 for https://www.wikidata.org/w/api.php?action=wbsearchentities&format=json&language=en&type=item&limit=5&search=Pharmiva
Pharvaris (NAS: PHVS),05-Feb-2021,IPO,"""Zug, Switzerland""",pharvaris,,Wikidata,ERROR,0,ERROR,,,HTTP 429 for https://www.wikidata.org/w/api.php?action=wbsearchentities&format=json&language=en&type=item&limit=5&search=Pharvaris
Phasya,05-Aug-2021,Merger/Acquisition,"""Seraing, Belgium""",phasya,,Wikidata,ERROR,0,ERROR,,,HTTP 429 for https://www.wikidata.org/w/api.php?action=wbsearchentities&format=json&language=en&type=item&limit=5&search=Phasya
PhenomeX,02-Oct-2023,Merger/Acquisition,"""Emeryville, CA""",phenomex,,Wikidata,ERROR,0,ERROR,,,HTTP 429 for https://www.wikidata.org/w/api.php?action=wbsearchentities&format=json&language=en&type=item&limit=5&search=PhenomeX
Pherecydes Pharma,05-Feb-2021,IPO,"""Nantes, France""",pherecydes pharma,,Wikidata,ERROR,0,ERROR,,,HTTP 429 for https://www.wikidata.org/w/api.php?action=wbsearchentities&format=json&language=en&type=item&limit=5&search=Pherecydes+Pharma
Phoenix Health & Safety,25-Oct-2024,Merger/Acquisition,"""Cannock, United Kingdom""",phoenix health and safety,,Wikidata,ERROR,0,ERROR,,,HTTP 429 for https://www.wikidata.org/w/api.php?action=wbsearchentities&format=json&language=en&type=item&limit=5&search=Phoenix+Health+%26+Safety
Phoenix Motorcars (PINX: PEVMD),08-Jun-2022,IPO,"""Anaheim, CA""",phoenix motorcars,,Wikidata,ERROR,0,ERROR,,,HTTP 429 for https://www.wikidata.org/w/api.php?action=wbsearchentities&format=json&language=en&type=item&limit=5&search=Phoenix+Motorcars
Phone.com (Communication Software),26-Dec-2025,Merger/Acquisition,"""Newark, NJ""",phonecom (communication software),,Wikidata,ERROR,0,ERROR,,,HTTP 429 for https://www.wikidata.org/w/api.php?action=wbsearchentities&format=json&language=en&type=item&limit=5&search=Phone.com+%28Communication+Software%29
PhysioAssist,14-Sep-2023,Merger/Acquisition,"""Aix-en-Provence, France""",physioassist,,Wikidata,ERROR,0,ERROR,,,HTTP 429 for https://www.wikidata.org/w/api.php?action=wbsearchentities&format=json&language=en&type=item&limit=5&search=PhysioAssist
Physitrack (STO: PTRK),18-Jun-2021,IPO,"""London, United Kingdom""",physitrack,,Wikidata,ERROR,0,ERROR,,,HTTP 429 for https://www.wikidata.org/w/api.php?action=wbsearchentities&format=json&language=en&type=item&limit=5&search=Physitrack
Picard Medical (ASE: PMI),29-Aug-2025,IPO,"""Tucson, AZ""",picard medical,,Wikidata,ERROR,0,ERROR,,,HTTP 429 for https://www.wikidata.org/w/api.php?action=wbsearchentities&format=json&language=en&type=item&limit=5&search=Picard+Medical
Pickpocket,13-Jan-2021,Merger/Acquisition,"""San Francisco, CA""",pickpocket,,Wikidata,ERROR,0,ERROR,,,HTTP 429 for https://www.wikidata.org/w/api.php?action=wbsearchentities&format=json&language=en&type=item&limit=5&search=Pickpocket
Picky Bars,03-May-2021,Merger/Acquisition,"""Bend, OR""",picky bars,,Wikidata,ERROR,0,ERROR,,,HTTP 429 for https://www.wikidata.org/w/api.php?action=wbsearchentities&format=json&language=en&type=item&limit=5&search=Picky+Bars
Picodi,26-Feb-2021,Merger/Acquisition,"""Krakow, Poland""",picodi,,Wikidata,ERROR,0,ERROR,,,HTTP 429 for https://www.wikidata.org/w/api.php?action=wbsearchentities&format=json&language=en&type=item&limit=5&search=Picodi
Piedmont Animal Health,27-Jul-2022,Merger/Acquisition,"""Greensboro, NC""",piedmont animal health,,Wikidata,ERROR,0,ERROR,,,HTTP 429 for https://www.wikidata.org/w/api.php?action=wbsearchentities&format=json&language=en&type=item&limit=5&search=Piedmont+Animal+Health
Piedmont Bank,10-Jan-2025,Merger/Acquisition,"""Peachtree Corners, GA""",piedmont bank,,Wikidata,ERROR,0,ERROR,,,HTTP 429 for https://www.wikidata.org/w/api.php?action=wbsearchentities&format=json&language=en&type=item&limit=5&search=Piedmont+Bank
Pila Pharma (STO: PILA),15-Jul-2021,IPO,"""Malmo, Sweden""",pila pharma,,Wikidata,ERROR,0,ERROR,,,HTTP 429 for https://www.wikidata.org/w/api.php?action=wbsearchentities&format=json&language=en&type=item&limit=5&search=Pila+Pharma
Pilates Metrics,15-Apr-2021,Merger/Acquisition,"""Modesto, CA""",pilates metrics,,Wikidata,ERROR,0,ERROR,,,HTTP 429 for https://www.wikidata.org/w/api.php?action=wbsearchentities&format=json&language=en&type=item&limit=5&search=Pilates+Metrics
Pilloxa,28-Nov-2022,Merger/Acquisition,"""Stockholm, Sweden""",pilloxa,,Wikidata,ERROR,0,ERROR,,,HTTP 429 for https://www.wikidata.org/w/api.php?action=wbsearchentities&format=json&language=en&type=item&limit=5&search=Pilloxa
Pineapple Financial (ASE: PAPL),01-Nov-2023,IPO,"""Toronto, Canada""",pineapple financial,,Wikidata,ERROR,0,ERROR,,,HTTP 429 for https://www.wikidata.org/w/api.php?action=wbsearchentities&format=json&language=en&type=item&limit=5&search=Pineapple+Financial
PinnacleCare,01-Jul-2021,Merger/Acquisition,"""Baltimore, MD""",pinnaclecare,,Wikidata,ERROR,0,ERROR,,,HTTP 429 for https://www.wikidata.org/w/api.php?action=wbsearchentities&format=json&language=en&type=item&limit=5&search=PinnacleCare
PinPoint Testing,28-Mar-2023,Merger/Acquisition,"""Little Rock, AR""",pinpoint testing,,Wikidata,ERROR,0,ERROR,,,HTTP 429 for https://www.wikidata.org/w/api.php?action=wbsearchentities&format=json&language=en&type=item&limit=5&search=PinPoint+Testing
Pionyr Immunotherapeutics,04-Aug-2023,Merger/Acquisition,"""South San Francisco, CA""",pionyr immunotherapeutics,,Wikidata,ERROR,0,ERROR,,,HTTP 429 for https://www.wikidata.org/w/api.php?action=wbsearchentities&format=json&language=en&type=item&limit=5&search=Pionyr+Immunotherapeutics
Pishposh (Internet Retail),08-Mar-2023,IPO,"""Lakewood, NJ""",pishposh (internet retail),,Wikidata,ERROR,0,ERROR,,,HTTP 429 for https://www.wikidata.org/w/api.php?action=wbsearchentities&format=json&language=en&type=item&limit=5&search=Pishposh+%28Internet+Retail%29
Pivot Financial,21-Sep-2021,Buyout/LBO,"""Toronto, Canada""",pivot financial,,Wikidata,ERROR,0,ERROR,,,HTTP 429 for https://www.wikidata.org/w/api.php?action=wbsearchentities&format=json&language=en&type=item&limit=5&search=Pivot+Financial
Pivot3,22-Jul-2021,Merger/Acquisition,"""Spring, TX""",pivot3,,Wikidata,ERROR,0,ERROR,,,HTTP 429 for https://www.wikidata.org/w/api.php?action=wbsearchentities&format=json&language=en&type=item&limit=5&search=Pivot3
Pivotal Systems,13-Nov-2023,Merger/Acquisition,"""Fremont, CA""",pivotal systems,,Wikidata,ERROR,0,ERROR,,,HTTP 429 for https://www.wikidata.org/w/api.php?action=wbsearchentities&format=json&language=en&type=item&limit=5&search=Pivotal+Systems
PixelMe,01-Oct-2021,Merger/Acquisition,"""Paris, France""",pixelme,,Wikidata,ERROR,0,ERROR,,,HTTP 429 for https://www.wikidata.org/w/api.php?action=wbsearchentities&format=json&language=en&type=item&limit=5&search=PixelMe
PixelPin,18-Mar-2021,Merger/Acquisition,"""Cheltenham, United Kingdom""",pixelpin,,Wikidata,ERROR,0,ERROR,,,HTTP 429 for https://www.wikidata.org/w/api.php?action=wbsearchentities&format=json&language=en&type=item&limit=5&search=PixelPin
Pixfam (NGM: PIXFAM),17-Sep-2021,IPO,"""Stockholm, Sweden""",pixfam,,Wikidata,ERROR,0,ERROR,,,HTTP 429 for https://www.wikidata.org/w/api.php?action=wbsearchentities&format=json&language=en&type=item&limit=5&search=Pixfam
Pixonic,01-Sep-2022,Merger/Acquisition,"""Limassol, Cyprus""",pixonic,,Wikidata,ERROR,0,ERROR,,,HTTP 429 for https://www.wikidata.org/w/api.php?action=wbsearchentities&format=json&language=en&type=item&limit=5&search=Pixonic
Plan A,07-Jan-2026,Merger/Acquisition,"""Berlin, Germany""",plan a,,Wikidata,ERROR,0,ERROR,,,HTTP 429 for https://www.wikidata.org/w/api.php?action=wbsearchentities&format=json&language=en&type=item&limit=5&search=Plan+A
Planck Aerosystems,17-Aug-2022,Merger/Acquisition,"""San Diego, CA""",planck aerosystems,,Wikidata,ERROR,0,ERROR,,,HTTP 429 for https://www.wikidata.org/w/api.php?action=wbsearchentities&format=json&language=en&type=item&limit=5&search=Planck+Aerosystems
Planday,03-Mar-2021,Merger/Acquisition,"""Copenhagen, Denmark""",planday,,Wikidata,ERROR,0,ERROR,,,HTTP 429 for https://www.wikidata.org/w/api.php?action=wbsearchentities&format=json&language=en&type=item&limit=5&search=Planday
Planet Found Energy Development,07-Nov-2022,Merger/Acquisition,"""Pocomoke, MD""",planet found energy development,,Wikidata,ERROR,0,ERROR,,,HTTP 429 for https://www.wikidata.org/w/api.php?action=wbsearchentities&format=json&language=en&type=item&limit=5&search=Planet+Found+Energy+Development
Planet Labs (NYS: PL),07-Dec-2021,Reverse Merger,"""San Francisco, CA""",planet labs,,Wikidata,ERROR,0,ERROR,,,HTTP 429 for https://www.wikidata.org/w/api.php?action=wbsearchentities&format=json&language=en&type=item&limit=5&search=Planet+Labs
Planethic Group (FRA: VEZ),10-Nov-2021,IPO,"""Ludwigsfelde, Germany""",planethic,,Wikidata,ERROR,0,ERROR,,,HTTP 429 for https://www.wikidata.org/w/api.php?action=wbsearchentities&format=json&language=en&type=item&limit=5&search=Planethic+Group
Planetly,08-Oct-2021,Merger/Acquisition,"""Berlin, Germany""",planetly,,Wikidata,ERROR,0,ERROR,,,HTTP 429 for https://www.wikidata.org/w/api.php?action=wbsearchentities&format=json&language=en&type=item&limit=5&search=Planetly
Plastiq,31-Jul-2023,Merger/Acquisition,"""San Francisco, CA""",plastiq,,Wikidata,ERROR,0,ERROR,,,HTTP 429 for https://www.wikidata.org/w/api.php?action=wbsearchentities&format=json&language=en&type=item&limit=5&search=Plastiq
Playdemic,20-Sep-2021,Merger/Acquisition,"""London, United Kingdom""",playdemic,,Wikidata,ERROR,0,ERROR,,,HTTP 429 for https://www.wikidata.org/w/api.php?action=wbsearchentities&format=json&language=en&type=item&limit=5&search=Playdemic
Playdigious,31-May-2021,Merger/Acquisition,"""Nancy, France""",playdigious,,Wikidata,ERROR,0,ERROR,,,HTTP 429 for https://www.wikidata.org/w/api.php?action=wbsearchentities&format=json&language=en&type=item&limit=5&search=Playdigious
"""Playmaker (Movies, Music and Entertainment)""",03-Jul-2023,Merger/Acquisition,"""Deerfield Beach, FL""",playmaker (movies music and entertainment),,Wikidata,ERROR,0,ERROR,,,HTTP 429 for https://www.wikidata.org/w/api.php?action=wbsearchentities&format=json&language=en&type=item&limit=5&search=%22Playmaker+%28Movies%2C+Music+and+Entertainment%29%22
Playmaker Capital,03-Jun-2021,Reverse Merger,"""Toronto, Canada""",playmaker capital,,Wikidata,ERROR,0,ERROR,,,HTTP 429 for https://www.wikidata.org/w/api.php?action=wbsearchentities&format=json&language=en&type=item&limit=5&search=Playmaker+Capital
Playspace (Digital Collaboration Platform),09-Sep-2021,Merger/Acquisition,"""San Francisco, CA""",playspace (digital collaboration platform),,Wikidata,ERROR,0,ERROR,,,HTTP 429 for https://www.wikidata.org/w/api.php?action=wbsearchentities&format=json&language=en&type=item&limit=5&search=Playspace+%28Digital+Collaboration+Platform%29
PLAYSTUDIOS (NAS: MYPS),21-Jun-2021,Reverse Merger,"""Las Vegas, NV""",playstudios,,Wikidata,ERROR,0,ERROR,,,HTTP 429 for https://www.wikidata.org/w/api.php?action=wbsearchentities&format=json&language=en&type=item&limit=5&search=PLAYSTUDIOS
Plenish (Beverages),01-May-2021,Merger/Acquisition,"""London, United Kingdom""",plenish (beverages),,Wikidata,ERROR,0,ERROR,,,HTTP 429 for https://www.wikidata.org/w/api.php?action=wbsearchentities&format=json&language=en&type=item&limit=5&search=Plenish+%28Beverages%29
Plexian,14-Apr-2021,IPO,"""Malmo, Sweden""",plexian,,Wikidata,ERROR,0,ERROR,,,HTTP 429 for https://www.wikidata.org/w/api.php?action=wbsearchentities&format=json&language=en&type=item&limit=5&search=Plexian
PlugSurfing,01-Sep-2022,Merger/Acquisition,"""Berlin, Germany""",plugsurfing,,Wikidata,ERROR,0,ERROR,,,HTTP 429 for https://www.wikidata.org/w/api.php?action=wbsearchentities&format=json&language=en&type=item&limit=5&search=PlugSurfing
Pluma,30-Jun-2021,Merger/Acquisition,"""San Francisco, CA""",pluma,,Wikidata,ERROR,0,ERROR,,,HTTP 429 for https://www.wikidata.org/w/api.php?action=wbsearchentities&format=json&language=en&type=item&limit=5&search=Pluma
Pluribus Networks,01-Jun-2022,Merger/Acquisition,"""Santa Clara, CA""",pluribus networks,,Wikidata,ERROR,0,ERROR,,,HTTP 429 for https://www.wikidata.org/w/api.php?action=wbsearchentities&format=json&language=en&type=item&limit=5&search=Pluribus+Networks
PLUS (Consumer Non-Durables),28-Apr-2022,Merger/Acquisition,"""San Mateo, CA""",plus (consumer non-durables),,Wikidata,ERROR,0,ERROR,,,HTTP 429 for https://www.wikidata.org/w/api.php?action=wbsearchentities&format=json&language=en&type=item&limit=5&search=PLUS+%28Consumer+Non-Durables%29
PlusDental,01-Jul-2022,Merger/Acquisition,"""Berlin, Germany""",plusdental,,Wikidata,ERROR,0,ERROR,,,HTTP 429 for https://www.wikidata.org/w/api.php?action=wbsearchentities&format=json&language=en&type=item&limit=5&search=PlusDental
PlushCare,09-Jun-2021,Merger/Acquisition,"""San Francisco, CA""",plushcare,,Wikidata,ERROR,0,ERROR,,,HTTP 429 for https://www.wikidata.org/w/api.php?action=wbsearchentities&format=json&language=en&type=item&limit=5&search=PlushCare
PMD Device Solutions,29-Dec-2023,Reverse Merger,"""Cork, Ireland""",pmd device solutions,,Wikidata,ERROR,0,ERROR,,,HTTP 429 for https://www.wikidata.org/w/api.php?action=wbsearchentities&format=json&language=en&type=item&limit=5&search=PMD+Device+Solutions
PMGC Holdings (NAS: ELAB),22-Nov-2023,IPO,"""Newport Beach, CA""",pmgc,,Wikidata,ERROR,0,ERROR,,,HTTP 429 for https://www.wikidata.org/w/api.php?action=wbsearchentities&format=json&language=en&type=item&limit=5&search=PMGC+Holdings
Podchaser,01-Aug-2022,Merger/Acquisition,"""Oklahoma City, OK""",podchaser,,Wikidata,ERROR,0,ERROR,,,HTTP 429 for https://www.wikidata.org/w/api.php?action=wbsearchentities&format=json&language=en&type=item&limit=5&search=Podchaser
Podcorn,09-Mar-2021,Merger/Acquisition,"""Beverly Hills, CA""",podcorn,,Wikidata,ERROR,0,ERROR,,,HTTP 429 for https://www.wikidata.org/w/api.php?action=wbsearchentities&format=json&language=en&type=item&limit=5&search=Podcorn
Podz,17-Jun-2021,Merger/Acquisition,"""New York, NY""",podz,,Wikidata,ERROR,0,ERROR,,,HTTP 429 for https://www.wikidata.org/w/api.php?action=wbsearchentities&format=json&language=en&type=item&limit=5&search=Podz
Point Biopharma Global,30-Jun-2021,Reverse Merger,"""Indianapolis, IN""",point biopharma global,,Wikidata,ERROR,0,ERROR,,,HTTP 429 for https://www.wikidata.org/w/api.php?action=wbsearchentities&format=json&language=en&type=item&limit=5&search=Point+Biopharma+Global
Polar Security,16-May-2023,Merger/Acquisition,"""San Jose, CA""",polar security,,Wikidata,ERROR,0,ERROR,,,HTTP 429 for https://www.wikidata.org/w/api.php?action=wbsearchentities&format=json&language=en&type=item&limit=5&search=Polar+Security
Pollenity (XBUL: BEE),05-Aug-2022,IPO,"""Sofia, Bulgaria""",pollenity,,Wikidata,ERROR,0,ERROR,,,HTTP 429 for https://www.wikidata.org/w/api.php?action=wbsearchentities&format=json&language=en&type=item&limit=5&search=Pollenity
Pond5,11-May-2022,Merger/Acquisition,"""New York, NY""",pond5,,Wikidata,ERROR,0,ERROR,,,HTTP 429 for https://www.wikidata.org/w/api.php?action=wbsearchentities&format=json&language=en&type=item&limit=5&search=Pond5
Ponder,23-Oct-2023,Merger/Acquisition,"""San Mateo, CA""",ponder,,Wikidata,ERROR,0,ERROR,,,HTTP 429 for https://www.wikidata.org/w/api.php?action=wbsearchentities&format=json&language=en&type=item&limit=5&search=Ponder
Pontus Water Lentils,03-Nov-2022,Merger/Acquisition,"""Surrey, Canada""",pontus water lentils,,Wikidata,ERROR,0,ERROR,,,HTTP 429 for https://www.wikidata.org/w/api.php?action=wbsearchentities&format=json&language=en&type=item&limit=5&search=Pontus+Water+Lentils
Pony.ai (HKG: 02026),27-Nov-2024,IPO,"""Fremont, CA""",ponyai,,Wikidata,ERROR,0,ERROR,,,HTTP 429 for https://www.wikidata.org/w/api.php?action=wbsearchentities&format=json&language=en&type=item&limit=5&search=Pony.ai
Poppi,19-May-2025,Merger/Acquisition,"""Austin, TX""",poppi,,Wikidata,ERROR,0,ERROR,,,HTTP 429 for https://www.wikidata.org/w/api.php?action=wbsearchentities&format=json&language=en&type=item&limit=5&search=Poppi
Populi (Business/Productivity Software),21-Jul-2023,Merger/Acquisition,"""Avon, CT""",populi (business/productivity software),,Wikidata,ERROR,0,ERROR,,,HTTP 429 for https://www.wikidata.org/w/api.php?action=wbsearchentities&format=json&language=en&type=item&limit=5&search=Populi+%28Business%2FProductivity+Software%29
Portavita,01-Apr-2021,Merger/Acquisition,"""Amsterdam, Netherlands""",portavita,,Wikidata,ERROR,0,ERROR,,,HTTP 429 for https://www.wikidata.org/w/api.php?action=wbsearchentities&format=json&language=en&type=item&limit=5&search=Portavita
Poseida Therapeutics,08-Jan-2025,Merger/Acquisition,"""San Diego, CA""",poseida therapeutics,,Wikidata,ERROR,0,ERROR,,,HTTP 429 for https://www.wikidata.org/w/api.php?action=wbsearchentities&format=json&language=en&type=item&limit=5&search=Poseida+Therapeutics
Poshmark,14-Jan-2021,IPO,"""Redwood City, CA""",poshmark,,Wikidata,ERROR,0,ERROR,,,HTTP 429 for https://www.wikidata.org/w/api.php?action=wbsearchentities&format=json&language=en&type=item&limit=5&search=Poshmark
Posterton,06-Jan-2023,Merger/Acquisition,"""Stockholm, Sweden""",posterton,,Wikidata,ERROR,0,ERROR,,,HTTP 429 for https://www.wikidata.org/w/api.php?action=wbsearchentities&format=json&language=en&type=item&limit=5&search=Posterton
PotGuide,15-Sep-2021,Merger/Acquisition,"""Denver, CO""",potguide,,Wikidata,ERROR,0,ERROR,,,HTTP 429 for https://www.wikidata.org/w/api.php?action=wbsearchentities&format=json&language=en&type=item&limit=5&search=PotGuide
Potion (Internet Software),02-Jun-2023,Merger/Acquisition,"""Seattle, WA""",potion (internet software),,Wikidata,ERROR,0,ERROR,,,HTTP 429 for https://www.wikidata.org/w/api.php?action=wbsearchentities&format=json&language=en&type=item&limit=5&search=Potion+%28Internet+Software%29
Power (Financial Software),30-Jan-2023,Merger/Acquisition,"""New York, NY""",power (financial software),,Wikidata,ERROR,0,ERROR,,,HTTP 429 for https://www.wikidata.org/w/api.php?action=wbsearchentities&format=json&language=en&type=item&limit=5&search=Power+%28Financial+Software%29
PowerDot,15-Apr-2021,Merger/Acquisition,"""Carlsbad, CA""",powerdot,,Wikidata,ERROR,0,ERROR,,,HTTP 429 for https://www.wikidata.org/w/api.php?action=wbsearchentities&format=json&language=en&type=item&limit=5&search=PowerDot
Poynt,01-Feb-2021,Merger/Acquisition,"""Palo Alto, CA""",poynt,,Wikidata,ERROR,0,ERROR,,,HTTP 429 for https://www.wikidata.org/w/api.php?action=wbsearchentities&format=json&language=en&type=item&limit=5&search=Poynt
PozLab,06-May-2024,Merger/Acquisition,"""Poznan, Poland""",pozlab,,Wikidata,ERROR,0,ERROR,,,HTTP 429 for https://www.wikidata.org/w/api.php?action=wbsearchentities&format=json&language=en&type=item&limit=5&search=PozLab
PreCardia,28-May-2021,Merger/Acquisition,"""Saint Paul, MN""",precardia,,Wikidata,ERROR,0,ERROR,,,HTTP 429 for https://www.wikidata.org/w/api.php?action=wbsearchentities&format=json&language=en&type=item&limit=5&search=PreCardia
Preciseley Microtechnology,30-Jan-2022,Merger/Acquisition,"""Burnaby, Canada""",preciseley microtechnology,,Wikidata,ERROR,0,ERROR,,,HTTP 429 for https://www.wikidata.org/w/api.php?action=wbsearchentities&format=json&language=en&type=item&limit=5&search=Preciseley+Microtechnology
Precision Extraction Solutions,01-Oct-2021,Merger/Acquisition,"""Troy, MI""",precision extraction solutions,,Wikidata,ERROR,0,ERROR,,,HTTP 429 for https://www.wikidata.org/w/api.php?action=wbsearchentities&format=json&language=en&type=item&limit=5&search=Precision+Extraction+Solutions
Precision Healing,04-Apr-2022,Merger/Acquisition,"""Newton, MA""",precision healing,,Wikidata,ERROR,0,ERROR,,,HTTP 429 for https://www.wikidata.org/w/api.php?action=wbsearchentities&format=json&language=en&type=item&limit=5&search=Precision+Healing
Predata,30-Jun-2021,Merger/Acquisition,"""Washington, DC""",predata,,Wikidata,ERROR,0,ERROR,,,HTTP 429 for https://www.wikidata.org/w/api.php?action=wbsearchentities&format=json&language=en&type=item&limit=5&search=Predata
Predibase,18-Jul-2025,Merger/Acquisition,"""San Francisco, CA""",predibase,,Wikidata,ERROR,0,ERROR,,,HTTP 429 for https://www.wikidata.org/w/api.php?action=wbsearchentities&format=json&language=en&type=item&limit=5&search=Predibase
Predicare,10-Dec-2024,Merger/Acquisition,"""Gothenburg, Sweden""",predicare,,Wikidata,ERROR,0,ERROR,,,HTTP 429 for https://www.wikidata.org/w/api.php?action=wbsearchentities&format=json&language=en&type=item&limit=5&search=Predicare
Preligens,02-Sep-2024,Merger/Acquisition,"""Paris, France""",preligens,,Wikidata,ERROR,0,ERROR,,,HTTP 429 for https://www.wikidata.org/w/api.php?action=wbsearchentities&format=json&language=en&type=item&limit=5&search=Preligens
Prepared,02-Oct-2025,Merger/Acquisition,"""New York, NY""",prepared,,Wikidata,ERROR,0,ERROR,,,HTTP 429 for https://www.wikidata.org/w/api.php?action=wbsearchentities&format=json&language=en&type=item&limit=5&search=Prepared
Presto,21-Sep-2022,Reverse Merger,"""San Carlos, CA""",presto,,Wikidata,ERROR,0,ERROR,,,HTTP 429 for https://www.wikidata.org/w/api.php?action=wbsearchentities&format=json&language=en&type=item&limit=5&search=Presto
Prevail Therapeutics,22-Jan-2021,Merger/Acquisition,"""New York, NY""",prevail therapeutics,,Wikidata,ERROR,0,ERROR,,,HTTP 429 for https://www.wikidata.org/w/api.php?action=wbsearchentities&format=json&language=en&type=item&limit=5&search=Prevail+Therapeutics
Prevenio,02-Jul-2021,Merger/Acquisition,"""Bridgewater, NJ""",prevenio,,Wikidata,ERROR,0,ERROR,,,HTTP 429 for https://www.wikidata.org/w/api.php?action=wbsearchentities&format=json&language=en&type=item&limit=5&search=Prevenio
Preventice Solutions,01-Mar-2021,Merger/Acquisition,"""Eagan, MN""",preventice solutions,,Wikidata,ERROR,0,ERROR,,,HTTP 429 for https://www.wikidata.org/w/api.php?action=wbsearchentities&format=json&language=en&type=item&limit=5&search=Preventice+Solutions
Primary (Business/Productivity Software),09-Nov-2021,Merger/Acquisition,"""Mountain View, CA""",primary (business/productivity software),,Wikidata,ERROR,0,ERROR,,,HTTP 429 for https://www.wikidata.org/w/api.php?action=wbsearchentities&format=json&language=en&type=item&limit=5&search=Primary+%28Business%2FProductivity+Software%29
Prime Medicine (NAS: PRME),20-Oct-2022,IPO,"""Cambridge, MA""",prime medicine,,Wikidata,ERROR,0,ERROR,,,HTTP 429 for https://www.wikidata.org/w/api.php?action=wbsearchentities&format=json&language=en&type=item&limit=5&search=Prime+Medicine
PROCEPT BioRobotics (NAS: PRCT),15-Sep-2021,IPO,"""Redwood Shore, CA""",procept biorobotics,,Wikidata,ERROR,0,ERROR,,,HTTP 429 for https://www.wikidata.org/w/api.php?action=wbsearchentities&format=json&language=en&type=item&limit=5&search=PROCEPT+BioRobotics
Procore Technologies (NYS: PCOR),20-May-2021,IPO,"""Carpinteria, CA""",procore technologies,,Wikidata,ERROR,0,ERROR,,,HTTP 429 for https://www.wikidata.org/w/api.php?action=wbsearchentities&format=json&language=en&type=item&limit=5&search=Procore+Technologies
Prodfiler,01-Nov-2021,Merger/Acquisition,"""Seattle, WA""",prodfiler,,Wikidata,ERROR,0,ERROR,,,HTTP 429 for https://www.wikidata.org/w/api.php?action=wbsearchentities&format=json&language=en&type=item&limit=5&search=Prodfiler
Prodigy (Automotive),08-Apr-2021,Merger/Acquisition,"""San Francisco, CA""",prodigy (automotive),,Wikidata,ERROR,0,ERROR,,,HTTP 429 for https://www.wikidata.org/w/api.php?action=wbsearchentities&format=json&language=en&type=item&limit=5&search=Prodigy+%28Automotive%29
Profit by Paymentus,19-Dec-2022,Merger/Acquisition,"""New York, NY""",profit by paymentus,,Wikidata,ERROR,0,ERROR,,,HTTP 429 for https://www.wikidata.org/w/api.php?action=wbsearchentities&format=json&language=en&type=item&limit=5&search=Profit+by+Paymentus
Profitero,03-May-2022,Merger/Acquisition,"""Boston, MA""",profitero,,Wikidata,ERROR,0,ERROR,,,HTTP 429 for https://www.wikidata.org/w/api.php?action=wbsearchentities&format=json&language=en&type=item&limit=5&search=Profitero
Profithol (MAD: SPH),14-Dec-2021,IPO,"""Barcelona, Spain""",profithol,,Wikidata,ERROR,0,ERROR,,,HTTP 429 for https://www.wikidata.org/w/api.php?action=wbsearchentities&format=json&language=en&type=item&limit=5&search=Profithol
ProfoundBio,21-May-2024,Merger/Acquisition,"""Seattle, WA""",profoundbio,,Wikidata,ERROR,0,ERROR,,,HTTP 429 for https://www.wikidata.org/w/api.php?action=wbsearchentities&format=json&language=en&type=item&limit=5&search=ProfoundBio
ProfumeriaWeb,09-Aug-2022,Merger/Acquisition,"""Milan, Italy""",profumeriaweb,,Wikidata,ERROR,0,ERROR,,,HTTP 429 for https://www.wikidata.org/w/api.php?action=wbsearchentities&format=json&language=en&type=item&limit=5&search=ProfumeriaWeb
Progressus Clean Technologies,06-Jan-2023,Merger/Acquisition,"""Wilmington, DE""",progressus clean technologies,,Wikidata,ERROR,0,ERROR,,,HTTP 429 for https://www.wikidata.org/w/api.php?action=wbsearchentities&format=json&language=en&type=item&limit=5&search=Progressus+Clean+Technologies
Progyny Global,17-Jun-2024,Merger/Acquisition,"""Berlin, Germany""",progyny global,,Wikidata,ERROR,0,ERROR,,,HTTP 429 for https://www.wikidata.org/w/api.php?action=wbsearchentities&format=json&language=en&type=item&limit=5&search=Progyny+Global
Prolupin,10-Oct-2023,Merger/Acquisition,"""Grimmen, Germany""",prolupin,,Wikidata,ERROR,0,ERROR,,,HTTP 429 for https://www.wikidata.org/w/api.php?action=wbsearchentities&format=json&language=en&type=item&limit=5&search=Prolupin
Prometheus Biosciences,12-Mar-2021,IPO,"""San Diego, CA""",prometheus biosciences,,Wikidata,ERROR,0,ERROR,,,HTTP 429 for https://www.wikidata.org/w/api.php?action=wbsearchentities&format=json&language=en&type=item&limit=5&search=Prometheus+Biosciences
Prompt Security,05-Sep-2025,Merger/Acquisition,"""New York, NY""",prompt security,,Wikidata,ERROR,0,ERROR,,,HTTP 429 for https://www.wikidata.org/w/api.php?action=wbsearchentities&format=json&language=en&type=item&limit=5&search=Prompt+Security
Pronto Money Transfer,01-Sep-2021,Merger/Acquisition,"""Manhattan Beach, CA""",pronto money transfer,,Wikidata,ERROR,0,ERROR,,,HTTP 429 for https://www.wikidata.org/w/api.php?action=wbsearchentities&format=json&language=en&type=item&limit=5&search=Pronto+Money+Transfer
Propel Holdings (TSE: PRL),20-Oct-2021,IPO,"""Toronto, Canada""",propel,,Wikidata,ERROR,0,ERROR,,,HTTP 429 for https://www.wikidata.org/w/api.php?action=wbsearchentities&format=json&language=en&type=item&limit=5&search=Propel+Holdings
Protect AI,22-Jul-2025,Merger/Acquisition,"""Seattle, WA""",protect ai,,Wikidata,ERROR,0,ERROR,,,HTTP 429 for https://www.wikidata.org/w/api.php?action=wbsearchentities&format=json&language=en&type=item&limit=5&search=Protect+AI
ProteoMediX,15-Dec-2023,Merger/Acquisition,"""Schlieren, Switzerland""",proteomedix,,Wikidata,ERROR,0,ERROR,,,HTTP 429 for https://www.wikidata.org/w/api.php?action=wbsearchentities&format=json&language=en&type=item&limit=5&search=ProteoMediX
Proterra (Road),25-Feb-2021,Reverse Merger,"""Burlingame, CA""",proterra (road),,Wikidata,ERROR,0,ERROR,,,HTTP 429 for https://www.wikidata.org/w/api.php?action=wbsearchentities&format=json&language=en&type=item&limit=5&search=Proterra+%28Road%29
Protocol Media,26-Aug-2021,Merger/Acquisition,"""Arlington, VA""",protocol media,,Wikidata,ERROR,0,ERROR,,,HTTP 429 for https://www.wikidata.org/w/api.php?action=wbsearchentities&format=json&language=en&type=item&limit=5&search=Protocol+Media
Protocols.io,21-Jul-2023,Merger/Acquisition,"""Berkeley, CA""",protocolsio,,Wikidata,ERROR,0,ERROR,,,HTTP 429 for https://www.wikidata.org/w/api.php?action=wbsearchentities&format=json&language=en&type=item&limit=5&search=Protocols.io
Protomer Technologies,14-Jul-2021,Merger/Acquisition,"""Pasadena, CA""",protomer technologies,,Wikidata,ERROR,0,ERROR,,,HTTP 429 for https://www.wikidata.org/w/api.php?action=wbsearchentities&format=json&language=en&type=item&limit=5&search=Protomer+Technologies
Protypia,30-Jul-2022,Merger/Acquisition,"""Nashville, TN""",protypia,,Wikidata,ERROR,0,ERROR,,,HTTP 429 for https://www.wikidata.org/w/api.php?action=wbsearchentities&format=json&language=en&type=item&limit=5&search=Protypia
Provention Bio,27-Apr-2023,Merger/Acquisition,"""Red Bank, NJ""",provention bio,,Wikidata,ERROR,0,ERROR,,,HTTP 429 for https://www.wikidata.org/w/api.php?action=wbsearchentities&format=json&language=en&type=item&limit=5&search=Provention+Bio
Provision Healthcare,19-Jul-2022,Merger/Acquisition,"""Knoxville, TN""",provision healthcare,,Wikidata,ERROR,0,ERROR,,,HTTP 429 for https://www.wikidata.org/w/api.php?action=wbsearchentities&format=json&language=en&type=item&limit=5&search=Provision+Healthcare
Pry Financials,17-Mar-2022,Merger/Acquisition,"""San Francisco, CA""",pry financials,,Wikidata,ERROR,0,ERROR,,,HTTP 429 for https://www.wikidata.org/w/api.php?action=wbsearchentities&format=json&language=en&type=item&limit=5&search=Pry+Financials
PsyBio Therapeutics (STU: PSYB),19-Feb-2021,Reverse Merger,"""Denver, CO""",psybio therapeutics,,Wikidata,ERROR,0,ERROR,,,HTTP 429 for https://www.wikidata.org/w/api.php?action=wbsearchentities&format=json&language=en&type=item&limit=5&search=PsyBio+Therapeutics
PsyRx CNS Bio-Tech (TAE: PSRX),27-Jul-2021,IPO,"""London, United Kingdom""",psyrx cns bio-tech,,Wikidata,ERROR,0,ERROR,,,HTTP 429 for https://www.wikidata.org/w/api.php?action=wbsearchentities&format=json&language=en&type=item&limit=5&search=PsyRx+CNS+Bio-Tech
Public Square (Internet Retail) (NYS: PSQH),19-Jul-2023,Reverse Merger,"""West Palm Beach, FL""",public square (internet retail),,Wikidata,ERROR,0,ERROR,,,HTTP 429 for https://www.wikidata.org/w/api.php?action=wbsearchentities&format=json&language=en&type=item&limit=5&search=Public+Square+%28Internet+Retail%29
Pulmokine,26-Nov-2024,Merger/Acquisition,"""Rensselaer, NY""",pulmokine,,Wikidata,ERROR,0,ERROR,,,HTTP 429 for https://www.wikidata.org/w/api.php?action=wbsearchentities&format=json&language=en&type=item&limit=5&search=Pulmokine
PulpoAR,01-May-2022,Merger/Acquisition,"""Lewes, DE""",pulpoar,,Wikidata,ERROR,0,ERROR,,,HTTP 429 for https://www.wikidata.org/w/api.php?action=wbsearchentities&format=json&language=en&type=item&limit=5&search=PulpoAR
Pulse (Social/Platform Software),17-Jun-2021,Merger/Acquisition,"""San Francisco, CA""",pulse (social/platform software),,Wikidata,ERROR,0,ERROR,,,HTTP 429 for https://www.wikidata.org/w/api.php?action=wbsearchentities&format=json&language=en&type=item&limit=5&search=Pulse+%28Social%2FPlatform+Software%29
Pulsic,04-May-2023,Merger/Acquisition,"""Bristol, United Kingdom""",pulsic,,Wikidata,ERROR,0,ERROR,,,HTTP 429 for https://www.wikidata.org/w/api.php?action=wbsearchentities&format=json&language=en&type=item&limit=5&search=Pulsic
Pulsify (Business/Productivity Software),01-Apr-2021,Merger/Acquisition,"""Boston, MA""",pulsify (business/productivity software),,Wikidata,ERROR,0,ERROR,,,HTTP 429 for https://www.wikidata.org/w/api.php?action=wbsearchentities&format=json&language=en&type=item&limit=5&search=Pulsify+%28Business%2FProductivity+Software%29
Punch Punk Games (WAR: PPG),10-Aug-2021,IPO,"""Warsaw, Poland""",punch punk games,,Wikidata,ERROR,0,ERROR,,,HTTP 429 for https://www.wikidata.org/w/api.php?action=wbsearchentities&format=json&language=en&type=item&limit=5&search=Punch+Punk+Games
Punchh,08-Apr-2021,Merger/Acquisition,"""Austin, TX""",punchh,,Wikidata,ERROR,0,ERROR,,,HTTP 429 for https://www.wikidata.org/w/api.php?action=wbsearchentities&format=json&language=en&type=item&limit=5&search=Punchh
pure-systems,04-Oct-2023,Merger/Acquisition,"""Magdeburg, Germany""",pure-systems,,Wikidata,ERROR,0,ERROR,,,HTTP 429 for https://www.wikidata.org/w/api.php?action=wbsearchentities&format=json&language=en&type=item&limit=5&search=pure-systems
Purebread Brands (TSX: BRED),13-Jun-2022,IPO,"""Vancouver, Canada""",purebread brands,,Wikidata,ERROR,0,ERROR,,,HTTP 429 for https://www.wikidata.org/w/api.php?action=wbsearchentities&format=json&language=en&type=item&limit=5&search=Purebread+Brands
PureCycle Technologies (NAS: PCT),17-Mar-2021,Reverse Merger,"""Orlando, FL""",purecycle technologies,,Wikidata,ERROR,0,ERROR,,,HTTP 429 for https://www.wikidata.org/w/api.php?action=wbsearchentities&format=json&language=en&type=item&limit=5&search=PureCycle+Technologies
Purigen Biosystems,30-Nov-2022,Merger/Acquisition,"""Pleasanton, CA""",purigen biosystems,,Wikidata,ERROR,0,ERROR,,,HTTP 429 for https://www.wikidata.org/w/api.php?action=wbsearchentities&format=json&language=en&type=item&limit=5&search=Purigen+Biosystems
Purilogics,13-Jun-2022,Merger/Acquisition,"""Greenville, SC""",purilogics,,Wikidata,ERROR,0,ERROR,,,HTTP 429 for https://www.wikidata.org/w/api.php?action=wbsearchentities&format=json&language=en&type=item&limit=5&search=Purilogics
Puro Lighting,26-Jan-2023,Merger/Acquisition,"""Lakewood, CO""",puro lighting,,Wikidata,ERROR,0,ERROR,,,HTTP 429 for https://www.wikidata.org/w/api.php?action=wbsearchentities&format=json&language=en&type=item&limit=5&search=Puro+Lighting
Purvala Bioscience,20-Aug-2025,Merger/Acquisition,"""Cambridge, MA""",purvala bioscience,,Wikidata,ERROR,0,ERROR,,,HTTP 429 for https://www.wikidata.org/w/api.php?action=wbsearchentities&format=json&language=en&type=item&limit=5&search=Purvala+Bioscience
Push Gaming,31-Aug-2023,Merger/Acquisition,"""London, United Kingdom""",push gaming,,Wikidata,ERROR,0,ERROR,,,HTTP 429 for https://www.wikidata.org/w/api.php?action=wbsearchentities&format=json&language=en&type=item&limit=5&search=Push+Gaming
PushPushGo,08-Jul-2021,Merger/Acquisition,"""Krakow, Poland""",pushpushgo,,Wikidata,ERROR,0,ERROR,,,HTTP 429 for https://www.wikidata.org/w/api.php?action=wbsearchentities&format=json&language=en&type=item&limit=5&search=PushPushGo
Pyramid Biosciences,07-Jan-2024,Merger/Acquisition,"""Waltham, MA""",pyramid biosciences,,Wikidata,ERROR,0,ERROR,,,HTTP 429 for https://www.wikidata.org/w/api.php?action=wbsearchentities&format=json&language=en&type=item&limit=5&search=Pyramid+Biosciences
Pyxis Oncology (NAS: PYXS),08-Oct-2021,IPO,"""Boston, MA""",pyxis oncology,,Wikidata,ERROR,0,ERROR,,,HTTP 429 for https://www.wikidata.org/w/api.php?action=wbsearchentities&format=json&language=en&type=item&limit=5&search=Pyxis+Oncology
QAD Networks,01-Jan-2022,Merger/Acquisition,"""Sible Hedingham, United Kingdom""",qad networks,,Wikidata,ERROR,0,ERROR,,,HTTP 429 for https://www.wikidata.org/w/api.php?action=wbsearchentities&format=json&language=en&type=item&limit=5&search=QAD+Networks
Qapa,14-Oct-2021,Merger/Acquisition,"""Paris, France""",qapa,,Wikidata,ERROR,0,ERROR,,,HTTP 429 for https://www.wikidata.org/w/api.php?action=wbsearchentities&format=json&language=en&type=item&limit=5&search=Qapa
QEV Technologies (AMS: QEV),02-Oct-2023,Reverse Merger,"""Barcelona, Spain""",qev technologies,,Wikidata,ERROR,0,ERROR,,,HTTP 429 for https://www.wikidata.org/w/api.php?action=wbsearchentities&format=json&language=en&type=item&limit=5&search=QEV+Technologies
Qilibri,04-Sep-2023,Merger/Acquisition,"""Paris, France""",qilibri,,Wikidata,ERROR,0,ERROR,,,HTTP 429 for https://www.wikidata.org/w/api.php?action=wbsearchentities&format=json&language=en&type=item&limit=5&search=Qilibri
QIS Risk,30-Sep-2025,Merger/Acquisition,"""London, United Kingdom""",qis risk,,Wikidata,ERROR,0,ERROR,,,HTTP 429 for https://www.wikidata.org/w/api.php?action=wbsearchentities&format=json&language=en&type=item&limit=5&search=QIS+Risk
Qlucore (STO: QCORE),05-Nov-2021,IPO,"""Lund, Sweden""",qlucore,,Wikidata,ERROR,0,ERROR,,,HTTP 429 for https://www.wikidata.org/w/api.php?action=wbsearchentities&format=json&language=en&type=item&limit=5&search=Qlucore
Qmicro,11-Feb-2021,Merger/Acquisition,"""Enschede, Netherlands""",qmicro,,Wikidata,ERROR,0,ERROR,,,HTTP 429 for https://www.wikidata.org/w/api.php?action=wbsearchentities&format=json&language=en&type=item&limit=5&search=Qmicro
QNA Technology (WAR: QNA),14-Dec-2023,IPO,"""Wroclaw, Poland""",qna technology,,Wikidata,ERROR,0,ERROR,,,HTTP 429 for https://www.wikidata.org/w/api.php?action=wbsearchentities&format=json&language=en&type=item&limit=5&search=QNA+Technology
Qorix,01-Jul-2024,Merger/Acquisition,"""Munich, Germany""",qorix,,Wikidata,ERROR,0,ERROR,,,HTTP 429 for https://www.wikidata.org/w/api.php?action=wbsearchentities&format=json&language=en&type=item&limit=5&search=Qorix
Qpex,01-Jul-2023,Merger/Acquisition,"""San Diego, CA""",qpex,,Wikidata,ERROR,0,ERROR,,,HTTP 429 for https://www.wikidata.org/w/api.php?action=wbsearchentities&format=json&language=en&type=item&limit=5&search=Qpex
QRails,18-Aug-2023,Merger/Acquisition,"""Denver, CO""",qrails,,Wikidata,ERROR,0,ERROR,,,HTTP 429 for https://www.wikidata.org/w/api.php?action=wbsearchentities&format=json&language=en&type=item&limit=5&search=QRails
QSAM Biosciences,03-May-2024,Merger/Acquisition,"""Austin, TX""",qsam biosciences,,Wikidata,ERROR,0,ERROR,,,HTTP 429 for https://www.wikidata.org/w/api.php?action=wbsearchentities&format=json&language=en&type=item&limit=5&search=QSAM+Biosciences
Quadraxis,01-Dec-2022,Merger/Acquisition,"""Saint-Lo, France""",quadraxis,,Wikidata,ERROR,0,ERROR,,,HTTP 429 for https://www.wikidata.org/w/api.php?action=wbsearchentities&format=json&language=en&type=item&limit=5&search=Quadraxis
Quanergy Systems,08-Feb-2022,Reverse Merger,"""Sunnyvale, CA""",quanergy systems,,Wikidata,ERROR,0,ERROR,,,HTTP 429 for https://www.wikidata.org/w/api.php?action=wbsearchentities&format=json&language=en&type=item&limit=5&search=Quanergy+Systems
Quantib,20-Jan-2022,Merger/Acquisition,"""Rotterdam, Netherlands""",quantib,,Wikidata,ERROR,0,ERROR,,,HTTP 429 for https://www.wikidata.org/w/api.php?action=wbsearchentities&format=json&language=en&type=item&limit=5&search=Quantib
Quantum Circuits,20-Jan-2026,Merger/Acquisition,"""New Haven, CT""",quantum circuits,,Wikidata,ERROR,0,ERROR,,,HTTP 429 for https://www.wikidata.org/w/api.php?action=wbsearchentities&format=json&language=en&type=item&limit=5&search=Quantum+Circuits
Quantum Exponential Group,01-Nov-2021,IPO,"""London, United Kingdom""",quantum exponential,,Wikidata,ERROR,0,ERROR,,,HTTP 429 for https://www.wikidata.org/w/api.php?action=wbsearchentities&format=json&language=en&type=item&limit=5&search=Quantum+Exponential+Group
Quantum-Si (NAS: QSI),10-Jun-2021,Reverse Merger,"""Branford, CT""",quantum-si,,Wikidata,ERROR,0,ERROR,,,HTTP 429 for https://www.wikidata.org/w/api.php?action=wbsearchentities&format=json&language=en&type=item&limit=5&search=Quantum-Si
Qubit (Business/Productivity Software),14-Oct-2021,Merger/Acquisition,"""London, United Kingdom""",qubit (business/productivity software),,Wikidata,ERROR,0,ERROR,,,HTTP 429 for https://www.wikidata.org/w/api.php?action=wbsearchentities&format=json&language=en&type=item&limit=5&search=Qubit+%28Business%2FProductivity+Software%29
Qubitekk,27-Dec-2024,Merger/Acquisition,"""Vista, CA""",qubitekk,,Wikidata,ERROR,0,ERROR,,,HTTP 429 for https://www.wikidata.org/w/api.php?action=wbsearchentities&format=json&language=en&type=item&limit=5&search=Qubitekk
QueueDr,08-Jan-2021,Merger/Acquisition,"""San Francisco, CA""",queuedr,,Wikidata,ERROR,0,ERROR,,,HTTP 429 for https://www.wikidata.org/w/api.php?action=wbsearchentities&format=json&language=en&type=item&limit=5&search=QueueDr
Quint (United States),02-Jan-2024,Merger/Acquisition,"""Charlotte, NC""",quint (united states),,Wikidata,ERROR,0,ERROR,,,HTTP 429 for https://www.wikidata.org/w/api.php?action=wbsearchentities&format=json&language=en&type=item&limit=5&search=Quint+%28United+States%29
Quoin Pharmaceuticals (NAS: QNRX),28-Oct-2021,Reverse Merger,"""Ashburn, VA""",quoin pharmaceuticals,,Wikidata,ERROR,0,ERROR,,,HTTP 429 for https://www.wikidata.org/w/api.php?action=wbsearchentities&format=json&language=en&type=item&limit=5&search=Quoin+Pharmaceuticals
Quorate Technology,04-Aug-2021,Merger/Acquisition,"""Edinburgh, United Kingdom""",quorate technology,,Wikidata,ERROR,0,ERROR,,,HTTP 429 for https://www.wikidata.org/w/api.php?action=wbsearchentities&format=json&language=en&type=item&limit=5&search=Quorate+Technology
Qustodio,01-Aug-2022,Merger/Acquisition,"""Barcelona, Spain""",qustodio,,Wikidata,ERROR,0,ERROR,,,HTTP 429 for https://www.wikidata.org/w/api.php?action=wbsearchentities&format=json&language=en&type=item&limit=5&search=Qustodio
Rad Power Bikes,26-Jan-2026,Merger/Acquisition,"""Seattle, WA""",rad power bikes,,Wikidata,ERROR,0,ERROR,,,HTTP 429 for https://www.wikidata.org/w/api.php?action=wbsearchentities&format=json&language=en&type=item&limit=5&search=Rad+Power+Bikes
Radicle (Environmental Services (B2B)),01-Dec-2022,Merger/Acquisition,"""Calgary, Canada""",radicle (environmental services (b2b)),,Wikidata,ERROR,0,ERROR,,,HTTP 429 for https://www.wikidata.org/w/api.php?action=wbsearchentities&format=json&language=en&type=item&limit=5&search=Radicle+%28Environmental+Services+%28B2B%29%29
Radionomy Group,21-Nov-2022,Merger/Acquisition,"""Amsterdam Schiphol, Netherlands""",radionomy,,Wikidata,ERROR,0,ERROR,,,HTTP 429 for https://www.wikidata.org/w/api.php?action=wbsearchentities&format=json&language=en&type=item&limit=5&search=Radionomy+Group
Radish(Publishing),16-May-2021,Merger/Acquisition,"""New York, NY""",radish(publishing),,Wikidata,ERROR,0,ERROR,,,HTTP 429 for https://www.wikidata.org/w/api.php?action=wbsearchentities&format=json&language=en&type=item&limit=5&search=Radish%28Publishing%29
RadiSurf,17-May-2021,Buyout/LBO,"""Risskov, Denmark""",radisurf,,Wikidata,ERROR,0,ERROR,,,HTTP 429 for https://www.wikidata.org/w/api.php?action=wbsearchentities&format=json&language=en&type=item&limit=5&search=RadiSurf
Radius8,01-Mar-2021,Merger/Acquisition,"""Princeton, NJ""",radius8,,Wikidata,ERROR,0,ERROR,,,HTTP 429 for https://www.wikidata.org/w/api.php?action=wbsearchentities&format=json&language=en&type=item&limit=5&search=Radius8
Radix Motion,08-Jun-2021,Merger/Acquisition,"""San Francisco, CA""",radix motion,,Wikidata,ERROR,0,ERROR,,,HTTP 429 for https://www.wikidata.org/w/api.php?action=wbsearchentities&format=json&language=en&type=item&limit=5&search=Radix+Motion
RadTran,16-Aug-2024,Merger/Acquisition,"""Centennial, CO""",radtran,,Wikidata,ERROR,0,ERROR,,,HTTP 429 for https://www.wikidata.org/w/api.php?action=wbsearchentities&format=json&language=en&type=item&limit=5&search=RadTran
Raidix,02-Sep-2022,Merger/Acquisition,"""Saint Petersburg, Russia""",raidix,,Wikidata,ERROR,0,ERROR,,,HTTP 429 for https://www.wikidata.org/w/api.php?action=wbsearchentities&format=json&language=en&type=item&limit=5&search=Raidix
Rail (Financial Software),12-Nov-2025,Merger/Acquisition,"""Toronto, Canada""",rail (financial software),,Wikidata,ERROR,0,ERROR,,,HTTP 429 for https://www.wikidata.org/w/api.php?action=wbsearchentities&format=json&language=en&type=item&limit=5&search=Rail+%28Financial+Software%29
Rain Oncology,23-Apr-2021,IPO,"""Newark, CA""",rain oncology,,Wikidata,ERROR,0,ERROR,,,HTTP 429 for https://www.wikidata.org/w/api.php?action=wbsearchentities&format=json&language=en&type=item&limit=5&search=Rain+Oncology
RainBIO,30-Mar-2022,Merger/Acquisition,"""Raleigh, NC""",rainbio,,Wikidata,ERROR,0,ERROR,,,HTTP 429 for https://www.wikidata.org/w/api.php?action=wbsearchentities&format=json&language=en&type=item&limit=5&search=RainBIO
Raito (Network Management Software),19-Jun-2025,Merger/Acquisition,"""Brussels, Belgium""",raito (network management software),,Wikidata,ERROR,0,ERROR,,,HTTP 429 for https://www.wikidata.org/w/api.php?action=wbsearchentities&format=json&language=en&type=item&limit=5&search=Raito+%28Network+Management+Software%29
Rallybio (NAS: RLYB),29-Jul-2021,IPO,"""New Haven, CT""",rallybio,,Wikidata,ERROR,0,ERROR,,,HTTP 429 for https://www.wikidata.org/w/api.php?action=wbsearchentities&format=json&language=en&type=item&limit=5&search=Rallybio
Rand Gallery,23-Aug-2022,Merger/Acquisition,"""Dover, DE""",rand gallery,,Wikidata,ERROR,0,ERROR,,,HTTP 429 for https://www.wikidata.org/w/api.php?action=wbsearchentities&format=json&language=en&type=item&limit=5&search=Rand+Gallery
Rani Therapeutics (NAS: RANI),30-Jul-2021,IPO,"""San Jose, CA""",rani therapeutics,,Wikidata,ERROR,0,ERROR,,,HTTP 429 for https://www.wikidata.org/w/api.php?action=wbsearchentities&format=json&language=en&type=item&limit=5&search=Rani+Therapeutics
RanLOS (NGM: RLOS B),31-Mar-2023,IPO,"""M�lndal, Sweden""",ranlos,,Wikidata,ERROR,0,ERROR,,,HTTP 429 for https://www.wikidata.org/w/api.php?action=wbsearchentities&format=json&language=en&type=item&limit=5&search=RanLOS
Rapid Financial Solutions,31-Oct-2022,Merger/Acquisition,"""Logan, UT""",rapid financial solutions,,Wikidata,ERROR,0,ERROR,,,HTTP 429 for https://www.wikidata.org/w/api.php?action=wbsearchentities&format=json&language=en&type=item&limit=5&search=Rapid+Financial+Solutions
Rapid Micro Biosystems (NAS: RPID),15-Jul-2021,IPO,"""Lowell, MA""",rapid micro biosystems,,Wikidata,ERROR,0,ERROR,,,HTTP 429 for https://www.wikidata.org/w/api.php?action=wbsearchentities&format=json&language=en&type=item&limit=5&search=Rapid+Micro+Biosystems
RapidDeploy,21-Feb-2025,Merger/Acquisition,"""Austin, TX""",rapiddeploy,,Wikidata,ERROR,0,ERROR,,,HTTP 429 for https://www.wikidata.org/w/api.php?action=wbsearchentities&format=json&language=en&type=item&limit=5&search=RapidDeploy
Rapport Therapeutics (NAS: RAPP),07-Jun-2024,IPO,"""Boston, MA""",rapport therapeutics,,Wikidata,ERROR,0,ERROR,,,HTTP 429 for https://www.wikidata.org/w/api.php?action=wbsearchentities&format=json&language=en&type=item&limit=5&search=Rapport+Therapeutics
Raw Cut Television,29-Oct-2024,Merger/Acquisition,"""London, United Kingdom""",raw cut television,,Wikidata,ERROR,0,ERROR,,,HTTP 429 for https://www.wikidata.org/w/api.php?action=wbsearchentities&format=json&language=en&type=item&limit=5&search=Raw+Cut+Television
Raxium,04-May-2022,Merger/Acquisition,"""Fremont, CA""",raxium,,Wikidata,ERROR,0,ERROR,,,HTTP 429 for https://www.wikidata.org/w/api.php?action=wbsearchentities&format=json&language=en&type=item&limit=5&search=Raxium
RayzeBio,15-Sep-2023,IPO,"""San Diego, CA""",rayzebio,,Wikidata,ERROR,0,ERROR,,,HTTP 429 for https://www.wikidata.org/w/api.php?action=wbsearchentities&format=json&language=en&type=item&limit=5&search=RayzeBio
Razor Genomics,25-Feb-2021,Merger/Acquisition,"""Irvine, CA""",razor genomics,,Wikidata,ERROR,0,ERROR,,,HTTP 429 for https://www.wikidata.org/w/api.php?action=wbsearchentities&format=json&language=en&type=item&limit=5&search=Razor+Genomics
Re Mat,13-Jun-2023,Merger/Acquisition,"""Nichelino, Italy""",re mat,,Wikidata,ERROR,0,ERROR,,,HTTP 429 for https://www.wikidata.org/w/api.php?action=wbsearchentities&format=json&language=en&type=item&limit=5&search=Re+Mat
RE2 Robotics,25-Apr-2022,Merger/Acquisition,"""Pittsburgh, PA""",re2 robotics,,Wikidata,ERROR,0,ERROR,,,HTTP 429 for https://www.wikidata.org/w/api.php?action=wbsearchentities&format=json&language=en&type=item&limit=5&search=RE2+Robotics
Reacha,01-Jul-2024,Merger/Acquisition,"""Munich, Germany""",reacha,,Wikidata,ERROR,0,ERROR,,,HTTP 429 for https://www.wikidata.org/w/api.php?action=wbsearchentities&format=json&language=en&type=item&limit=5&search=Reacha
Reachbird,05-Jul-2021,Merger/Acquisition,"""Munich, Germany""",reachbird,,Wikidata,ERROR,0,ERROR,,,HTTP 429 for https://www.wikidata.org/w/api.php?action=wbsearchentities&format=json&language=en&type=item&limit=5&search=Reachbird
Readly International,09-Mar-2023,Merger/Acquisition,"""Stockholm, Sweden""",readly international,,Wikidata,ERROR,0,ERROR,,,HTTP 429 for https://www.wikidata.org/w/api.php?action=wbsearchentities&format=json&language=en&type=item&limit=5&search=Readly+International
Reallusion (ROCO: 6882),26-Apr-2022,IPO,"""San Jose, CA""",reallusion,,Wikidata,ERROR,0,ERROR,,,HTTP 429 for https://www.wikidata.org/w/api.php?action=wbsearchentities&format=json&language=en&type=item&limit=5&search=Reallusion
Reata Pharmaceuticals,26-Sep-2023,Merger/Acquisition,"""Plano, TX""",reata pharmaceuticals,,Wikidata,ERROR,0,ERROR,,,HTTP 429 for https://www.wikidata.org/w/api.php?action=wbsearchentities&format=json&language=en&type=item&limit=5&search=Reata+Pharmaceuticals
REBELLE,25-Feb-2022,IPO,"""Hamburg, Germany""",rebelle,,Wikidata,ERROR,0,ERROR,,,HTTP 429 for https://www.wikidata.org/w/api.php?action=wbsearchentities&format=json&language=en&type=item&limit=5&search=REBELLE
Recipe Products,22-Apr-2022,Merger/Acquisition,"""London, United Kingdom""",recipe products,,Wikidata,ERROR,0,ERROR,,,HTTP 429 for https://www.wikidata.org/w/api.php?action=wbsearchentities&format=json&language=en&type=item&limit=5&search=Recipe+Products
Reciprocity (Entertainment Software),16-Mar-2021,Merger/Acquisition,"""Toronto, Canada""",reciprocity (entertainment software),,Wikidata,ERROR,0,ERROR,,,HTTP 429 for https://www.wikidata.org/w/api.php?action=wbsearchentities&format=json&language=en&type=item&limit=5&search=Reciprocity+%28Entertainment+Software%29
Reclaim.ai,26-Jul-2024,Merger/Acquisition,"""San Francisco, CA""",reclaimai,,Wikidata,ERROR,0,ERROR,,,HTTP 429 for https://www.wikidata.org/w/api.php?action=wbsearchentities&format=json&language=en&type=item&limit=5&search=Reclaim.ai
Recovid Solutions,01-Jan-2022,Merger/Acquisition,"""Sevilla, Spain""",recovid solutions,,Wikidata,ERROR,0,ERROR,,,HTTP 429 for https://www.wikidata.org/w/api.php?action=wbsearchentities&format=json&language=en&type=item&limit=5&search=Recovid+Solutions
Recur Outdoors,02-Sep-2021,Merger/Acquisition,"""Newbury, MA""",recur outdoors,,Wikidata,ERROR,0,ERROR,,,HTTP 429 for https://www.wikidata.org/w/api.php?action=wbsearchentities&format=json&language=en&type=item&limit=5&search=Recur+Outdoors
Recursion Pharmaceuticals (NAS: RXRX),16-Apr-2021,IPO,"""Salt Lake City, UT""",recursion pharmaceuticals,,Wikidata,ERROR,0,ERROR,,,HTTP 429 for https://www.wikidata.org/w/api.php?action=wbsearchentities&format=json&language=en&type=item&limit=5&search=Recursion+Pharmaceuticals
Recycl8,02-May-2021,Merger/Acquisition,"""Banchory, United Kingdom""",recycl8,,Wikidata,ERROR,0,ERROR,,,HTTP 429 for https://www.wikidata.org/w/api.php?action=wbsearchentities&format=json&language=en&type=item&limit=5&search=Recycl8
Recyclus Group,19-Oct-2022,Merger/Acquisition,"""Wolverhampton, United Kingdom""",recyclus,,Wikidata,ERROR,0,ERROR,,,HTTP 429 for https://www.wikidata.org/w/api.php?action=wbsearchentities&format=json&language=en&type=item&limit=5&search=Recyclus+Group
Red Canary,01-Aug-2025,Merger/Acquisition,"""Denver, CO""",red canary,,Wikidata,ERROR,0,ERROR,,,HTTP 429 for https://www.wikidata.org/w/api.php?action=wbsearchentities&format=json&language=en&type=item&limit=5&search=Red+Canary
Red Leaf Resources,31-Dec-2025,Merger/Acquisition,"""Salt Lake City, UT""",red leaf resources,,Wikidata,ERROR,0,ERROR,,,HTTP 429 for https://www.wikidata.org/w/api.php?action=wbsearchentities&format=json&language=en&type=item&limit=5&search=Red+Leaf+Resources
RED Technologies,05-Dec-2024,Merger/Acquisition,"""Paris, France""",red technologies,,Wikidata,ERROR,0,ERROR,,,HTTP 429 for https://www.wikidata.org/w/api.php?action=wbsearchentities&format=json&language=en&type=item&limit=5&search=RED+Technologies
RedBlock,12-Jul-2021,Merger/Acquisition,"""Dover, DE""",redblock,,Wikidata,ERROR,0,ERROR,,,HTTP 429 for https://www.wikidata.org/w/api.php?action=wbsearchentities&format=json&language=en&type=item&limit=5&search=RedBlock
RedCloud (Productivity Software) (NAS: RCT),21-Mar-2025,IPO,"""London, United Kingdom""",redcloud (productivity software),,Wikidata,ERROR,0,ERROR,,,HTTP 429 for https://www.wikidata.org/w/api.php?action=wbsearchentities&format=json&language=en&type=item&limit=5&search=RedCloud+%28Productivity+Software%29
Reddit (NYS: RDDT),21-Mar-2024,IPO,"""San Francisco, CA""",reddit,,Wikidata,ERROR,0,ERROR,,,HTTP 429 for https://www.wikidata.org/w/api.php?action=wbsearchentities&format=json&language=en&type=item&limit=5&search=Reddit
RedDoor,07-Oct-2021,Merger/Acquisition,"""San Francisco, CA""",reddoor,,Wikidata,ERROR,0,ERROR,,,HTTP 429 for https://www.wikidata.org/w/api.php?action=wbsearchentities&format=json&language=en&type=item&limit=5&search=RedDoor
Redeeming Development Group,21-Feb-2024,Merger/Acquisition,"""Raleigh, NC""",redeeming development,,Wikidata,ERROR,0,ERROR,,,HTTP 429 for https://www.wikidata.org/w/api.php?action=wbsearchentities&format=json&language=en&type=item&limit=5&search=Redeeming+Development+Group
Redegal (MAD: RDG),20-Jan-2025,IPO,"""Ourense, Spain""",redegal,,Wikidata,ERROR,0,ERROR,,,HTTP 429 for https://www.wikidata.org/w/api.php?action=wbsearchentities&format=json&language=en&type=item&limit=5&search=Redegal
Redelfi (MIL: RDF),08-Jun-2022,IPO,"""Genoa, Italy""",redelfi,,Wikidata,ERROR,0,ERROR,,,HTTP 429 for https://www.wikidata.org/w/api.php?action=wbsearchentities&format=json&language=en&type=item&limit=5&search=Redelfi
Redfin,01-Jul-2025,Merger/Acquisition,"""Seattle, WA""",redfin,,Wikidata,ERROR,0,ERROR,,,HTTP 429 for https://www.wikidata.org/w/api.php?action=wbsearchentities&format=json&language=en&type=item&limit=5&search=Redfin
Redline Trading Solutions,31-Dec-2021,Merger/Acquisition,"""Woburn, MA""",redline trading solutions,,Wikidata,ERROR,0,ERROR,,,HTTP 429 for https://www.wikidata.org/w/api.php?action=wbsearchentities&format=json&language=en&type=item&limit=5&search=Redline+Trading+Solutions
Redmill Advance,31-Aug-2022,Merger/Acquisition,"""Linlithgow, United Kingdom""",redmill advance,,Wikidata,ERROR,0,ERROR,,,HTTP 429 for https://www.wikidata.org/w/api.php?action=wbsearchentities&format=json&language=en&type=item&limit=5&search=Redmill+Advance
Reed (Electronic Equipment and Instruments),04-May-2022,Merger/Acquisition,"""Concord, Canada""",reed (electronic equipment and instruments),,Wikidata,ERROR,0,ERROR,,,HTTP 429 for https://www.wikidata.org/w/api.php?action=wbsearchentities&format=json&language=en&type=item&limit=5&search=Reed+%28Electronic+Equipment+and+Instruments%29
Reflect Systems,17-Feb-2022,Merger/Acquisition,"""Richardson, TX""",reflect systems,,Wikidata,ERROR,0,ERROR,,,HTTP 429 for https://www.wikidata.org/w/api.php?action=wbsearchentities&format=json&language=en&type=item&limit=5&search=Reflect+Systems
Reflektive,01-Feb-2021,Merger/Acquisition,"""San Francisco, CA""",reflektive,,Wikidata,ERROR,0,ERROR,,,HTTP 429 for https://www.wikidata.org/w/api.php?action=wbsearchentities&format=json&language=en&type=item&limit=5&search=Reflektive
Regrello,01-Oct-2025,Merger/Acquisition,"""San Francisco, CA""",regrello,,Wikidata,ERROR,0,ERROR,,,HTTP 429 for https://www.wikidata.org/w/api.php?action=wbsearchentities&format=json&language=en&type=item&limit=5&search=Regrello
Regulus Therapeutics,25-Jun-2025,Merger/Acquisition,"""San Diego, CA""",regulus therapeutics,,Wikidata,ERROR,0,ERROR,,,HTTP 429 for https://www.wikidata.org/w/api.php?action=wbsearchentities&format=json&language=en&type=item&limit=5&search=Regulus+Therapeutics
Rehaboo!,23-Jun-2023,Merger/Acquisition,"""Helsinki, Finland""",rehaboo!,,Wikidata,ERROR,0,ERROR,,,HTTP 429 for https://www.wikidata.org/w/api.php?action=wbsearchentities&format=json&language=en&type=item&limit=5&search=Rehaboo%21
ReKTGlobal,06-Jul-2022,Merger/Acquisition,"""Weddington, NC""",rektglobal,,Wikidata,ERROR,0,ERROR,,,HTTP 429 for https://www.wikidata.org/w/api.php?action=wbsearchentities&format=json&language=en&type=item&limit=5&search=ReKTGlobal
Relationship Science,24-May-2021,Merger/Acquisition,"""London, United Kingdom""",relationship science,,Wikidata,ERROR,0,ERROR,,,HTTP 429 for https://www.wikidata.org/w/api.php?action=wbsearchentities&format=json&language=en&type=item&limit=5&search=Relationship+Science
Relevvo,09-Jun-2025,Merger/Acquisition,"""Seattle, WA""",relevvo,,Wikidata,ERROR,0,ERROR,,,HTTP 429 for https://www.wikidata.org/w/api.php?action=wbsearchentities&format=json&language=en&type=item&limit=5&search=Relevvo
Reliance Lithium Werks,15-Mar-2022,Merger/Acquisition,"""Enschede, Netherlands""",reliance lithium werks,,Wikidata,ERROR,0,ERROR,,,HTTP 429 for https://www.wikidata.org/w/api.php?action=wbsearchentities&format=json&language=en&type=item&limit=5&search=Reliance+Lithium+Werks
Relievant,17-Nov-2023,Merger/Acquisition,"""Edina, MN""",relievant,,Wikidata,ERROR,0,ERROR,,,HTTP 429 for https://www.wikidata.org/w/api.php?action=wbsearchentities&format=json&language=en&type=item&limit=5&search=Relievant
Remedy Analytics,01-Oct-2021,Merger/Acquisition,"""Milwaukee, WI""",remedy analytics,,Wikidata,ERROR,0,ERROR,,,HTTP 429 for https://www.wikidata.org/w/api.php?action=wbsearchentities&format=json&language=en&type=item&limit=5&search=Remedy+Analytics
Remine,16-Oct-2021,Merger/Acquisition,"""Vienna, VA""",remine,,Wikidata,ERROR,0,ERROR,,,HTTP 429 for https://www.wikidata.org/w/api.php?action=wbsearchentities&format=json&language=en&type=item&limit=5&search=Remine
Remitly (NAS: RELY),23-Sep-2021,IPO,"""Seattle, WA""",remitly,,Wikidata,ERROR,0,ERROR,,,HTTP 429 for https://www.wikidata.org/w/api.php?action=wbsearchentities&format=json&language=en&type=item&limit=5&search=Remitly
Remix Technologies,10-Mar-2021,Merger/Acquisition,"""San Francisco, CA""",remix technologies,,Wikidata,ERROR,0,ERROR,,,HTTP 429 for https://www.wikidata.org/w/api.php?action=wbsearchentities&format=json&language=en&type=item&limit=5&search=Remix+Technologies
RemovAid,08-Jul-2024,Merger/Acquisition,"""Lysaker, Norway""",removaid,,Wikidata,ERROR,0,ERROR,,,HTTP 429 for https://www.wikidata.org/w/api.php?action=wbsearchentities&format=json&language=en&type=item&limit=5&search=RemovAid
Renasci (Environmental Services),11-Jan-2023,Merger/Acquisition,"""Oostende, Belgium""",renasci (environmental services),,Wikidata,ERROR,0,ERROR,,,HTTP 429 for https://www.wikidata.org/w/api.php?action=wbsearchentities&format=json&language=en&type=item&limit=5&search=Renasci+%28Environmental+Services%29
Reneo Pharmaceuticals,09-Apr-2021,IPO,"""Irvine, CA""",reneo pharmaceuticals,,Wikidata,ERROR,0,ERROR,,,HTTP 429 for https://www.wikidata.org/w/api.php?action=wbsearchentities&format=json&language=en&type=item&limit=5&search=Reneo+Pharmaceuticals
Renew Home,14-Dec-2023,Buyout/LBO,"""San Francisco, CA""",renew home,,Wikidata,ERROR,0,ERROR,,,HTTP 429 for https://www.wikidata.org/w/api.php?action=wbsearchentities&format=json&language=en&type=item&limit=5&search=Renew+Home
Renovacor,02-Sep-2021,Reverse Merger,"""Greenwhich, CT""",renovacor,,Wikidata,ERROR,0,ERROR,,,HTTP 429 for https://www.wikidata.org/w/api.php?action=wbsearchentities&format=json&language=en&type=item&limit=5&search=Renovacor
RenovoRx (NAS: RNXT),26-Aug-2021,IPO,"""Mountain View, CA""",renovorx,,Wikidata,ERROR,0,ERROR,,,HTTP 429 for https://www.wikidata.org/w/api.php?action=wbsearchentities&format=json&language=en&type=item&limit=5&search=RenovoRx
RentGuarantor (LON: RGG),08-Dec-2021,IPO,"""London, United Kingdom""",rentguarantor,,Wikidata,ERROR,0,ERROR,,,HTTP 429 for https://www.wikidata.org/w/api.php?action=wbsearchentities&format=json&language=en&type=item&limit=5&search=RentGuarantor
Renty App,26-Sep-2021,Merger/Acquisition,"""Barcelona, Spain""",renty app,,Wikidata,ERROR,0,ERROR,,,HTTP 429 for https://www.wikidata.org/w/api.php?action=wbsearchentities&format=json&language=en&type=item&limit=5&search=Renty+App
RePack,15-May-2024,Merger/Acquisition,"""Helsinki, Finland""",repack,,Wikidata,ERROR,0,ERROR,,,HTTP 429 for https://www.wikidata.org/w/api.php?action=wbsearchentities&format=json&language=en&type=item&limit=5&search=RePack
RepairPal,26-Nov-2024,Merger/Acquisition,"""San Francisco, CA""",repairpal,,Wikidata,ERROR,0,ERROR,,,HTTP 429 for https://www.wikidata.org/w/api.php?action=wbsearchentities&format=json&language=en&type=item&limit=5&search=RepairPal
Repare Therapeutics,28-Jan-2026,Merger/Acquisition,"""Saint-Laurent, Canada""",repare therapeutics,,Wikidata,ERROR,0,ERROR,,,HTTP 429 for https://www.wikidata.org/w/api.php?action=wbsearchentities&format=json&language=en&type=item&limit=5&search=Repare+Therapeutics
Repeat.gg,18-Jul-2022,Merger/Acquisition,"""Palo Alto, CA""",repeatgg,,Wikidata,ERROR,0,ERROR,,,HTTP 429 for https://www.wikidata.org/w/api.php?action=wbsearchentities&format=json&language=en&type=item&limit=5&search=Repeat.gg
Replace Therapeutics,02-Jan-2024,Merger/Acquisition,"""Emeryville, CA""",replace therapeutics,,Wikidata,ERROR,0,ERROR,,,HTTP 429 for https://www.wikidata.org/w/api.php?action=wbsearchentities&format=json&language=en&type=item&limit=5&search=Replace+Therapeutics
Reposify,03-Oct-2022,Merger/Acquisition,"""San Francisco, CA""",reposify,,Wikidata,ERROR,0,ERROR,,,HTTP 429 for https://www.wikidata.org/w/api.php?action=wbsearchentities&format=json&language=en&type=item&limit=5&search=Reposify
Repstor,01-Jun-2021,Merger/Acquisition,"""Belfast, United Kingdom""",repstor,,Wikidata,ERROR,0,ERROR,,,HTTP 429 for https://www.wikidata.org/w/api.php?action=wbsearchentities&format=json&language=en&type=item&limit=5&search=Repstor
Republic Europe,01-Dec-2021,Merger/Acquisition,"""London, United Kingdom""",republic europe,,Wikidata,ERROR,0,ERROR,,,HTTP 429 for https://www.wikidata.org/w/api.php?action=wbsearchentities&format=json&language=en&type=item&limit=5&search=Republic+Europe
Rescoll,07-Jun-2023,Merger/Acquisition,"""Pessac, France""",rescoll,,Wikidata,ERROR,0,ERROR,,,HTTP 429 for https://www.wikidata.org/w/api.php?action=wbsearchentities&format=json&language=en&type=item&limit=5&search=Rescoll
"""Resi (Movies, Music and Entertainment)""",23-Aug-2021,Merger/Acquisition,"""Allen, TX""",resi (movies music and entertainment),,Wikidata,ERROR,0,ERROR,,,HTTP 429 for https://www.wikidata.org/w/api.php?action=wbsearchentities&format=json&language=en&type=item&limit=5&search=%22Resi+%28Movies%2C+Music+and+Entertainment%29%22
ResoluteAI,31-Jul-2023,Merger/Acquisition,"""New York, NY""",resoluteai,,Wikidata,ERROR,0,ERROR,,,HTTP 429 for https://www.wikidata.org/w/api.php?action=wbsearchentities&format=json&language=en&type=item&limit=5&search=ResoluteAI
Resolution Bioscience,15-Apr-2021,Merger/Acquisition,"""Redmond, WA""",resolution bioscience,,Wikidata,ERROR,0,ERROR,,,HTTP 429 for https://www.wikidata.org/w/api.php?action=wbsearchentities&format=json&language=en&type=item&limit=5&search=Resolution+Bioscience
Resonant,28-Mar-2022,Merger/Acquisition,"""Austin, TX""",resonant,,Wikidata,ERROR,0,ERROR,,,HTTP 429 for https://www.wikidata.org/w/api.php?action=wbsearchentities&format=json&language=en&type=item&limit=5&search=Resonant
ResourceX,31-Oct-2023,Merger/Acquisition,"""Denver, CO""",resourcex,,Wikidata,ERROR,0,ERROR,,,HTTP 429 for https://www.wikidata.org/w/api.php?action=wbsearchentities&format=json&language=en&type=item&limit=5&search=ResourceX
Respiratory Motion,01-Jul-2022,Merger/Acquisition,"""Watertown, MA""",respiratory motion,,Wikidata,ERROR,0,ERROR,,,HTTP 429 for https://www.wikidata.org/w/api.php?action=wbsearchentities&format=json&language=en&type=item&limit=5&search=Respiratory+Motion
Responsum (Business/Productivity Software),15-Sep-2023,Merger/Acquisition,"""Austin, TX""",responsum (business/productivity software),,Wikidata,ERROR,0,ERROR,,,HTTP 429 for https://www.wikidata.org/w/api.php?action=wbsearchentities&format=json&language=en&type=item&limit=5&search=Responsum+%28Business%2FProductivity+Software%29
Retrieve Medical (PKPH),27-Mar-2023,Reverse Merger,"""Bedminster, NJ""",retrieve medical (pkph),,Wikidata,ERROR,0,ERROR,,,HTTP 429 for https://www.wikidata.org/w/api.php?action=wbsearchentities&format=json&language=en&type=item&limit=5&search=Retrieve+Medical+%28PKPH%29
Retrogenix,30-Mar-2021,Merger/Acquisition,"""Chinley, United Kingdom""",retrogenix,,Wikidata,ERROR,0,ERROR,,,HTTP 429 for https://www.wikidata.org/w/api.php?action=wbsearchentities&format=json&language=en&type=item&limit=5&search=Retrogenix
Returnly,01-May-2021,Merger/Acquisition,"""San Francisco, CA""",returnly,,Wikidata,ERROR,0,ERROR,,,HTTP 429 for https://www.wikidata.org/w/api.php?action=wbsearchentities&format=json&language=en&type=item&limit=5&search=Returnly
Revel Bikes,25-Oct-2021,Buyout/LBO,"""Carbondale, CO""",revel bikes,,Wikidata,ERROR,0,ERROR,,,HTTP 429 for https://www.wikidata.org/w/api.php?action=wbsearchentities&format=json&language=en&type=item&limit=5&search=Revel+Bikes
Revelation BioSciences (NAS: REVB),11-Jan-2022,Reverse Merger,"""San Diego, CA""",revelation biosciences,,Wikidata,ERROR,0,ERROR,,,HTTP 429 for https://www.wikidata.org/w/api.php?action=wbsearchentities&format=json&language=en&type=item&limit=5&search=Revelation+BioSciences
Reverie Labs,23-Feb-2024,Merger/Acquisition,"""Cambridge, MA""",reverie labs,,Wikidata,ERROR,0,ERROR,,,HTTP 429 for https://www.wikidata.org/w/api.php?action=wbsearchentities&format=json&language=en&type=item&limit=5&search=Reverie+Labs
Reverse Mortgage Solutions,18-Jun-2021,Merger/Acquisition,"""Houston, TX""",reverse mortgage solutions,,Wikidata,ERROR,0,ERROR,,,HTTP 429 for https://www.wikidata.org/w/api.php?action=wbsearchentities&format=json&language=en&type=item&limit=5&search=Reverse+Mortgage+Solutions
Revibe Technologies,21-Oct-2024,Merger/Acquisition,"""Wake Forest, NC""",revibe technologies,,Wikidata,ERROR,0,ERROR,,,HTTP 429 for https://www.wikidata.org/w/api.php?action=wbsearchentities&format=json&language=en&type=item&limit=5&search=Revibe+Technologies
ReViral,06-Apr-2022,Merger/Acquisition,"""Stevenage, United Kingdom""",reviral,,Wikidata,ERROR,0,ERROR,,,HTTP 429 for https://www.wikidata.org/w/api.php?action=wbsearchentities&format=json&language=en&type=item&limit=5&search=ReViral
RevvSales,14-Oct-2022,Merger/Acquisition,"""Palo Alto, CA""",revvsales,,Wikidata,ERROR,0,ERROR,,,HTTP 429 for https://www.wikidata.org/w/api.php?action=wbsearchentities&format=json&language=en&type=item&limit=5&search=RevvSales
Reworks,31-Aug-2021,Merger/Acquisition,"""Helsinki, Finland""",reworks,,Wikidata,ERROR,0,ERROR,,,HTTP 429 for https://www.wikidata.org/w/api.php?action=wbsearchentities&format=json&language=en&type=item&limit=5&search=Reworks
Rewrite therapeutics,02-Feb-2022,Merger/Acquisition,"""Emeryville, CA""",rewrite therapeutics,,Wikidata,ERROR,0,ERROR,,,HTTP 429 for https://www.wikidata.org/w/api.php?action=wbsearchentities&format=json&language=en&type=item&limit=5&search=Rewrite+therapeutics
Rexer,20-Sep-2023,Merger/Acquisition,"""Monza, Italy""",rexer,,Wikidata,ERROR,0,ERROR,,,HTTP 429 for https://www.wikidata.org/w/api.php?action=wbsearchentities&format=json&language=en&type=item&limit=5&search=Rexer
Rezilion,23-May-2024,Merger/Acquisition,"""New York, NY""",rezilion,,Wikidata,ERROR,0,ERROR,,,HTTP 429 for https://www.wikidata.org/w/api.php?action=wbsearchentities&format=json&language=en&type=item&limit=5&search=Rezilion
Rezolve Ai (NAS: RZLV),15-Aug-2024,Reverse Merger,"""London, United Kingdom""",rezolve ai,,Wikidata,ERROR,0,ERROR,,,HTTP 429 for https://www.wikidata.org/w/api.php?action=wbsearchentities&format=json&language=en&type=item&limit=5&search=Rezolve+Ai
Rezonence,30-Sep-2021,Merger/Acquisition,"""London, United Kingdom""",rezonence,,Wikidata,ERROR,0,ERROR,,,HTTP 429 for https://www.wikidata.org/w/api.php?action=wbsearchentities&format=json&language=en&type=item&limit=5&search=Rezonence
RF Coverage (Telecommunications Service Providers),01-Jun-2021,Merger/Acquisition,"""Aarsta, Sweden""",rf coverage (telecommunications service providers),,Wikidata,ERROR,0,ERROR,,,HTTP 429 for https://www.wikidata.org/w/api.php?action=wbsearchentities&format=json&language=en&type=item&limit=5&search=RF+Coverage+%28Telecommunications+Service+Providers%29
RFiD Discovery,10-May-2021,Merger/Acquisition,"""Milton Keynes, United Kingdom""",rfid discovery,,Wikidata,ERROR,0,ERROR,,,HTTP 429 for https://www.wikidata.org/w/api.php?action=wbsearchentities&format=json&language=en&type=item&limit=5&search=RFiD+Discovery
Rhebo,26-Feb-2021,Merger/Acquisition,"""Leipzig, Germany""",rhebo,,Wikidata,ERROR,0,ERROR,,,HTTP 429 for https://www.wikidata.org/w/api.php?action=wbsearchentities&format=json&language=en&type=item&limit=5&search=Rhebo
RHEI,14-Dec-2023,Merger/Acquisition,"""Vancouver, Canada""",rhei,,Wikidata,ERROR,0,ERROR,,,HTTP 429 for https://www.wikidata.org/w/api.php?action=wbsearchentities&format=json&language=en&type=item&limit=5&search=RHEI
Rheincell Therapeutics,04-Aug-2021,Merger/Acquisition,"""Langenfeld, Germany""",rheincell therapeutics,,Wikidata,ERROR,0,ERROR,,,HTTP 429 for https://www.wikidata.org/w/api.php?action=wbsearchentities&format=json&language=en&type=item&limit=5&search=Rheincell+Therapeutics
Rhode,05-Aug-2025,Merger/Acquisition,"""Beverly Hills, CA""",rhode,,Wikidata,ERROR,0,ERROR,,,HTTP 429 for https://www.wikidata.org/w/api.php?action=wbsearchentities&format=json&language=en&type=item&limit=5&search=Rhode
Rhombus Energy Solutions,29-Jul-2022,Merger/Acquisition,"""San Diego, CA""",rhombus energy solutions,,Wikidata,ERROR,0,ERROR,,,HTTP 429 for https://www.wikidata.org/w/api.php?action=wbsearchentities&format=json&language=en&type=item&limit=5&search=Rhombus+Energy+Solutions
Riaktr,07-May-2021,Merger/Acquisition,"""Brussels, Belgium""",riaktr,,Wikidata,ERROR,0,ERROR,,,HTTP 429 for https://www.wikidata.org/w/api.php?action=wbsearchentities&format=json&language=en&type=item&limit=5&search=Riaktr
Richtech Robotics (NAS: RR),17-Nov-2023,IPO,"""Las Vegas, NV""",richtech robotics,,Wikidata,ERROR,0,ERROR,,,HTTP 429 for https://www.wikidata.org/w/api.php?action=wbsearchentities&format=json&language=en&type=item&limit=5&search=Richtech+Robotics
rideOS,17-Jun-2021,Merger/Acquisition,"""San Francisco, CA""",rideos,,Wikidata,ERROR,0,ERROR,,,HTTP 429 for https://www.wikidata.org/w/api.php?action=wbsearchentities&format=json&language=en&type=item&limit=5&search=rideOS
RIFT (IT Consulting and Outsourcing),03-Mar-2021,Merger/Acquisition,"""Chelmsford, MA""",rift (it consulting and outsourcing),,Wikidata,ERROR,0,ERROR,,,HTTP 429 for https://www.wikidata.org/w/api.php?action=wbsearchentities&format=json&language=en&type=item&limit=5&search=RIFT+%28IT+Consulting+and+Outsourcing%29
Rigetti Computing (NAS: RGTI),02-Mar-2022,Reverse Merger,"""Berkeley, CA""",rigetti computing,,Wikidata,ERROR,0,ERROR,,,HTTP 429 for https://www.wikidata.org/w/api.php?action=wbsearchentities&format=json&language=en&type=item&limit=5&search=Rigetti+Computing
RightBridge Ventures,06-Oct-2022,Reverse Merger,"""Stockholm, Sweden""",rightbridge ventures,,Wikidata,ERROR,0,ERROR,,,HTTP 429 for https://www.wikidata.org/w/api.php?action=wbsearchentities&format=json&language=en&type=item&limit=5&search=RightBridge+Ventures
RightRice,14-Jan-2022,Merger/Acquisition,"""San Francisco, CA""",rightrice,,Wikidata,ERROR,0,ERROR,,,HTTP 429 for https://www.wikidata.org/w/api.php?action=wbsearchentities&format=json&language=en&type=item&limit=5&search=RightRice
RigNet,30-Apr-2021,Merger/Acquisition,"""Houston, TX""",rignet,,Wikidata,ERROR,0,ERROR,,,HTTP 429 for https://www.wikidata.org/w/api.php?action=wbsearchentities&format=json&language=en&type=item&limit=5&search=RigNet
Riley's (Other Consumer Non-Durables),09-Jan-2024,Merger/Acquisition,"""Saint Louis, MO""",rileys (other consumer non-durables),,Wikidata,ERROR,0,ERROR,,,HTTP 429 for https://www.wikidata.org/w/api.php?action=wbsearchentities&format=json&language=en&type=item&limit=5&search=Riley%27s+%28Other+Consumer+Non-Durables%29
Riskified (NYS: RSKD),29-Jul-2021,IPO,"""New York, NY""",riskified,,Wikidata,ERROR,0,ERROR,,,HTTP 429 for https://www.wikidata.org/w/api.php?action=wbsearchentities&format=json&language=en&type=item&limit=5&search=Riskified
RiskIQ,12-Jul-2021,Merger/Acquisition,"""San Francisco, CA""",riskiq,,Wikidata,ERROR,0,ERROR,,,HTTP 429 for https://www.wikidata.org/w/api.php?action=wbsearchentities&format=json&language=en&type=item&limit=5&search=RiskIQ
Ritual Zero Proof,24-Sep-2024,Merger/Acquisition,"""Chicago, IL""",ritual zero proof,,Wikidata,ERROR,0,ERROR,,,HTTP 429 for https://www.wikidata.org/w/api.php?action=wbsearchentities&format=json&language=en&type=item&limit=5&search=Ritual+Zero+Proof
RIV Capital,19-Dec-2024,Merger/Acquisition,"""Toronto, Canada""",riv capital,,Wikidata,ERROR,0,ERROR,,,HTTP 429 for https://www.wikidata.org/w/api.php?action=wbsearchentities&format=json&language=en&type=item&limit=5&search=RIV+Capital
Rivalry (TSX: RVLY),05-Oct-2021,IPO,"""Toronto, Canada""",rivalry,,Wikidata,ERROR,0,ERROR,,,HTTP 429 for https://www.wikidata.org/w/api.php?action=wbsearchentities&format=json&language=en&type=item&limit=5&search=Rivalry
Rivian Automotive (NAS: RIVN),10-Nov-2021,IPO,"""Irvine, CA""",rivian automotive,,Wikidata,ERROR,0,ERROR,,,HTTP 429 for https://www.wikidata.org/w/api.php?action=wbsearchentities&format=json&language=en&type=item&limit=5&search=Rivian+Automotive
Rize Oncology (PINX: RZONF),21-Mar-2022,IPO,"""San Lorenzo, CA""",rize oncology,,Wikidata,ERROR,0,ERROR,,,HTTP 429 for https://www.wikidata.org/w/api.php?action=wbsearchentities&format=json&language=en&type=item&limit=5&search=Rize+Oncology
Rnwl,04-Mar-2025,Merger/Acquisition,"""Cardiff, United Kingdom""",rnwl,,Wikidata,ERROR,0,ERROR,,,HTTP 429 for https://www.wikidata.org/w/api.php?action=wbsearchentities&format=json&language=en&type=item&limit=5&search=Rnwl
Road Runner Media,01-Sep-2022,Merger/Acquisition,"""Rancho Santa Margarita, CA""",road runner media,,Wikidata,ERROR,0,ERROR,,,HTTP 429 for https://www.wikidata.org/w/api.php?action=wbsearchentities&format=json&language=en&type=item&limit=5&search=Road+Runner+Media
Road Studio (WAR: RST),12-Jan-2022,IPO,"""Warsaw, Poland""",road studio,,Wikidata,ERROR,0,ERROR,,,HTTP 429 for https://www.wikidata.org/w/api.php?action=wbsearchentities&format=json&language=en&type=item&limit=5&search=Road+Studio
RoadDB,21-Jun-2022,Merger/Acquisition,"""Grand Forks, ND""",roaddb,,Wikidata,ERROR,0,ERROR,,,HTTP 429 for https://www.wikidata.org/w/api.php?action=wbsearchentities&format=json&language=en&type=item&limit=5&search=RoadDB
Roadie (Logistics),01-Oct-2021,Merger/Acquisition,"""Atlanta, GA""",roadie (logistics),,Wikidata,ERROR,0,ERROR,,,HTTP 429 for https://www.wikidata.org/w/api.php?action=wbsearchentities&format=json&language=en&type=item&limit=5&search=Roadie+%28Logistics%29
ROADMap,30-Apr-2021,Merger/Acquisition,"""Cambridge, United Kingdom""",roadmap,,Wikidata,ERROR,0,ERROR,,,HTTP 429 for https://www.wikidata.org/w/api.php?action=wbsearchentities&format=json&language=en&type=item&limit=5&search=ROADMap
Roadster,02-Jun-2021,Merger/Acquisition,IL,roadster,,Wikidata,ERROR,0,ERROR,,,HTTP 429 for https://www.wikidata.org/w/api.php?action=wbsearchentities&format=json&language=en&type=item&limit=5&search=Roadster
Roadzen (NAS: RDZN),20-Sep-2023,Reverse Merger,"""Burlingame, CA""",roadzen,,Wikidata,ERROR,0,ERROR,,,HTTP 429 for https://www.wikidata.org/w/api.php?action=wbsearchentities&format=json&language=en&type=item&limit=5&search=Roadzen
Robinhood (NAS: HOOD),29-Jul-2021,IPO,"""Menlo Park, CA""",robinhood,,Wikidata,ERROR,0,ERROR,,,HTTP 429 for https://www.wikidata.org/w/api.php?action=wbsearchentities&format=json&language=en&type=item&limit=5&search=Robinhood
ROCA Test,27-Sep-2022,Merger/Acquisition,"""Cambridge, United Kingdom""",roca test,,Wikidata,ERROR,0,ERROR,,,HTTP 429 for https://www.wikidata.org/w/api.php?action=wbsearchentities&format=json&language=en&type=item&limit=5&search=ROCA+Test
Rocker,11-Dec-2024,Merger/Acquisition,"""Stockholm, Sweden""",rocker,,Wikidata,ERROR,0,ERROR,,,HTTP 429 for https://www.wikidata.org/w/api.php?action=wbsearchentities&format=json&language=en&type=item&limit=5&search=Rocker
Rockerbox,13-Mar-2025,Merger/Acquisition,"""New York, NY""",rockerbox,,Wikidata,ERROR,0,ERROR,,,HTTP 429 for https://www.wikidata.org/w/api.php?action=wbsearchentities&format=json&language=en&type=item&limit=5&search=Rockerbox
Rocket Lab (NAS: RKLB),20-Aug-2021,Reverse Merger,"""Long Beach, CA""",rocket lab,,Wikidata,ERROR,0,ERROR,,,HTTP 429 for https://www.wikidata.org/w/api.php?action=wbsearchentities&format=json&language=en&type=item&limit=5&search=Rocket+Lab
RocksBox,29-Mar-2021,Merger/Acquisition,"""San Francisco, CA""",rocksbox,,Wikidata,ERROR,0,ERROR,,,HTTP 429 for https://www.wikidata.org/w/api.php?action=wbsearchentities&format=json&language=en&type=item&limit=5&search=RocksBox
Rockset,21-Jun-2024,Merger/Acquisition,"""San Mateo, CA""",rockset,,Wikidata,ERROR,0,ERROR,,,HTTP 429 for https://www.wikidata.org/w/api.php?action=wbsearchentities&format=json&language=en&type=item&limit=5&search=Rockset
Rodeo Therapeutics,30-Mar-2021,Merger/Acquisition,"""Seattle, WA""",rodeo therapeutics,,Wikidata,ERROR,0,ERROR,,,HTTP 429 for https://www.wikidata.org/w/api.php?action=wbsearchentities&format=json&language=en&type=item&limit=5&search=Rodeo+Therapeutics
Roi Rekrytering,01-Feb-2022,Merger/Acquisition,"""Malmo, Sweden""",roi rekrytering,,Wikidata,ERROR,0,ERROR,,,HTTP 429 for https://www.wikidata.org/w/api.php?action=wbsearchentities&format=json&language=en&type=item&limit=5&search=Roi+Rekrytering
ROI.DNA,01-Jul-2022,Merger/Acquisition,"""Fairfax, CA""",roidna,,Wikidata,ERROR,0,ERROR,,,HTTP 429 for https://www.wikidata.org/w/api.php?action=wbsearchentities&format=json&language=en&type=item&limit=5&search=ROI.DNA
Romeo Power,14-Oct-2022,Merger/Acquisition,"""Vernon, CA""",romeo power,,Wikidata,ERROR,0,ERROR,,,HTTP 429 for https://www.wikidata.org/w/api.php?action=wbsearchentities&format=json&language=en&type=item&limit=5&search=Romeo+Power
Roomex,01-Nov-2022,Merger/Acquisition,"""Dublin, Ireland""",roomex,,Wikidata,ERROR,0,ERROR,,,HTTP 429 for https://www.wikidata.org/w/api.php?action=wbsearchentities&format=json&language=en&type=item&limit=5&search=Roomex
Root AI,07-Apr-2021,Merger/Acquisition,"""Woburn, MA""",root ai,,Wikidata,ERROR,0,ERROR,,,HTTP 429 for https://www.wikidata.org/w/api.php?action=wbsearchentities&format=json&language=en&type=item&limit=5&search=Root+AI
Roqqett,06-Jan-2023,Merger/Acquisition,"""London, United Kingdom""",roqqett,,Wikidata,ERROR,0,ERROR,,,HTTP 429 for https://www.wikidata.org/w/api.php?action=wbsearchentities&format=json&language=en&type=item&limit=5&search=Roqqett
Rovio Entertainment,17-Aug-2023,Merger/Acquisition,"""Espoo, Finland""",rovio entertainment,,Wikidata,ERROR,0,ERROR,,,HTTP 429 for https://www.wikidata.org/w/api.php?action=wbsearchentities&format=json&language=en&type=item&limit=5&search=Rovio+Entertainment
Royal Alliances,01-Jun-2021,Buyout/LBO,"""Irving, TX""",royal alliances,,Wikidata,ERROR,0,ERROR,,,HTTP 429 for https://www.wikidata.org/w/api.php?action=wbsearchentities&format=json&language=en&type=item&limit=5&search=Royal+Alliances
Royalty Management Holding (NAS: RMCO),31-Oct-2023,Reverse Merger,"""Fishers, IN""",royalty management,,Wikidata,ERROR,0,ERROR,,,HTTP 429 for https://www.wikidata.org/w/api.php?action=wbsearchentities&format=json&language=en&type=item&limit=5&search=Royalty+Management+Holding
RPM Interactive,15-Dec-2025,Merger/Acquisition,"""New Brunswick, NJ""",rpm interactive,,Wikidata,ERROR,0,ERROR,,,HTTP 429 for https://www.wikidata.org/w/api.php?action=wbsearchentities&format=json&language=en&type=item&limit=5&search=RPM+Interactive
Rubicon (Financial Services),08-Mar-2024,Merger/Acquisition,"""Tirana, Albania""",rubicon (financial services),,Wikidata,ERROR,0,ERROR,,,HTTP 429 for https://www.wikidata.org/w/api.php?action=wbsearchentities&format=json&language=en&type=item&limit=5&search=Rubicon+%28Financial+Services%29
Rubicon Technologies,15-Aug-2022,Reverse Merger,"""Atlanta, GA""",rubicon technologies,,Wikidata,ERROR,0,ERROR,,,HTTP 429 for https://www.wikidata.org/w/api.php?action=wbsearchentities&format=json&language=en&type=item&limit=5&search=Rubicon+Technologies
RubiconMD,20-Oct-2021,Merger/Acquisition,"""New York, NY""",rubiconmd,,Wikidata,ERROR,0,ERROR,,,HTTP 429 for https://www.wikidata.org/w/api.php?action=wbsearchentities&format=json&language=en&type=item&limit=5&search=RubiconMD
RubrYc Therapeutics,21-Sep-2022,Merger/Acquisition,"""San Carlos, CA""",rubryc therapeutics,,Wikidata,ERROR,0,ERROR,,,HTTP 429 for https://www.wikidata.org/w/api.php?action=wbsearchentities&format=json&language=en&type=item&limit=5&search=RubrYc+Therapeutics
Rules Based Medicine,01-Jul-2021,Merger/Acquisition,"""Austin, TX""",rules based medicine,,Wikidata,ERROR,0,ERROR,,,HTTP 429 for https://www.wikidata.org/w/api.php?action=wbsearchentities&format=json&language=en&type=item&limit=5&search=Rules+Based+Medicine
Rumble (NAS: RUM),16-Sep-2022,Reverse Merger,"""Toronto, Canada""",rumble,,Wikidata,ERROR,0,ERROR,,,HTTP 429 for https://www.wikidata.org/w/api.php?action=wbsearchentities&format=json&language=en&type=item&limit=5&search=Rumble
Runecast,01-Mar-2024,Merger/Acquisition,"""London, United Kingdom""",runecast,,Wikidata,ERROR,0,ERROR,,,HTTP 429 for https://www.wikidata.org/w/api.php?action=wbsearchentities&format=json&language=en&type=item&limit=5&search=Runecast
RunMyProcess,01-Dec-2024,Merger/Acquisition,"""Plano, TX""",runmyprocess,,Wikidata,ERROR,0,ERROR,,,HTTP 429 for https://www.wikidata.org/w/api.php?action=wbsearchentities&format=json&language=en&type=item&limit=5&search=RunMyProcess
RushFiles,28-Jun-2023,Merger/Acquisition,"""Horsens, Denmark""",rushfiles,,Wikidata,ERROR,0,ERROR,,,HTTP 429 for https://www.wikidata.org/w/api.php?action=wbsearchentities&format=json&language=en&type=item&limit=5&search=RushFiles
RxDataScience,06-Oct-2021,Merger/Acquisition,"""Morrisville, NC""",rxdatascience,,Wikidata,ERROR,0,ERROR,,,HTTP 429 for https://www.wikidata.org/w/api.php?action=wbsearchentities&format=json&language=en&type=item&limit=5&search=RxDataScience
RxSaver,30-Apr-2021,Merger/Acquisition,"""Austin, TX""",rxsaver,,Wikidata,ERROR,0,ERROR,,,HTTP 429 for https://www.wikidata.org/w/api.php?action=wbsearchentities&format=json&language=en&type=item&limit=5&search=RxSaver
Ryte,11-Jul-2024,Merger/Acquisition,"""Munich, Germany""",ryte,,Wikidata,ERROR,0,ERROR,,,HTTP 429 for https://www.wikidata.org/w/api.php?action=wbsearchentities&format=json&language=en&type=item&limit=5&search=Ryte
Rythm. (NAS: RYM),28-Jan-2021,IPO,"""Rolling Meadows, IL""",rythm,,Wikidata,ERROR,0,ERROR,,,HTTP 429 for https://www.wikidata.org/w/api.php?action=wbsearchentities&format=json&language=en&type=item&limit=5&search=Rythm.
S12 Solutions,19-Apr-2021,Merger/Acquisition,"""London, United Kingdom""",s12 solutions,,Wikidata,ERROR,0,ERROR,,,HTTP 429 for https://www.wikidata.org/w/api.php?action=wbsearchentities&format=json&language=en&type=item&limit=5&search=S12+Solutions
SAb Biotherapeutics (NAS: SABS),25-Oct-2021,Reverse Merger,"""Miami Beach, FL""",sab biotherapeutics,,Wikidata,ERROR,0,ERROR,,,HTTP 429 for https://www.wikidata.org/w/api.php?action=wbsearchentities&format=json&language=en&type=item&limit=5&search=SAb+Biotherapeutics
SafeBase,11-Feb-2025,Merger/Acquisition,"""San Diego, CA""",safebase,,Wikidata,ERROR,0,ERROR,,,HTTP 429 for https://www.wikidata.org/w/api.php?action=wbsearchentities&format=json&language=en&type=item&limit=5&search=SafeBase
Safekeep,08-Feb-2022,Merger/Acquisition,"""New York, NY""",safekeep,,Wikidata,ERROR,0,ERROR,,,HTTP 429 for https://www.wikidata.org/w/api.php?action=wbsearchentities&format=json&language=en&type=item&limit=5&search=Safekeep
Safello Group (STO: SFL),12-May-2021,IPO,"""Stockholm, Sweden""",safello,,Wikidata,ERROR,0,ERROR,,,HTTP 429 for https://www.wikidata.org/w/api.php?action=wbsearchentities&format=json&language=en&type=item&limit=5&search=Safello+Group
SafePointe,18-Aug-2023,Merger/Acquisition,"""Lake Mary, FL""",safepointe,,Wikidata,ERROR,0,ERROR,,,HTTP 429 for https://www.wikidata.org/w/api.php?action=wbsearchentities&format=json&language=en&type=item&limit=5&search=SafePointe
SafeSend,02-Jan-2025,Merger/Acquisition,"""Ann Arbor, MI""",safesend,,Wikidata,ERROR,0,ERROR,,,HTTP 429 for https://www.wikidata.org/w/api.php?action=wbsearchentities&format=json&language=en&type=item&limit=5&search=SafeSend
SafetyPay,31-Jan-2022,Merger/Acquisition,"""Aventura, FL""",safetypay,,Wikidata,ERROR,0,ERROR,,,HTTP 429 for https://www.wikidata.org/w/api.php?action=wbsearchentities&format=json&language=en&type=item&limit=5&search=SafetyPay
SafetyTek,01-Jul-2022,Merger/Acquisition,"""Saskatoon, Canada""",safetytek,,Wikidata,ERROR,0,ERROR,,,HTTP 429 for https://www.wikidata.org/w/api.php?action=wbsearchentities&format=json&language=en&type=item&limit=5&search=SafetyTek
Sage Sales Management,29-Oct-2024,Merger/Acquisition,"""Barcelona, Spain""",sage sales management,,Wikidata,ERROR,0,ERROR,,,HTTP 429 for https://www.wikidata.org/w/api.php?action=wbsearchentities&format=json&language=en&type=item&limit=5&search=Sage+Sales+Management
SAGE Therapeutics,31-Jul-2025,Merger/Acquisition,"""Cambridge, MA""",sage therapeutics,,Wikidata,ERROR,0,ERROR,,,HTTP 429 for https://www.wikidata.org/w/api.php?action=wbsearchentities&format=json&language=en&type=item&limit=5&search=SAGE+Therapeutics
Sagely Naturals,06-Jul-2021,Merger/Acquisition,"""Santa Monica, CA""",sagely naturals,,Wikidata,ERROR,0,ERROR,,,HTTP 429 for https://www.wikidata.org/w/api.php?action=wbsearchentities&format=json&language=en&type=item&limit=5&search=Sagely+Naturals
Sagent Pharmaceuticals,28-Feb-2023,Merger/Acquisition,"""Schaumburg, IL""",sagent pharmaceuticals,,Wikidata,ERROR,0,ERROR,,,HTTP 429 for https://www.wikidata.org/w/api.php?action=wbsearchentities&format=json&language=en&type=item&limit=5&search=Sagent+Pharmaceuticals
Sagimet Biosciences (NAS: SGMT),14-Jul-2023,IPO,"""San Mateo, CA""",sagimet biosciences,,Wikidata,ERROR,0,ERROR,,,HTTP 429 for https://www.wikidata.org/w/api.php?action=wbsearchentities&format=json&language=en&type=item&limit=5&search=Sagimet+Biosciences
Saisei,18-Sep-2023,Merger/Acquisition,"""Mountain View, CA""",saisei,,Wikidata,ERROR,0,ERROR,,,HTTP 429 for https://www.wikidata.org/w/api.php?action=wbsearchentities&format=json&language=en&type=item&limit=5&search=Saisei
Salo Sciences,03-Jan-2023,Merger/Acquisition,"""San Francisco, CA""",salo sciences,,Wikidata,ERROR,0,ERROR,,,HTTP 429 for https://www.wikidata.org/w/api.php?action=wbsearchentities&format=json&language=en&type=item&limit=5&search=Salo+Sciences
Salty Dot,01-Oct-2021,Merger/Acquisition,"""Park City, UT""",salty dot,,Wikidata,ERROR,0,ERROR,,,HTTP 429 for https://www.wikidata.org/w/api.php?action=wbsearchentities&format=json&language=en&type=item&limit=5&search=Salty+Dot
Samarkand Group,22-Mar-2021,IPO,"""Tonbridge, United Kingdom""",samarkand,,Wikidata,ERROR,0,ERROR,,,HTTP 429 for https://www.wikidata.org/w/api.php?action=wbsearchentities&format=json&language=en&type=item&limit=5&search=Samarkand+Group
SAMDI Tech,27-Jan-2023,Merger/Acquisition,"""Chicago, IL""",samdi tech,,Wikidata,ERROR,0,ERROR,,,HTTP 429 for https://www.wikidata.org/w/api.php?action=wbsearchentities&format=json&language=en&type=item&limit=5&search=SAMDI+Tech
Samooha,20-Dec-2023,Merger/Acquisition,"""Los Altos Hills, CA""",samooha,,Wikidata,ERROR,0,ERROR,,,HTTP 429 for https://www.wikidata.org/w/api.php?action=wbsearchentities&format=json&language=en&type=item&limit=5&search=Samooha
Samsara (NYS: IOT),15-Dec-2021,IPO,"""San Francisco, CA""",samsara,,Wikidata,ERROR,0,ERROR,,,HTTP 429 for https://www.wikidata.org/w/api.php?action=wbsearchentities&format=json&language=en&type=item&limit=5&search=Samsara
Sana Biotechnology (NAS: SANA),04-Feb-2021,IPO,"""Seattle, WA""",sana biotechnology,,Wikidata,ERROR,0,ERROR,,,HTTP 429 for https://www.wikidata.org/w/api.php?action=wbsearchentities&format=json&language=en&type=item&limit=5&search=Sana+Biotechnology
Sandbox Banking,07-Feb-2025,Merger/Acquisition,"""Cambridge, MA""",sandbox banking,,Wikidata,ERROR,0,ERROR,,,HTTP 429 for https://www.wikidata.org/w/api.php?action=wbsearchentities&format=json&language=en&type=item&limit=5&search=Sandbox+Banking
Sanifit,22-Nov-2021,Merger/Acquisition,"""Palma, Spain""",sanifit,,Wikidata,ERROR,0,ERROR,,,HTTP 429 for https://www.wikidata.org/w/api.php?action=wbsearchentities&format=json&language=en&type=item&limit=5&search=Sanifit
SAP LeanIX,07-Nov-2023,Merger/Acquisition,"""Bonn, Germany""",sap leanix,,Wikidata,ERROR,0,ERROR,,,HTTP 429 for https://www.wikidata.org/w/api.php?action=wbsearchentities&format=json&language=en&type=item&limit=5&search=SAP+LeanIX
Satalia,20-Aug-2021,Merger/Acquisition,"""London, United Kingdom""",satalia,,Wikidata,ERROR,0,ERROR,,,HTTP 429 for https://www.wikidata.org/w/api.php?action=wbsearchentities&format=json&language=en&type=item&limit=5&search=Satalia
Satelles,01-Apr-2024,Merger/Acquisition,"""Reston, VA""",satelles,,Wikidata,ERROR,0,ERROR,,,HTTP 429 for https://www.wikidata.org/w/api.php?action=wbsearchentities&format=json&language=en&type=item&limit=5&search=Satelles
Satellogic (NAS: SATL),24-Jan-2022,Reverse Merger,"""Davidson, NC""",satellogic,,Wikidata,ERROR,0,ERROR,,,HTTP 429 for https://www.wikidata.org/w/api.php?action=wbsearchentities&format=json&language=en&type=item&limit=5&search=Satellogic
Satiogen Pharmaceuticals,20-May-2022,Merger/Acquisition,"""San Diego, CA""",satiogen pharmaceuticals,,Wikidata,ERROR,0,ERROR,,,HTTP 429 for https://www.wikidata.org/w/api.php?action=wbsearchentities&format=json&language=en&type=item&limit=5&search=Satiogen+Pharmaceuticals
SatisMeter,25-May-2022,Merger/Acquisition,"""Prague, Czech Republic""",satismeter,,Wikidata,ERROR,0,ERROR,,,HTTP 429 for https://www.wikidata.org/w/api.php?action=wbsearchentities&format=json&language=en&type=item&limit=5&search=SatisMeter
SATO Technologies (TSX: SATO),25-May-2021,Reverse Merger,"""Toronto, Canada""",sato technologies,,Wikidata,ERROR,0,ERROR,,,HTTP 429 for https://www.wikidata.org/w/api.php?action=wbsearchentities&format=json&language=en&type=item&limit=5&search=SATO+Technologies
Satsuma Pharmaceuticals,08-Jun-2023,Merger/Acquisition,"""Durham, NC""",satsuma pharmaceuticals,,Wikidata,ERROR,0,ERROR,,,HTTP 429 for https://www.wikidata.org/w/api.php?action=wbsearchentities&format=json&language=en&type=item&limit=5&search=Satsuma+Pharmaceuticals
Save Money Cut Carbon,12-Jan-2026,Merger/Acquisition,"""Bury St Edmunds, United Kingdom""",save money cut carbon,,Wikidata,ERROR,0,ERROR,,,HTTP 429 for https://www.wikidata.org/w/api.php?action=wbsearchentities&format=json&language=en&type=item&limit=5&search=Save+Money+Cut+Carbon
Say,13-Aug-2021,Merger/Acquisition,"""Menlo Park, CA""",say,,Wikidata,ERROR,0,ERROR,,,HTTP 429 for https://www.wikidata.org/w/api.php?action=wbsearchentities&format=json&language=en&type=item&limit=5&search=Say
Saylent,01-Apr-2021,Merger/Acquisition,"""Boston, MA""",saylent,,Wikidata,ERROR,0,ERROR,,,HTTP 429 for https://www.wikidata.org/w/api.php?action=wbsearchentities&format=json&language=en&type=item&limit=5&search=Saylent
SberMarket,01-Jan-2021,Merger/Acquisition,"""Moscow, Russia""",sbermarket,,Wikidata,ERROR,0,ERROR,,,HTTP 429 for https://www.wikidata.org/w/api.php?action=wbsearchentities&format=json&language=en&type=item&limit=5&search=SberMarket
Scale Biosciences,20-Aug-2025,Merger/Acquisition,"""San Diego, CA""",scale biosciences,,Wikidata,ERROR,0,ERROR,,,HTTP 429 for https://www.wikidata.org/w/api.php?action=wbsearchentities&format=json&language=en&type=item&limit=5&search=Scale+Biosciences
Scalefast,23-Jun-2022,Merger/Acquisition,"""El Segundo, CA""",scalefast,,Wikidata,ERROR,0,ERROR,,,HTTP 429 for https://www.wikidata.org/w/api.php?action=wbsearchentities&format=json&language=en&type=item&limit=5&search=Scalefast
ScalmiBio,04-Oct-2021,Merger/Acquisition,"""San Carlos, CA""",scalmibio,,Wikidata,ERROR,0,ERROR,,,HTTP 429 for https://www.wikidata.org/w/api.php?action=wbsearchentities&format=json&language=en&type=item&limit=5&search=ScalmiBio
Scalyr,09-Feb-2021,Merger/Acquisition,"""San Mateo, CA""",scalyr,,Wikidata,ERROR,0,ERROR,,,HTTP 429 for https://www.wikidata.org/w/api.php?action=wbsearchentities&format=json&language=en&type=item&limit=5&search=Scalyr
Scanway (WAR: SCW),11-Oct-2023,IPO,"""Wroclaw, Poland""",scanway,,Wikidata,ERROR,0,ERROR,,,HTTP 429 for https://www.wikidata.org/w/api.php?action=wbsearchentities&format=json&language=en&type=item&limit=5&search=Scanway
SciAps,21-Aug-2024,Merger/Acquisition,"""Andover, MA""",sciaps,,Wikidata,ERROR,0,ERROR,,,HTTP 429 for https://www.wikidata.org/w/api.php?action=wbsearchentities&format=json&language=en&type=item&limit=5&search=SciAps
Scibids Technology,14-Aug-2023,Merger/Acquisition,"""Paris, France""",scibids technology,,Wikidata,ERROR,0,ERROR,,,HTTP 429 for https://www.wikidata.org/w/api.php?action=wbsearchentities&format=json&language=en&type=item&limit=5&search=Scibids+Technology
Science 37 Holdings,06-Oct-2021,Reverse Merger,"""Morrisville, NC""",science 37,,Wikidata,ERROR,0,ERROR,,,HTTP 429 for https://www.wikidata.org/w/api.php?action=wbsearchentities&format=json&language=en&type=item&limit=5&search=Science+37+Holdings
Scienture,25-Jul-2024,Reverse Merger,"""New York, NY""",scienture,,Wikidata,ERROR,0,ERROR,,,HTTP 429 for https://www.wikidata.org/w/api.php?action=wbsearchentities&format=json&language=en&type=item&limit=5&search=Scienture
Scite,01-Dec-2023,Merger/Acquisition,"""Brooklyn, NY""",scite,,Wikidata,ERROR,0,ERROR,,,HTTP 429 for https://www.wikidata.org/w/api.php?action=wbsearchentities&format=json&language=en&type=item&limit=5&search=Scite
Scorpion Therapeutics,01-Mar-2025,Merger/Acquisition,"""Boston, MA""",scorpion therapeutics,,Wikidata,ERROR,0,ERROR,,,HTTP 429 for https://www.wikidata.org/w/api.php?action=wbsearchentities&format=json&language=en&type=item&limit=5&search=Scorpion+Therapeutics
Scouted,31-Jan-2021,Merger/Acquisition,"""New York, NY""",scouted,,Wikidata,ERROR,0,ERROR,,,HTTP 429 for https://www.wikidata.org/w/api.php?action=wbsearchentities&format=json&language=en&type=item&limit=5&search=Scouted
ScPharmaceuticals,07-Oct-2025,Merger/Acquisition,"""Burlington, MA""",scpharmaceuticals,,Wikidata,ERROR,0,ERROR,,,HTTP 429 for https://www.wikidata.org/w/api.php?action=wbsearchentities&format=json&language=en&type=item&limit=5&search=ScPharmaceuticals
Screambox,11-Feb-2021,Merger/Acquisition,"""Los Angeles, CA""",screambox,,Wikidata,ERROR,0,ERROR,,,HTTP 429 for https://www.wikidata.org/w/api.php?action=wbsearchentities&format=json&language=en&type=item&limit=5&search=Screambox
SCRIPTS,29-Nov-2022,Merger/Acquisition,"""Seattle, WA""",scripts,,Wikidata,ERROR,0,ERROR,,,HTTP 429 for https://www.wikidata.org/w/api.php?action=wbsearchentities&format=json&language=en&type=item&limit=5&search=SCRIPTS
Scynce LED,01-Mar-2023,Merger/Acquisition,"""Mesa, AZ""",scynce led,,Wikidata,ERROR,0,ERROR,,,HTTP 429 for https://www.wikidata.org/w/api.php?action=wbsearchentities&format=json&language=en&type=item&limit=5&search=Scynce+LED
SEA Electric,05-Apr-2024,Merger/Acquisition,"""Torrance, CA""",sea electric,,Wikidata,ERROR,0,ERROR,,,HTTP 429 for https://www.wikidata.org/w/api.php?action=wbsearchentities&format=json&language=en&type=item&limit=5&search=SEA+Electric
Seagems,12-Jan-2024,Merger/Acquisition,"""Ellings�y, Norway""",seagems,,Wikidata,ERROR,0,ERROR,,,HTTP 429 for https://www.wikidata.org/w/api.php?action=wbsearchentities&format=json&language=en&type=item&limit=5&search=Seagems
SeaStar Medical (NAS: ICU),28-Oct-2022,Reverse Merger,"""Denver, CO""",seastar medical,,Wikidata,ERROR,0,ERROR,,,HTTP 429 for https://www.wikidata.org/w/api.php?action=wbsearchentities&format=json&language=en&type=item&limit=5&search=SeaStar+Medical
Seclab,18-Jan-2024,Merger/Acquisition,"""Montpellier, France""",seclab,,Wikidata,ERROR,0,ERROR,,,HTTP 429 for https://www.wikidata.org/w/api.php?action=wbsearchentities&format=json&language=en&type=item&limit=5&search=Seclab
Second Spectrum,06-May-2021,Merger/Acquisition,"""Los Angeles, CA""",second spectrum,,Wikidata,ERROR,0,ERROR,,,HTTP 429 for https://www.wikidata.org/w/api.php?action=wbsearchentities&format=json&language=en&type=item&limit=5&search=Second+Spectrum
SecureAppbox,05-Feb-2024,Merger/Acquisition,"""Stockholm, Sweden""",secureappbox,,Wikidata,ERROR,0,ERROR,,,HTTP 429 for https://www.wikidata.org/w/api.php?action=wbsearchentities&format=json&language=en&type=item&limit=5&search=SecureAppbox
SecureCircle,29-Nov-2021,Merger/Acquisition,"""Santa Clara, CA""",securecircle,,Wikidata,ERROR,0,ERROR,,,HTTP 429 for https://www.wikidata.org/w/api.php?action=wbsearchentities&format=json&language=en&type=item&limit=5&search=SecureCircle
SecurionPay,29-Sep-2022,Merger/Acquisition,"""Wollerau, Switzerland""",securionpay,,Wikidata,ERROR,0,ERROR,,,HTTP 429 for https://www.wikidata.org/w/api.php?action=wbsearchentities&format=json&language=en&type=item&limit=5&search=SecurionPay
SecurityAdvisor,01-Nov-2021,Merger/Acquisition,"""Sunnyvale, CA""",securityadvisor,,Wikidata,ERROR,0,ERROR,,,HTTP 429 for https://www.wikidata.org/w/api.php?action=wbsearchentities&format=json&language=en&type=item&limit=5&search=SecurityAdvisor
Securrency,19-Oct-2023,Merger/Acquisition,"""Jersey City, NJ""",securrency,,Wikidata,ERROR,0,ERROR,,,HTTP 429 for https://www.wikidata.org/w/api.php?action=wbsearchentities&format=json&language=en&type=item&limit=5&search=Securrency
Sedona Systems,22-Jun-2021,Merger/Acquisition,"""Palo Alto, CA""",sedona systems,,Wikidata,ERROR,0,ERROR,,,HTTP 429 for https://www.wikidata.org/w/api.php?action=wbsearchentities&format=json&language=en&type=item&limit=5&search=Sedona+Systems
SeedInvest,05-May-2023,Merger/Acquisition,"""New York, NY""",seedinvest,,Wikidata,ERROR,0,ERROR,,,HTTP 429 for https://www.wikidata.org/w/api.php?action=wbsearchentities&format=json&language=en&type=item&limit=5&search=SeedInvest
SeeQuestor,16-Jan-2023,Merger/Acquisition,"""London, United Kingdom""",seequestor,,Wikidata,ERROR,0,ERROR,,,HTTP 429 for https://www.wikidata.org/w/api.php?action=wbsearchentities&format=json&language=en&type=item&limit=5&search=SeeQuestor
Segmint,25-Apr-2022,Merger/Acquisition,"""Cuyahoga Falls, OH""",segmint,,Wikidata,ERROR,0,ERROR,,,HTTP 429 for https://www.wikidata.org/w/api.php?action=wbsearchentities&format=json&language=en&type=item&limit=5&search=Segmint
Sehteq,01-Oct-2021,Merger/Acquisition,"""Des Moines, IA""",sehteq,,Wikidata,ERROR,0,ERROR,,,HTTP 429 for https://www.wikidata.org/w/api.php?action=wbsearchentities&format=json&language=en&type=item&limit=5&search=Sehteq
Selina Hospitality (PINX: SLNAF),27-Oct-2022,Reverse Merger,"""London, United Kingdom""",selina hospitality,,Wikidata,ERROR,0,ERROR,,,HTTP 429 for https://www.wikidata.org/w/api.php?action=wbsearchentities&format=json&language=en&type=item&limit=5&search=Selina+Hospitality
Selinko,16-Oct-2024,Buyout/LBO,"""Namur, Belgium""",selinko,,Wikidata,ERROR,0,ERROR,,,HTTP 429 for https://www.wikidata.org/w/api.php?action=wbsearchentities&format=json&language=en&type=item&limit=5&search=Selinko
Sellics,19-Apr-2022,Merger/Acquisition,"""New York, NY""",sellics,,Wikidata,ERROR,0,ERROR,,,HTTP 429 for https://www.wikidata.org/w/api.php?action=wbsearchentities&format=json&language=en&type=item&limit=5&search=Sellics
SemiCab,03-Jul-2024,Merger/Acquisition,"""Atlanta, GA""",semicab,,Wikidata,ERROR,0,ERROR,,,HTTP 429 for https://www.wikidata.org/w/api.php?action=wbsearchentities&format=json&language=en&type=item&limit=5&search=SemiCab
Semler Scientific,16-Jan-2026,Merger/Acquisition,"""Campbell, CA""",semler scientific,,Wikidata,ERROR,0,ERROR,,,HTTP 429 for https://www.wikidata.org/w/api.php?action=wbsearchentities&format=json&language=en&type=item&limit=5&search=Semler+Scientific
semvox,01-Jun-2023,Merger/Acquisition,"""Kirkel, Germany""",semvox,,Wikidata,ERROR,0,ERROR,,,HTTP 429 for https://www.wikidata.org/w/api.php?action=wbsearchentities&format=json&language=en&type=item&limit=5&search=semvox
Sendwave,16-Feb-2021,Merger/Acquisition,"""Boston, MA""",sendwave,,Wikidata,ERROR,0,ERROR,,,HTTP 429 for https://www.wikidata.org/w/api.php?action=wbsearchentities&format=json&language=en&type=item&limit=5&search=Sendwave
Seneco,08-Apr-2021,Merger/Acquisition,"""Hasselager, Denmark""",seneco,,Wikidata,ERROR,0,ERROR,,,HTTP 429 for https://www.wikidata.org/w/api.php?action=wbsearchentities&format=json&language=en&type=item&limit=5&search=Seneco
Seniorly,31-Oct-2025,Merger/Acquisition,"""San Francisco, CA""",seniorly,,Wikidata,ERROR,0,ERROR,,,HTTP 429 for https://www.wikidata.org/w/api.php?action=wbsearchentities&format=json&language=en&type=item&limit=5&search=Seniorly
Sense Photonics,22-Oct-2021,Merger/Acquisition,"""Durham, NC""",sense photonics,,Wikidata,ERROR,0,ERROR,,,HTTP 429 for https://www.wikidata.org/w/api.php?action=wbsearchentities&format=json&language=en&type=item&limit=5&search=Sense+Photonics
senseFly,18-Oct-2021,Merger/Acquisition,"""Lausanne, Switzerland""",sensefly,,Wikidata,ERROR,0,ERROR,,,HTTP 429 for https://www.wikidata.org/w/api.php?action=wbsearchentities&format=json&language=en&type=item&limit=5&search=senseFly
SenseHawk,01-Sep-2022,Merger/Acquisition,"""Campbell, CA""",sensehawk,,Wikidata,ERROR,0,ERROR,,,HTTP 429 for https://www.wikidata.org/w/api.php?action=wbsearchentities&format=json&language=en&type=item&limit=5&search=SenseHawk
Sensi (Machinery (B2B)),14-Aug-2024,Merger/Acquisition,"""Dublin, Ireland""",sensi (machinery (b2b)),,Wikidata,ERROR,0,ERROR,,,HTTP 429 for https://www.wikidata.org/w/api.php?action=wbsearchentities&format=json&language=en&type=item&limit=5&search=Sensi+%28Machinery+%28B2B%29%29
Sensibill,03-Oct-2022,Merger/Acquisition,"""Toronto, Canada""",sensibill,,Wikidata,ERROR,0,ERROR,,,HTTP 429 for https://www.wikidata.org/w/api.php?action=wbsearchentities&format=json&language=en&type=item&limit=5&search=Sensibill
Sensu,10-Jun-2021,Merger/Acquisition,"""Redwood City, CA""",sensu,,Wikidata,ERROR,0,ERROR,,,HTTP 429 for https://www.wikidata.org/w/api.php?action=wbsearchentities&format=json&language=en&type=item&limit=5&search=Sensu
Sentenial,30-Sep-2021,Merger/Acquisition,"""Maynooth, Ireland""",sentenial,,Wikidata,ERROR,0,ERROR,,,HTTP 429 for https://www.wikidata.org/w/api.php?action=wbsearchentities&format=json&language=en&type=item&limit=5&search=Sentenial
Senti Bio (NAS: SNTI),08-Jun-2022,Reverse Merger,"""South San Francisco, CA""",senti bio,,Wikidata,ERROR,0,ERROR,,,HTTP 429 for https://www.wikidata.org/w/api.php?action=wbsearchentities&format=json&language=en&type=item&limit=5&search=Senti+Bio
Sentian.AI,21-Nov-2023,Merger/Acquisition,"""Malmo, Sweden""",sentianai,,Wikidata,ERROR,0,ERROR,,,HTTP 429 for https://www.wikidata.org/w/api.php?action=wbsearchentities&format=json&language=en&type=item&limit=5&search=Sentian.AI
Sentieo,11-May-2022,Merger/Acquisition,"""San Francisco, CA""",sentieo,,Wikidata,ERROR,0,ERROR,,,HTTP 429 for https://www.wikidata.org/w/api.php?action=wbsearchentities&format=json&language=en&type=item&limit=5&search=Sentieo
Sentil,23-Oct-2024,Merger/Acquisition,"""Peralta, Spain""",sentil,,Wikidata,ERROR,0,ERROR,,,HTTP 429 for https://www.wikidata.org/w/api.php?action=wbsearchentities&format=json&language=en&type=item&limit=5&search=Sentil
Sentinum,01-May-2023,Merger/Acquisition,"""F�rth, Germany""",sentinum,,Wikidata,ERROR,0,ERROR,,,HTTP 429 for https://www.wikidata.org/w/api.php?action=wbsearchentities&format=json&language=en&type=item&limit=5&search=Sentinum
Sentric Music,29-Mar-2023,Merger/Acquisition,"""Liverpool, United Kingdom""",sentric music,,Wikidata,ERROR,0,ERROR,,,HTTP 429 for https://www.wikidata.org/w/api.php?action=wbsearchentities&format=json&language=en&type=item&limit=5&search=Sentric+Music
Sentronics Metrology,03-Feb-2025,Merger/Acquisition,"""Mannheim, Germany""",sentronics metrology,,Wikidata,ERROR,0,ERROR,,,HTTP 429 for https://www.wikidata.org/w/api.php?action=wbsearchentities&format=json&language=en&type=item&limit=5&search=Sentronics+Metrology
Septerna (NAS: SEPN),25-Oct-2024,IPO,"""South San Francisco, CA""",septerna,,Wikidata,ERROR,0,ERROR,,,HTTP 429 for https://www.wikidata.org/w/api.php?action=wbsearchentities&format=json&language=en&type=item&limit=5&search=Septerna
SeQure DX,29-Jan-2025,Merger/Acquisition,"""Waltham, MA""",sequre dx,,Wikidata,ERROR,0,ERROR,,,HTTP 429 for https://www.wikidata.org/w/api.php?action=wbsearchentities&format=json&language=en&type=item&limit=5&search=SeQure+DX
Sera Prognostics (NAS: SERA),15-Jul-2021,IPO,"""Salt Lake City, UT""",sera prognostics,,Wikidata,ERROR,0,ERROR,,,HTTP 429 for https://www.wikidata.org/w/api.php?action=wbsearchentities&format=json&language=en&type=item&limit=5&search=Sera+Prognostics
Serenity Pharmaceuticals,07-Mar-2022,Merger/Acquisition,"""Milford, PA""",serenity pharmaceuticals,,Wikidata,ERROR,0,ERROR,,,HTTP 429 for https://www.wikidata.org/w/api.php?action=wbsearchentities&format=json&language=en&type=item&limit=5&search=Serenity+Pharmaceuticals
Serina Therapeutics (ASE: SER),26-Mar-2024,Reverse Merger,"""Huntsville, AL""",serina therapeutics,,Wikidata,ERROR,0,ERROR,,,HTTP 429 for https://www.wikidata.org/w/api.php?action=wbsearchentities&format=json&language=en&type=item&limit=5&search=Serina+Therapeutics
ServiceTitan (NAS: TTAN),12-Dec-2024,IPO,"""Glendale, CA""",servicetitan,,Wikidata,ERROR,0,ERROR,,,HTTP 429 for https://www.wikidata.org/w/api.php?action=wbsearchentities&format=json&language=en&type=item&limit=5&search=ServiceTitan
SES AI (NYS: SES),03-Feb-2022,Reverse Merger,"""Woburn, MA""",ses ai,,Wikidata,ERROR,0,ERROR,,,HTTP 429 for https://www.wikidata.org/w/api.php?action=wbsearchentities&format=json&language=en&type=item&limit=5&search=SES+AI
Sexton Biotechnologies,01-Sep-2021,Merger/Acquisition,"""Indianapolis, IN""",sexton biotechnologies,,Wikidata,ERROR,0,ERROR,,,HTTP 429 for https://www.wikidata.org/w/api.php?action=wbsearchentities&format=json&language=en&type=item&limit=5&search=Sexton+Biotechnologies
Shapeways Holdings (PINX: SHPWQ),29-Sep-2021,Reverse Merger,"""New York, NY""",shapeways,,Wikidata,ERROR,0,ERROR,,,HTTP 429 for https://www.wikidata.org/w/api.php?action=wbsearchentities&format=json&language=en&type=item&limit=5&search=Shapeways+Holdings
Shareablee,16-Dec-2021,Merger/Acquisition,"""New York, NY""",shareablee,,Wikidata,ERROR,0,ERROR,,,HTTP 429 for https://www.wikidata.org/w/api.php?action=wbsearchentities&format=json&language=en&type=item&limit=5&search=Shareablee
Sharedo,13-Mar-2025,Merger/Acquisition,"""Cheshire, United Kingdom""",sharedo,,Wikidata,ERROR,0,ERROR,,,HTTP 429 for https://www.wikidata.org/w/api.php?action=wbsearchentities&format=json&language=en&type=item&limit=5&search=Sharedo
Sharktower,18-Feb-2022,Merger/Acquisition,"""Edinburgh, United Kingdom""",sharktower,,Wikidata,ERROR,0,ERROR,,,HTTP 429 for https://www.wikidata.org/w/api.php?action=wbsearchentities&format=json&language=en&type=item&limit=5&search=Sharktower
Sharp Reflections,12-Nov-2024,Merger/Acquisition,"""Stavanger, Norway""",sharp reflections,,Wikidata,ERROR,0,ERROR,,,HTTP 429 for https://www.wikidata.org/w/api.php?action=wbsearchentities&format=json&language=en&type=item&limit=5&search=Sharp+Reflections
SharpLink (Entertainment Software) (NAS: SBET),27-Jul-2021,Reverse Merger,"""Minneapolis, MN""",sharplink (entertainment software),,Wikidata,ERROR,0,ERROR,,,HTTP 429 for https://www.wikidata.org/w/api.php?action=wbsearchentities&format=json&language=en&type=item&limit=5&search=SharpLink+%28Entertainment+Software%29
Sharps Technology (NAS: STSS),14-Apr-2022,IPO,"""New York, NY""",sharps technology,,Wikidata,ERROR,0,ERROR,,,HTTP 429 for https://www.wikidata.org/w/api.php?action=wbsearchentities&format=json&language=en&type=item&limit=5&search=Sharps+Technology
She Beverage Company,11-Dec-2022,Merger/Acquisition,"""Lancaster, CA""",she beverage,,Wikidata,ERROR,0,ERROR,,,HTTP 429 for https://www.wikidata.org/w/api.php?action=wbsearchentities&format=json&language=en&type=item&limit=5&search=She+Beverage+Company
Sheerluxe,22-Jan-2026,Merger/Acquisition,"""London, United Kingdom""",sheerluxe,,Wikidata,ERROR,0,ERROR,,,HTTP 429 for https://www.wikidata.org/w/api.php?action=wbsearchentities&format=json&language=en&type=item&limit=5&search=Sheerluxe
Sherlock Biosciences,19-Dec-2024,Merger/Acquisition,"""Watertown, MA""",sherlock biosciences,,Wikidata,ERROR,0,ERROR,,,HTTP 429 for https://www.wikidata.org/w/api.php?action=wbsearchentities&format=json&language=en&type=item&limit=5&search=Sherlock+Biosciences
ShieldX,10-Mar-2021,Merger/Acquisition,"""San Jose, CA""",shieldx,,Wikidata,ERROR,0,ERROR,,,HTTP 429 for https://www.wikidata.org/w/api.php?action=wbsearchentities&format=json&language=en&type=item&limit=5&search=ShieldX
ShiftRight (Business/Productivity Software),17-Jun-2022,Merger/Acquisition,"""San Jose, CA""",shiftright (business/productivity software),,Wikidata,ERROR,0,ERROR,,,HTTP 429 for https://www.wikidata.org/w/api.php?action=wbsearchentities&format=json&language=en&type=item&limit=5&search=ShiftRight+%28Business%2FProductivity+Software%29
Shipsta,19-Aug-2024,Merger/Acquisition,"""Mertert, Luxembourg""",shipsta,,Wikidata,ERROR,0,ERROR,,,HTTP 429 for https://www.wikidata.org/w/api.php?action=wbsearchentities&format=json&language=en&type=item&limit=5&search=Shipsta
ShockWave Medical,31-May-2024,Merger/Acquisition,"""Santa Clara, CA""",shockwave medical,,Wikidata,ERROR,0,ERROR,,,HTTP 429 for https://www.wikidata.org/w/api.php?action=wbsearchentities&format=json&language=en&type=item&limit=5&search=ShockWave+Medical
Shopbrain,01-Jul-2021,Merger/Acquisition,"""Dublin, Ireland""",shopbrain,,Wikidata,ERROR,0,ERROR,,,HTTP 429 for https://www.wikidata.org/w/api.php?action=wbsearchentities&format=json&language=en&type=item&limit=5&search=Shopbrain
Shoplo,17-Aug-2021,Merger/Acquisition,"""Krakow, Poland""",shoplo,,Wikidata,ERROR,0,ERROR,,,HTTP 429 for https://www.wikidata.org/w/api.php?action=wbsearchentities&format=json&language=en&type=item&limit=5&search=Shoplo
Shoreline.io,01-Jul-2024,Merger/Acquisition,"""Redwood City, CA""",shorelineio,,Wikidata,ERROR,0,ERROR,,,HTTP 429 for https://www.wikidata.org/w/api.php?action=wbsearchentities&format=json&language=en&type=item&limit=5&search=Shoreline.io
Shoulder Innovations (NYS: SI),31-Jul-2025,IPO,"""Holland, MI""",shoulder innovations,,Wikidata,ERROR,0,ERROR,,,HTTP 429 for https://www.wikidata.org/w/api.php?action=wbsearchentities&format=json&language=en&type=item&limit=5&search=Shoulder+Innovations
Shuttle Pharmaceuticals (NAS: SHPH),31-Aug-2022,IPO,"""Gaithersburg, MD""",shuttle pharmaceuticals,,Wikidata,ERROR,0,ERROR,,,HTTP 429 for https://www.wikidata.org/w/api.php?action=wbsearchentities&format=json&language=en&type=item&limit=5&search=Shuttle+Pharmaceuticals
SICK MOBILISIS,01-Jan-2022,Merger/Acquisition,"""Varazdin, Croatia""",sick mobilisis,,Wikidata,ERROR,0,ERROR,,,HTTP 429 for https://www.wikidata.org/w/api.php?action=wbsearchentities&format=json&language=en&type=item&limit=5&search=SICK+MOBILISIS
Sideqik,02-Jul-2021,Merger/Acquisition,"""Atlanta, GA""",sideqik,,Wikidata,ERROR,0,ERROR,,,HTTP 429 for https://www.wikidata.org/w/api.php?action=wbsearchentities&format=json&language=en&type=item&limit=5&search=Sideqik
Sidertia,28-Jun-2022,Merger/Acquisition,"""Madrid, Spain""",sidertia,,Wikidata,ERROR,0,ERROR,,,HTTP 429 for https://www.wikidata.org/w/api.php?action=wbsearchentities&format=json&language=en&type=item&limit=5&search=Sidertia
Sidus Space (NAS: SIDU),14-Dec-2021,IPO,"""Merritt Island, FL""",sidus space,,Wikidata,ERROR,0,ERROR,,,HTTP 429 for https://www.wikidata.org/w/api.php?action=wbsearchentities&format=json&language=en&type=item&limit=5&search=Sidus+Space
Siemplify,05-Jan-2022,Merger/Acquisition,"""New York, NY""",siemplify,,Wikidata,ERROR,0,ERROR,,,HTTP 429 for https://www.wikidata.org/w/api.php?action=wbsearchentities&format=json&language=en&type=item&limit=5&search=Siemplify
Sientra,24-Apr-2024,Merger/Acquisition,"""Irvine, CA""",sientra,,Wikidata,ERROR,0,ERROR,,,HTTP 429 for https://www.wikidata.org/w/api.php?action=wbsearchentities&format=json&language=en&type=item&limit=5&search=Sientra
Sierra Oncology,01-Jul-2022,Merger/Acquisition,"""San Mateo, CA""",sierra oncology,,Wikidata,ERROR,0,ERROR,,,HTTP 429 for https://www.wikidata.org/w/api.php?action=wbsearchentities&format=json&language=en&type=item&limit=5&search=Sierra+Oncology
Siete Family Foods,17-Jan-2025,Merger/Acquisition,"""Austin, TX""",siete family foods,,Wikidata,ERROR,0,ERROR,,,HTTP 429 for https://www.wikidata.org/w/api.php?action=wbsearchentities&format=json&language=en&type=item&limit=5&search=Siete+Family+Foods
Sight Sciences (NAS: SGHT),15-Jul-2021,IPO,"""Menlo Park, CA""",sight sciences,,Wikidata,ERROR,0,ERROR,,,HTTP 429 for https://www.wikidata.org/w/api.php?action=wbsearchentities&format=json&language=en&type=item&limit=5&search=Sight+Sciences
SightPlan,22-Mar-2022,Merger/Acquisition,"""Orlando, FL""",sightplan,,Wikidata,ERROR,0,ERROR,,,HTTP 429 for https://www.wikidata.org/w/api.php?action=wbsearchentities&format=json&language=en&type=item&limit=5&search=SightPlan
Sigi (Therapeutic Devices),23-Jan-2023,Merger/Acquisition,"""St-Sulpice, Switzerland""",sigi (therapeutic devices),,Wikidata,ERROR,0,ERROR,,,HTTP 429 for https://www.wikidata.org/w/api.php?action=wbsearchentities&format=json&language=en&type=item&limit=5&search=Sigi+%28Therapeutic+Devices%29
Sigilon Therapeutics,11-Aug-2023,Merger/Acquisition,"""Cambridge, MA""",sigilon therapeutics,,Wikidata,ERROR,0,ERROR,,,HTTP 429 for https://www.wikidata.org/w/api.php?action=wbsearchentities&format=json&language=en&type=item&limit=5&search=Sigilon+Therapeutics
Sigmastocks,20-Dec-2024,Merger/Acquisition,"""Gothenburg, Sweden""",sigmastocks,,Wikidata,ERROR,0,ERROR,,,HTTP 429 for https://www.wikidata.org/w/api.php?action=wbsearchentities&format=json&language=en&type=item&limit=5&search=Sigmastocks
Signalbox,11-Jul-2023,Merger/Acquisition,"""London, United Kingdom""",signalbox,,Wikidata,ERROR,0,ERROR,,,HTTP 429 for https://www.wikidata.org/w/api.php?action=wbsearchentities&format=json&language=en&type=item&limit=5&search=Signalbox
Signing Day Sports (ASE: SGN),14-Nov-2023,IPO,"""Scottsdale, AZ""",signing day sports,,Wikidata,ERROR,0,ERROR,,,HTTP 429 for https://www.wikidata.org/w/api.php?action=wbsearchentities&format=json&language=en&type=item&limit=5&search=Signing+Day+Sports
Siklu,04-Dec-2023,Merger/Acquisition,"""Irvine, CA""",siklu,,Wikidata,ERROR,0,ERROR,,,HTTP 429 for https://www.wikidata.org/w/api.php?action=wbsearchentities&format=json&language=en&type=item&limit=5&search=Siklu
Silicon Radar,21-Feb-2023,Merger/Acquisition,"""Frankfurt, Germany""",silicon radar,,Wikidata,ERROR,0,ERROR,,,HTTP 429 for https://www.wikidata.org/w/api.php?action=wbsearchentities&format=json&language=en&type=item&limit=5&search=Silicon+Radar
Silk Road Medical,17-Sep-2024,Merger/Acquisition,"""Sunnyvale, CA""",silk road medical,,Wikidata,ERROR,0,ERROR,,,HTTP 429 for https://www.wikidata.org/w/api.php?action=wbsearchentities&format=json&language=en&type=item&limit=5&search=Silk+Road+Medical
SilverCloud Health,28-Jul-2021,Merger/Acquisition,"""Boston, MA""",silvercloud health,,Wikidata,ERROR,0,ERROR,,,HTTP 429 for https://www.wikidata.org/w/api.php?action=wbsearchentities&format=json&language=en&type=item&limit=5&search=SilverCloud+Health
SimAnalytics,25-Jan-2023,Merger/Acquisition,"""Helsinki, Finland""",simanalytics,,Wikidata,ERROR,0,ERROR,,,HTTP 429 for https://www.wikidata.org/w/api.php?action=wbsearchentities&format=json&language=en&type=item&limit=5&search=SimAnalytics
SimilarWeb (NYS: SMWB),13-May-2021,IPO,"""New York, NY""",similarweb,,Wikidata,ERROR,0,ERROR,,,HTTP 429 for https://www.wikidata.org/w/api.php?action=wbsearchentities&format=json&language=en&type=item&limit=5&search=SimilarWeb
Simple Mills,21-Feb-2025,Merger/Acquisition,"""Chicago, IL""",simple mills,,Wikidata,ERROR,0,ERROR,,,HTTP 429 for https://www.wikidata.org/w/api.php?action=wbsearchentities&format=json&language=en&type=item&limit=5&search=Simple+Mills
SimpleBet,03-Dec-2024,Merger/Acquisition,"""New York, NY""",simplebet,,Wikidata,ERROR,0,ERROR,,,HTTP 429 for https://www.wikidata.org/w/api.php?action=wbsearchentities&format=json&language=en&type=item&limit=5&search=SimpleBet
SimpleNexus,07-Jan-2022,Merger/Acquisition,"""Lehi, UT""",simplenexus,,Wikidata,ERROR,0,ERROR,,,HTTP 429 for https://www.wikidata.org/w/api.php?action=wbsearchentities&format=json&language=en&type=item&limit=5&search=SimpleNexus
Simpliconnect,01-Jan-2023,Merger/Acquisition,"""Bloomington, MN""",simpliconnect,,Wikidata,ERROR,0,ERROR,,,HTTP 429 for https://www.wikidata.org/w/api.php?action=wbsearchentities&format=json&language=en&type=item&limit=5&search=Simpliconnect
Simpo,04-Oct-2021,Merger/Acquisition,"""San Francisco, CA""",simpo,,Wikidata,ERROR,0,ERROR,,,HTTP 429 for https://www.wikidata.org/w/api.php?action=wbsearchentities&format=json&language=en&type=item&limit=5&search=Simpo
Simumatik,21-Oct-2024,Merger/Acquisition,"""Skovde, Sweden""",simumatik,,Wikidata,ERROR,0,ERROR,,,HTTP 429 for https://www.wikidata.org/w/api.php?action=wbsearchentities&format=json&language=en&type=item&limit=5&search=Simumatik
Sinch Engage-EMEA,01-Nov-2021,Merger/Acquisition,"""Munich, Germany""",sinch engage-emea,,Wikidata,ERROR,0,ERROR,,,HTTP 429 for https://www.wikidata.org/w/api.php?action=wbsearchentities&format=json&language=en&type=item&limit=5&search=Sinch+Engage-EMEA
Sinergise,04-Aug-2023,Merger/Acquisition,"""Ljubljana, Slovenia""",sinergise,,Wikidata,ERROR,0,ERROR,,,HTTP 429 for https://www.wikidata.org/w/api.php?action=wbsearchentities&format=json&language=en&type=item&limit=5&search=Sinergise
Singular (Sliema),10-Sep-2021,Merger/Acquisition,"""Sliema, Malta""",singular (sliema),,Wikidata,ERROR,0,ERROR,,,HTTP 429 for https://www.wikidata.org/w/api.php?action=wbsearchentities&format=json&language=en&type=item&limit=5&search=Singular+%28Sliema%29
Singular Key,27-Sep-2021,Merger/Acquisition,"""Cupertino, CA""",singular key,,Wikidata,ERROR,0,ERROR,,,HTTP 429 for https://www.wikidata.org/w/api.php?action=wbsearchentities&format=json&language=en&type=item&limit=5&search=Singular+Key
Singularity 6,02-Jul-2024,Merger/Acquisition,"""Los Angeles, CA""",singularity 6,,Wikidata,ERROR,0,ERROR,,,HTTP 429 for https://www.wikidata.org/w/api.php?action=wbsearchentities&format=json&language=en&type=item&limit=5&search=Singularity+6
Sionna Therapeutics (NAS: SION),06-Feb-2025,IPO,"""Waltham, MA""",sionna therapeutics,,Wikidata,ERROR,0,ERROR,,,HTTP 429 for https://www.wikidata.org/w/api.php?action=wbsearchentities&format=json&language=en&type=item&limit=5&search=Sionna+Therapeutics
Sirnaomics (HKG: 02257),29-Dec-2021,IPO,"""Gaithersburg, MD""",sirnaomics,,Wikidata,ERROR,0,ERROR,,,HTTP 429 for https://www.wikidata.org/w/api.php?action=wbsearchentities&format=json&language=en&type=item&limit=5&search=Sirnaomics
SiteOne Therapeutics,07-Aug-2025,Merger/Acquisition,"""South San Francisco, CA""",siteone therapeutics,,Wikidata,ERROR,0,ERROR,,,HTTP 429 for https://www.wikidata.org/w/api.php?action=wbsearchentities&format=json&language=en&type=item&limit=5&search=SiteOne+Therapeutics
Siva Therapeutics,23-Mar-2023,Merger/Acquisition,"""Austin, TX""",siva therapeutics,,Wikidata,ERROR,0,ERROR,,,HTTP 429 for https://www.wikidata.org/w/api.php?action=wbsearchentities&format=json&language=en&type=item&limit=5&search=Siva+Therapeutics
Six to Start,01-Jul-2021,Merger/Acquisition,"""Brighton, United Kingdom""",six to start,,Wikidata,ERROR,0,ERROR,,,HTTP 429 for https://www.wikidata.org/w/api.php?action=wbsearchentities&format=json&language=en&type=item&limit=5&search=Six+to+Start
Sixense Enterprises,01-Oct-2021,Merger/Acquisition,"""Los Gatos, CA""",sixense enterprises,,Wikidata,ERROR,0,ERROR,,,HTTP 429 for https://www.wikidata.org/w/api.php?action=wbsearchentities&format=json&language=en&type=item&limit=5&search=Sixense+Enterprises
SkandiaEnergi (OSL: SKAND),22-Feb-2021,IPO,"""Kristiansand, Norway""",skandiaenergi,,Wikidata,ERROR,0,ERROR,,,HTTP 429 for https://www.wikidata.org/w/api.php?action=wbsearchentities&format=json&language=en&type=item&limit=5&search=SkandiaEnergi
Skedify,08-Nov-2021,Merger/Acquisition,"""Gent, Belgium""",skedify,,Wikidata,ERROR,0,ERROR,,,HTTP 429 for https://www.wikidata.org/w/api.php?action=wbsearchentities&format=json&language=en&type=item&limit=5&search=Skedify
Skolon (STO: SKOLON),17-May-2022,IPO,"""Karlshamn, Sweden""",skolon,,Wikidata,ERROR,0,ERROR,,,HTTP 429 for https://www.wikidata.org/w/api.php?action=wbsearchentities&format=json&language=en&type=item&limit=5&search=Skolon
Skriware,19-Dec-2023,Merger/Acquisition,"""Warsaw, Poland""",skriware,,Wikidata,ERROR,0,ERROR,,,HTTP 429 for https://www.wikidata.org/w/api.php?action=wbsearchentities&format=json&language=en&type=item&limit=5&search=Skriware
Sky Harbour Group (NYS: SKYH),15-Nov-2021,Reverse Merger,"""White Plains, NY""",sky harbour,,Wikidata,ERROR,0,ERROR,,,HTTP 429 for https://www.wikidata.org/w/api.php?action=wbsearchentities&format=json&language=en&type=item&limit=5&search=Sky+Harbour+Group
Sky Sapience,01-Mar-2021,Merger/Acquisition,"""Beverly Hills, CA""",sky sapience,,Wikidata,ERROR,0,ERROR,,,HTTP 429 for https://www.wikidata.org/w/api.php?action=wbsearchentities&format=json&language=en&type=item&limit=5&search=Sky+Sapience
Skylar,29-Dec-2022,Merger/Acquisition,"""Beaverton, OR""",skylar,,Wikidata,ERROR,0,ERROR,,,HTTP 429 for https://www.wikidata.org/w/api.php?action=wbsearchentities&format=json&language=en&type=item&limit=5&search=Skylar
Skyrise.Tech,14-Jun-2021,Merger/Acquisition,"""Katowice, Poland""",skyrisetech,,Wikidata,ERROR,0,ERROR,,,HTTP 429 for https://www.wikidata.org/w/api.php?action=wbsearchentities&format=json&language=en&type=item&limit=5&search=Skyrise.Tech
Skytap,26-Apr-2024,Merger/Acquisition,"""Seattle, WA""",skytap,,Wikidata,ERROR,0,ERROR,,,HTTP 429 for https://www.wikidata.org/w/api.php?action=wbsearchentities&format=json&language=en&type=item&limit=5&search=Skytap
Slack,21-Jul-2021,Merger/Acquisition,"""San Francisco, CA""",slack,,Wikidata,ERROR,0,ERROR,,,HTTP 429 for https://www.wikidata.org/w/api.php?action=wbsearchentities&format=json&language=en&type=item&limit=5&search=Slack
Slide Insurance (NAS: SLDE),18-Jun-2025,IPO,"""Tampa, FL""",slide insurance,,Wikidata,ERROR,0,ERROR,,,HTTP 429 for https://www.wikidata.org/w/api.php?action=wbsearchentities&format=json&language=en&type=item&limit=5&search=Slide+Insurance
Smaato,01-Sep-2021,Merger/Acquisition,"""New York, NY""",smaato,,Wikidata,ERROR,0,ERROR,,,HTTP 429 for https://www.wikidata.org/w/api.php?action=wbsearchentities&format=json&language=en&type=item&limit=5&search=Smaato
Small Pharma,23-Oct-2023,Merger/Acquisition,"""London, United Kingdom""",small pharma,,Wikidata,ERROR,0,ERROR,,,HTTP 429 for https://www.wikidata.org/w/api.php?action=wbsearchentities&format=json&language=en&type=item&limit=5&search=Small+Pharma
Smallab Learning,18-Nov-2021,Merger/Acquisition,"""Cary, NC""",smallab learning,,Wikidata,ERROR,0,ERROR,,,HTTP 429 for https://www.wikidata.org/w/api.php?action=wbsearchentities&format=json&language=en&type=item&limit=5&search=Smallab+Learning
Smart Immune,01-Jul-2025,Merger/Acquisition,"""Paris, France""",smart immune,,Wikidata,ERROR,0,ERROR,,,HTTP 429 for https://www.wikidata.org/w/api.php?action=wbsearchentities&format=json&language=en&type=item&limit=5&search=Smart+Immune
Smart Organic (XBUL: SO),03-Dec-2021,IPO,"""Sofia, Bulgaria""",smart organic,,Wikidata,ERROR,0,ERROR,,,HTTP 429 for https://www.wikidata.org/w/api.php?action=wbsearchentities&format=json&language=en&type=item&limit=5&search=Smart+Organic
Smart Valor,10-Feb-2022,IPO,"""Vaduz, Liechtenstein""",smart valor,,Wikidata,ERROR,0,ERROR,,,HTTP 429 for https://www.wikidata.org/w/api.php?action=wbsearchentities&format=json&language=en&type=item&limit=5&search=Smart+Valor
SmartAxiom,13-Mar-2021,Merger/Acquisition,"""Irvine, CA""",smartaxiom,,Wikidata,ERROR,0,ERROR,,,HTTP 429 for https://www.wikidata.org/w/api.php?action=wbsearchentities&format=json&language=en&type=item&limit=5&search=SmartAxiom
SmartCV (Business/Productivity Software),09-May-2023,Merger/Acquisition,"""Athens, Greece""",smartcv (business/productivity software),,Wikidata,ERROR,0,ERROR,,,HTTP 429 for https://www.wikidata.org/w/api.php?action=wbsearchentities&format=json&language=en&type=item&limit=5&search=SmartCV+%28Business%2FProductivity+Software%29
SmartEquip,02-Nov-2021,Merger/Acquisition,"""Norwalk, CT""",smartequip,,Wikidata,ERROR,0,ERROR,,,HTTP 429 for https://www.wikidata.org/w/api.php?action=wbsearchentities&format=json&language=en&type=item&limit=5&search=SmartEquip
Smartlytics Consultancy,12-Jan-2023,Merger/Acquisition,"""Coventry, United Kingdom""",smartlytics consultancy,,Wikidata,ERROR,0,ERROR,,,HTTP 429 for https://www.wikidata.org/w/api.php?action=wbsearchentities&format=json&language=en&type=item&limit=5&search=Smartlytics+Consultancy
SmartRent (NYS: SMRT),24-Aug-2021,Reverse Merger,"""Scottsdale, AZ""",smartrent,,Wikidata,ERROR,0,ERROR,,,HTTP 429 for https://www.wikidata.org/w/api.php?action=wbsearchentities&format=json&language=en&type=item&limit=5&search=SmartRent
SmartWitness,19-Nov-2021,Merger/Acquisition,"""Croydon, United Kingdom""",smartwitness,,Wikidata,ERROR,0,ERROR,,,HTTP 429 for https://www.wikidata.org/w/api.php?action=wbsearchentities&format=json&language=en&type=item&limit=5&search=SmartWitness
Smoking Gun Interactive,05-Oct-2022,Merger/Acquisition,"""Vancouver, Canada""",smoking gun interactive,,Wikidata,ERROR,0,ERROR,,,HTTP 429 for https://www.wikidata.org/w/api.php?action=wbsearchentities&format=json&language=en&type=item&limit=5&search=Smoking+Gun+Interactive
SnapMed,24-Jan-2022,Merger/Acquisition,"""Sandnes, Norway""",snapmed,,Wikidata,ERROR,0,ERROR,,,HTTP 429 for https://www.wikidata.org/w/api.php?action=wbsearchentities&format=json&language=en&type=item&limit=5&search=SnapMed
SnapSupport,15-Jun-2021,Merger/Acquisition,"""Sunnyvale, CA""",snapsupport,,Wikidata,ERROR,0,ERROR,,,HTTP 429 for https://www.wikidata.org/w/api.php?action=wbsearchentities&format=json&language=en&type=item&limit=5&search=SnapSupport
Snow Lake Resources (NAS: LITM),19-Nov-2021,IPO,"""Winnipeg, Canada""",snow lake resources,,Wikidata,ERROR,0,ERROR,,,HTTP 429 for https://www.wikidata.org/w/api.php?action=wbsearchentities&format=json&language=en&type=item&limit=5&search=Snow+Lake+Resources
Snowe,14-Dec-2022,Merger/Acquisition,"""New York, NY""",snowe,,Wikidata,ERROR,0,ERROR,,,HTTP 429 for https://www.wikidata.org/w/api.php?action=wbsearchentities&format=json&language=en&type=item&limit=5&search=Snowe
Snowprint Studios,05-Oct-2023,Merger/Acquisition,"""Stockholm, Sweden""",snowprint studios,,Wikidata,ERROR,0,ERROR,,,HTTP 429 for https://www.wikidata.org/w/api.php?action=wbsearchentities&format=json&language=en&type=item&limit=5&search=Snowprint+Studios
Socati,22-Mar-2021,Merger/Acquisition,"""Austin, TX""",socati,,Wikidata,ERROR,0,ERROR,,,HTTP 429 for https://www.wikidata.org/w/api.php?action=wbsearchentities&format=json&language=en&type=item&limit=5&search=Socati
Social Chain (Media and Information Services (B2B)),19-Oct-2021,Merger/Acquisition,"""Manchester, United Kingdom""",social chain (media and information services (b2b)),,Wikidata,ERROR,0,ERROR,,,HTTP 429 for https://www.wikidata.org/w/api.php?action=wbsearchentities&format=json&language=en&type=item&limit=5&search=Social+Chain+%28Media+and+Information+Services+%28B2B%29%29
Social Finance (NAS: SOFI),01-Jun-2021,Reverse Merger,"""San Francisco, CA""",social finance,,Wikidata,ERROR,0,ERROR,,,HTTP 429 for https://www.wikidata.org/w/api.php?action=wbsearchentities&format=json&language=en&type=item&limit=5&search=Social+Finance
Social Snowball,25-Jun-2025,Merger/Acquisition,"""Miami, FL""",social snowball,,Wikidata,ERROR,0,ERROR,,,HTTP 429 for https://www.wikidata.org/w/api.php?action=wbsearchentities&format=json&language=en&type=item&limit=5&search=Social+Snowball
SocialWave (Media and Information Services),21-Apr-2023,Merger/Acquisition,"""Munich, Germany""",socialwave (media and information services),,Wikidata,ERROR,0,ERROR,,,HTTP 429 for https://www.wikidata.org/w/api.php?action=wbsearchentities&format=json&language=en&type=item&limit=5&search=SocialWave+%28Media+and+Information+Services%29
Sofos Harbert Renewable Energy,14-Feb-2023,Merger/Acquisition,"""Birmingham, AL""",sofos harbert renewable energy,,Wikidata,ERROR,0,ERROR,,,HTTP 429 for https://www.wikidata.org/w/api.php?action=wbsearchentities&format=json&language=en&type=item&limit=5&search=Sofos+Harbert+Renewable+Energy
SoftEye,18-Jun-2025,Merger/Acquisition,"""San Diego, CA""",softeye,,Wikidata,ERROR,0,ERROR,,,HTTP 429 for https://www.wikidata.org/w/api.php?action=wbsearchentities&format=json&language=en&type=item&limit=5&search=SoftEye
Softhale,31-Mar-2021,Merger/Acquisition,"""Diepenbeek, Belgium""",softhale,,Wikidata,ERROR,0,ERROR,,,HTTP 429 for https://www.wikidata.org/w/api.php?action=wbsearchentities&format=json&language=en&type=item&limit=5&search=Softhale
Soin Neuroscience,28-Dec-2022,Merger/Acquisition,"""Dayton, OH""",soin neuroscience,,Wikidata,ERROR,0,ERROR,,,HTTP 429 for https://www.wikidata.org/w/api.php?action=wbsearchentities&format=json&language=en&type=item&limit=5&search=Soin+Neuroscience
Sojern,05-Nov-2025,Merger/Acquisition,"""San Francisco, CA""",sojern,,Wikidata,ERROR,0,ERROR,,,HTTP 429 for https://www.wikidata.org/w/api.php?action=wbsearchentities&format=json&language=en&type=item&limit=5&search=Sojern
Solargraf,25-Jan-2021,Merger/Acquisition,"""Montreal, Canada""",solargraf,,Wikidata,ERROR,0,ERROR,,,HTTP 429 for https://www.wikidata.org/w/api.php?action=wbsearchentities&format=json&language=en&type=item&limit=5&search=Solargraf
Solectrac,11-Jun-2021,Merger/Acquisition,"""Windsor, CA""",solectrac,,Wikidata,ERROR,0,ERROR,,,HTTP 429 for https://www.wikidata.org/w/api.php?action=wbsearchentities&format=json&language=en&type=item&limit=5&search=Solectrac
Solid Clouds (ICE: SOLID),12-Jul-2021,IPO,"""Seltjarnarnes, Iceland""",solid clouds,,Wikidata,ERROR,0,ERROR,,,HTTP 429 for https://www.wikidata.org/w/api.php?action=wbsearchentities&format=json&language=en&type=item&limit=5&search=Solid+Clouds
Solid Power (NAS: SLDP),07-Dec-2021,Reverse Merger,"""Louisville, CO""",solid power,,Wikidata,ERROR,0,ERROR,,,HTTP 429 for https://www.wikidata.org/w/api.php?action=wbsearchentities&format=json&language=en&type=item&limit=5&search=Solid+Power
Soliton,10-May-2021,Merger/Acquisition,"""Houston, TX""",soliton,,Wikidata,ERROR,0,ERROR,,,HTTP 429 for https://www.wikidata.org/w/api.php?action=wbsearchentities&format=json&language=en&type=item&limit=5&search=Soliton
Solvvy,19-May-2022,Merger/Acquisition,"""Burlingame, CA""",solvvy,,Wikidata,ERROR,0,ERROR,,,HTTP 429 for https://www.wikidata.org/w/api.php?action=wbsearchentities&format=json&language=en&type=item&limit=5&search=Solvvy
Solynta,26-Jan-2026,Merger/Acquisition,"""Wageningen, Netherlands""",solynta,,Wikidata,ERROR,0,ERROR,,,HTTP 429 for https://www.wikidata.org/w/api.php?action=wbsearchentities&format=json&language=en&type=item&limit=5&search=Solynta
Soma Labs Scientific,28-Apr-2022,Buyout/LBO,"""Langley, Canada""",soma labs scientific,,Wikidata,ERROR,0,ERROR,,,HTTP 429 for https://www.wikidata.org/w/api.php?action=wbsearchentities&format=json&language=en&type=item&limit=5&search=Soma+Labs+Scientific
Some Spider Studios,31-Aug-2021,Merger/Acquisition,"""New York, NY""",some spider studios,,Wikidata,ERROR,0,ERROR,,,HTTP 429 for https://www.wikidata.org/w/api.php?action=wbsearchentities&format=json&language=en&type=item&limit=5&search=Some+Spider+Studios
Sonantic,11-Jul-2022,Merger/Acquisition,"""London, United Kingdom""",sonantic,,Wikidata,ERROR,0,ERROR,,,HTTP 429 for https://www.wikidata.org/w/api.php?action=wbsearchentities&format=json&language=en&type=item&limit=5&search=Sonantic
Sonder Holdings (PINX: SONDQ),14-Jan-2022,Reverse Merger,"""San Francisco, CA""",sonder,,Wikidata,ERROR,0,ERROR,,,HTTP 429 for https://www.wikidata.org/w/api.php?action=wbsearchentities&format=json&language=en&type=item&limit=5&search=Sonder+Holdings
Sonnet.,24-Apr-2024,Merger/Acquisition,"""Sheridan, WY""",sonnet,,Wikidata,ERROR,0,ERROR,,,HTTP 429 for https://www.wikidata.org/w/api.php?action=wbsearchentities&format=json&language=en&type=item&limit=5&search=Sonnet.
SOPHiA GENETICS (NAS: SOPH),23-Jul-2021,IPO,"""Rolle, Switzerland""",sophia genetics,,Wikidata,ERROR,0,ERROR,,,HTTP 429 for https://www.wikidata.org/w/api.php?action=wbsearchentities&format=json&language=en&type=item&limit=5&search=SOPHiA+GENETICS
Sora (Network Management Software),05-Sep-2023,Merger/Acquisition,"""New York, NY""",sora (network management software),,Wikidata,ERROR,0,ERROR,,,HTTP 429 for https://www.wikidata.org/w/api.php?action=wbsearchentities&format=json&language=en&type=item&limit=5&search=Sora+%28Network+Management+Software%29
Sorted (Logistics) (LON: SORT),20-Feb-2024,Reverse Merger,"""Manchester, United Kingdom""",sorted (logistics),,Wikidata,ERROR,0,ERROR,,,HTTP 429 for https://www.wikidata.org/w/api.php?action=wbsearchentities&format=json&language=en&type=item&limit=5&search=Sorted+%28Logistics%29
Sotera,11-Jul-2022,Merger/Acquisition,"""Carlsbad, CA""",sotera,,Wikidata,ERROR,0,ERROR,,,HTTP 429 for https://www.wikidata.org/w/api.php?action=wbsearchentities&format=json&language=en&type=item&limit=5&search=Sotera
SoundHound AI (NAS: SOUN),27-Apr-2022,Reverse Merger,"""Santa Clara, CA""",soundhound ai,,Wikidata,ERROR,0,ERROR,,,HTTP 429 for https://www.wikidata.org/w/api.php?action=wbsearchentities&format=json&language=en&type=item&limit=5&search=SoundHound+AI
Source Rock Royalties (TSX: SRR),23-Feb-2022,IPO,"""Calgary, Canada""",source rock royalties,,Wikidata,ERROR,0,ERROR,,,HTTP 429 for https://www.wikidata.org/w/api.php?action=wbsearchentities&format=json&language=en&type=item&limit=5&search=Source+Rock+Royalties
Sourced Group,12-May-2021,Merger/Acquisition,"""Toronto, Canada""",sourced,,Wikidata,ERROR,0,ERROR,,,HTTP 429 for https://www.wikidata.org/w/api.php?action=wbsearchentities&format=json&language=en&type=item&limit=5&search=Sourced+Group
South West Brands,20-Apr-2023,Merger/Acquisition,"""Cheltenham, United Kingdom""",south west brands,,Wikidata,ERROR,0,ERROR,,,HTTP 429 for https://www.wikidata.org/w/api.php?action=wbsearchentities&format=json&language=en&type=item&limit=5&search=South+West+Brands
Soylent,15-Feb-2023,Merger/Acquisition,"""Los Angeles, CA""",soylent,,Wikidata,ERROR,0,ERROR,,,HTTP 429 for https://www.wikidata.org/w/api.php?action=wbsearchentities&format=json&language=en&type=item&limit=5&search=Soylent
Space Fox Games (WAR: FOX),13-Nov-2023,IPO,"""Warsaw, Poland""",space fox games,,Wikidata,ERROR,0,ERROR,,,HTTP 429 for https://www.wikidata.org/w/api.php?action=wbsearchentities&format=json&language=en&type=item&limit=5&search=Space+Fox+Games
Spartoo (PAR: ALSPT),07-Jul-2021,IPO,"""Grenoble, France""",spartoo,,Wikidata,ERROR,0,ERROR,,,HTTP 429 for https://www.wikidata.org/w/api.php?action=wbsearchentities&format=json&language=en&type=item&limit=5&search=Spartoo
Spear Power Systems,19-Nov-2021,Merger/Acquisition,"""Grandview, MO""",spear power systems,,Wikidata,ERROR,0,ERROR,,,HTTP 429 for https://www.wikidata.org/w/api.php?action=wbsearchentities&format=json&language=en&type=item&limit=5&search=Spear+Power+Systems
Spearad,18-Oct-2021,Merger/Acquisition,"""Frankfurt, Germany""",spearad,,Wikidata,ERROR,0,ERROR,,,HTTP 429 for https://www.wikidata.org/w/api.php?action=wbsearchentities&format=json&language=en&type=item&limit=5&search=Spearad
Specific ( Healthcare Devices and Supplies),18-May-2022,Merger/Acquisition,"""San Jose, CA""",specific ( healthcare devices and supplies),,Wikidata,ERROR,0,ERROR,,,HTTP 429 for https://www.wikidata.org/w/api.php?action=wbsearchentities&format=json&language=en&type=item&limit=5&search=Specific+%28+Healthcare+Devices+and+Supplies%29
Specificity (PINX: SPTY),01-Mar-2022,IPO,"""Tampa, FL""",specificity,,Wikidata,ERROR,0,ERROR,,,HTTP 429 for https://www.wikidata.org/w/api.php?action=wbsearchentities&format=json&language=en&type=item&limit=5&search=Specificity
Specto,23-Nov-2021,Merger/Acquisition,"""San Francisco, CA""",specto,,Wikidata,ERROR,0,ERROR,,,HTTP 429 for https://www.wikidata.org/w/api.php?action=wbsearchentities&format=json&language=en&type=item&limit=5&search=Specto
Spectra7 Microsystems,23-Apr-2025,Merger/Acquisition,"""San Jose, CA""",spectra7 microsystems,,Wikidata,ERROR,0,ERROR,,,HTTP 429 for https://www.wikidata.org/w/api.php?action=wbsearchentities&format=json&language=en&type=item&limit=5&search=Spectra7+Microsystems
Spectral AI (NAS: MDAI),22-Jun-2021,IPO,"""Dallas, TX""",spectral ai,,Wikidata,ERROR,0,ERROR,,,HTTP 429 for https://www.wikidata.org/w/api.php?action=wbsearchentities&format=json&language=en&type=item&limit=5&search=Spectral+AI
Speechly,18-Sep-2023,Merger/Acquisition,"""Helsinki, Finland""",speechly,,Wikidata,ERROR,0,ERROR,,,HTTP 429 for https://www.wikidata.org/w/api.php?action=wbsearchentities&format=json&language=en&type=item&limit=5&search=Speechly
Speed Digital,14-Apr-2022,Merger/Acquisition,"""Charlotte, NC""",speed digital,,Wikidata,ERROR,0,ERROR,,,HTTP 429 for https://www.wikidata.org/w/api.php?action=wbsearchentities&format=json&language=en&type=item&limit=5&search=Speed+Digital
SpendLabs,14-Jun-2021,Merger/Acquisition,"""Dublin, CA""",spendlabs,,Wikidata,ERROR,0,ERROR,,,HTTP 429 for https://www.wikidata.org/w/api.php?action=wbsearchentities&format=json&language=en&type=item&limit=5&search=SpendLabs
Spenn Investor,30-Jun-2021,Merger/Acquisition,"""Kristiansand, Norway""",spenn investor,,Wikidata,ERROR,0,ERROR,,,HTTP 429 for https://www.wikidata.org/w/api.php?action=wbsearchentities&format=json&language=en&type=item&limit=5&search=Spenn+Investor
Spherics (Business/Productivity Software),11-Oct-2022,Merger/Acquisition,"""Bristol, United Kingdom""",spherics (business/productivity software),,Wikidata,ERROR,0,ERROR,,,HTTP 429 for https://www.wikidata.org/w/api.php?action=wbsearchentities&format=json&language=en&type=item&limit=5&search=Spherics+%28Business%2FProductivity+Software%29
Spherio Group,09-Mar-2021,IPO,"""Stockholm, Sweden""",spherio,,Wikidata,ERROR,0,ERROR,,,HTTP 429 for https://www.wikidata.org/w/api.php?action=wbsearchentities&format=json&language=en&type=item&limit=5&search=Spherio+Group
Spiff,01-Feb-2024,Merger/Acquisition,"""Sandy, UT""",spiff,,Wikidata,ERROR,0,ERROR,,,HTTP 429 for https://www.wikidata.org/w/api.php?action=wbsearchentities&format=json&language=en&type=item&limit=5&search=Spiff
Spin (Automotive),19-Sep-2023,Merger/Acquisition,"""San Francisco, CA""",spin (automotive),,Wikidata,ERROR,0,ERROR,,,HTTP 429 for https://www.wikidata.org/w/api.php?action=wbsearchentities&format=json&language=en&type=item&limit=5&search=Spin+%28Automotive%29
Spindle Biotech,12-Jul-2023,Merger/Acquisition,"""Toronto, Canada""",spindle biotech,,Wikidata,ERROR,0,ERROR,,,HTTP 429 for https://www.wikidata.org/w/api.php?action=wbsearchentities&format=json&language=en&type=item&limit=5&search=Spindle+Biotech
Spinnova (HEL: SPINN),24-Jun-2021,IPO,"""Jyvaskyla, Finland""",spinnova,,Wikidata,ERROR,0,ERROR,,,HTTP 429 for https://www.wikidata.org/w/api.php?action=wbsearchentities&format=json&language=en&type=item&limit=5&search=Spinnova
Spintso,19-Jun-2024,Merger/Acquisition,"""Stockholm, Sweden""",spintso,,Wikidata,ERROR,0,ERROR,,,HTTP 429 for https://www.wikidata.org/w/api.php?action=wbsearchentities&format=json&language=en&type=item&limit=5&search=Spintso
Splunk,18-Mar-2024,Merger/Acquisition,"""San Jose, CA""",splunk,,Wikidata,ERROR,0,ERROR,,,HTTP 429 for https://www.wikidata.org/w/api.php?action=wbsearchentities&format=json&language=en&type=item&limit=5&search=Splunk
SportCC,01-Aug-2023,Merger/Acquisition,"""Copenhagen, Denmark""",sportcc,,Wikidata,ERROR,0,ERROR,,,HTTP 429 for https://www.wikidata.org/w/api.php?action=wbsearchentities&format=json&language=en&type=item&limit=5&search=SportCC
Sports Entertainment (NAS: SEGG),01-Oct-2021,Reverse Merger,"""Fort Worth, TX""",sports entertainment,,Wikidata,ERROR,0,ERROR,,,HTTP 429 for https://www.wikidata.org/w/api.php?action=wbsearchentities&format=json&language=en&type=item&limit=5&search=Sports+Entertainment
Spott (Commercial/Professional Insurance),02-Aug-2023,Merger/Acquisition,"""New York, NY""",spott (commercial/professional insurance),,Wikidata,ERROR,0,ERROR,,,HTTP 429 for https://www.wikidata.org/w/api.php?action=wbsearchentities&format=json&language=en&type=item&limit=5&search=Spott+%28Commercial%2FProfessional+Insurance%29
SpotX (Media and Information Services (B2B)),30-Apr-2021,Merger/Acquisition,"""Broomfield, CO""",spotx (media and information services (b2b)),,Wikidata,ERROR,0,ERROR,,,HTTP 429 for https://www.wikidata.org/w/api.php?action=wbsearchentities&format=json&language=en&type=item&limit=5&search=SpotX+%28Media+and+Information+Services+%28B2B%29%29
Spring Garden Capital Group,01-Oct-2024,Merger/Acquisition,"""Philadelphia, PA""",spring garden capital,,Wikidata,ERROR,0,ERROR,,,HTTP 429 for https://www.wikidata.org/w/api.php?action=wbsearchentities&format=json&language=en&type=item&limit=5&search=Spring+Garden+Capital+Group
Springbig Holdings (PINX: SBIG),15-Jun-2022,Reverse Merger,"""Boca Raton, FL""",springbig,,Wikidata,ERROR,0,ERROR,,,HTTP 429 for https://www.wikidata.org/w/api.php?action=wbsearchentities&format=json&language=en&type=item&limit=5&search=Springbig+Holdings
Springbuk,10-Sep-2025,Merger/Acquisition,"""Indianapolis, IN""",springbuk,,Wikidata,ERROR,0,ERROR,,,HTTP 429 for https://www.wikidata.org/w/api.php?action=wbsearchentities&format=json&language=en&type=item&limit=5&search=Springbuk
SpringWorks Therapeutics,01-Jul-2025,Merger/Acquisition,"""Stamford, CT""",springworks therapeutics,,Wikidata,ERROR,0,ERROR,,,HTTP 429 for https://www.wikidata.org/w/api.php?action=wbsearchentities&format=json&language=en&type=item&limit=5&search=SpringWorks+Therapeutics
Spruce (Real Estate Services (B2C)),11-Sep-2023,Merger/Acquisition,"""New York, NY""",spruce (real estate services (b2c)),,Wikidata,ERROR,0,ERROR,,,HTTP 429 for https://www.wikidata.org/w/api.php?action=wbsearchentities&format=json&language=en&type=item&limit=5&search=Spruce+%28Real+Estate+Services+%28B2C%29%29
Sprungpark.de,30-Sep-2025,Merger/Acquisition,"""Remchingen, Germany""",sprungparkde,,Wikidata,ERROR,0,ERROR,,,HTTP 429 for https://www.wikidata.org/w/api.php?action=wbsearchentities&format=json&language=en&type=item&limit=5&search=Sprungpark.de
Spur Therapeutics,17-Jun-2024,Buyout/LBO,"""Stevenage, United Kingdom""",spur therapeutics,,Wikidata,ERROR,0,ERROR,,,HTTP 429 for https://www.wikidata.org/w/api.php?action=wbsearchentities&format=json&language=en&type=item&limit=5&search=Spur+Therapeutics
Spyce,07-Sep-2021,Merger/Acquisition,"""Somerville, MA""",spyce,,Wikidata,ERROR,0,ERROR,,,HTTP 429 for https://www.wikidata.org/w/api.php?action=wbsearchentities&format=json&language=en&type=item&limit=5&search=Spyce
SpyGlass Pharma (NAS: SGP),06-Feb-2026,IPO,"""Aliso Viejo, CA""",spyglass pharma,,Wikidata,ERROR,0,ERROR,,,HTTP 429 for https://www.wikidata.org/w/api.php?action=wbsearchentities&format=json&language=en&type=item&limit=5&search=SpyGlass+Pharma
Spyrosoft BSG,13-Apr-2022,Merger/Acquisition,"""Wroclaw, Poland""",spyrosoft bsg,,Wikidata,ERROR,0,ERROR,,,HTTP 429 for https://www.wikidata.org/w/api.php?action=wbsearchentities&format=json&language=en&type=item&limit=5&search=Spyrosoft+BSG
SQM (Real Estate Services),01-Jan-2024,Merger/Acquisition,"""Oslo, Norway""",sqm (real estate services),,Wikidata,ERROR,0,ERROR,,,HTTP 429 for https://www.wikidata.org/w/api.php?action=wbsearchentities&format=json&language=en&type=item&limit=5&search=SQM+%28Real+Estate+Services%29
Sqreen,12-Apr-2021,Merger/Acquisition,"""Paris, France""",sqreen,,Wikidata,ERROR,0,ERROR,,,HTTP 429 for https://www.wikidata.org/w/api.php?action=wbsearchentities&format=json&language=en&type=item&limit=5&search=Sqreen
Squadle,17-Jun-2022,Merger/Acquisition,"""Cambridge, MA""",squadle,,Wikidata,ERROR,0,ERROR,,,HTTP 429 for https://www.wikidata.org/w/api.php?action=wbsearchentities&format=json&language=en&type=item&limit=5&search=Squadle
Squawka,03-Aug-2023,Merger/Acquisition,"""London, United Kingdom""",squawka,,Wikidata,ERROR,0,ERROR,,,HTTP 429 for https://www.wikidata.org/w/api.php?action=wbsearchentities&format=json&language=en&type=item&limit=5&search=Squawka
SS&C Blue Prism,16-Mar-2022,Merger/Acquisition,"""Warrington, United Kingdom""",ss and c blue prism,,Wikidata,ERROR,0,ERROR,,,HTTP 429 for https://www.wikidata.org/w/api.php?action=wbsearchentities&format=json&language=en&type=item&limit=5&search=SS%26C+Blue+Prism
SSIMWAVE,22-Sep-2022,Merger/Acquisition,"""Waterloo, Canada""",ssimwave,,Wikidata,ERROR,0,ERROR,,,HTTP 429 for https://www.wikidata.org/w/api.php?action=wbsearchentities&format=json&language=en&type=item&limit=5&search=SSIMWAVE
Stack Overflow,01-Aug-2021,Merger/Acquisition,"""New York, NY""",stack overflow,,Wikidata,ERROR,0,ERROR,,,HTTP 429 for https://www.wikidata.org/w/api.php?action=wbsearchentities&format=json&language=en&type=item&limit=5&search=Stack+Overflow
Stackla,02-Jun-2021,Merger/Acquisition,"""San Francisco, CA""",stackla,,Wikidata,ERROR,0,ERROR,,,HTTP 429 for https://www.wikidata.org/w/api.php?action=wbsearchentities&format=json&language=en&type=item&limit=5&search=Stackla
Stages Cycling,19-Sep-2024,Merger/Acquisition,"""Boulder, CO""",stages cycling,,Wikidata,ERROR,0,ERROR,,,HTTP 429 for https://www.wikidata.org/w/api.php?action=wbsearchentities&format=json&language=en&type=item&limit=5&search=Stages+Cycling
Stakelogic,26-Jul-2024,Merger/Acquisition,"""Eindhoven, Netherlands""",stakelogic,,Wikidata,ERROR,0,ERROR,,,HTTP 429 for https://www.wikidata.org/w/api.php?action=wbsearchentities&format=json&language=en&type=item&limit=5&search=Stakelogic
Stakes,16-Apr-2024,Merger/Acquisition,"""New York, NY""",stakes,,Wikidata,ERROR,0,ERROR,,,HTTP 429 for https://www.wikidata.org/w/api.php?action=wbsearchentities&format=json&language=en&type=item&limit=5&search=Stakes
Standard Bariatrics,27-Sep-2022,Merger/Acquisition,"""Cincinnati, OH""",standard bariatrics,,Wikidata,ERROR,0,ERROR,,,HTTP 429 for https://www.wikidata.org/w/api.php?action=wbsearchentities&format=json&language=en&type=item&limit=5&search=Standard+Bariatrics
StandardFusion,09-Jan-2026,Merger/Acquisition,"""Vancouver, Canada""",standardfusion,,Wikidata,ERROR,0,ERROR,,,HTTP 429 for https://www.wikidata.org/w/api.php?action=wbsearchentities&format=json&language=en&type=item&limit=5&search=StandardFusion
Starboard Solutions,28-Jun-2022,Merger/Acquisition,"""Atlanta, GA""",starboard solutions,,Wikidata,ERROR,0,ERROR,,,HTTP 429 for https://www.wikidata.org/w/api.php?action=wbsearchentities&format=json&language=en&type=item&limit=5&search=Starboard+Solutions
Stardust Solar Technologies (TSX: SUN),07-Oct-2024,Reverse Merger,"""Burnaby, Canada""",stardust solar technologies,,Wikidata,ERROR,0,ERROR,,,HTTP 429 for https://www.wikidata.org/w/api.php?action=wbsearchentities&format=json&language=en&type=item&limit=5&search=Stardust+Solar+Technologies
Starfighters Space (ASE: FJET),18-Dec-2025,IPO,"""Cape Canaveral, FL""",starfighters space,,Wikidata,ERROR,0,ERROR,,,HTTP 429 for https://www.wikidata.org/w/api.php?action=wbsearchentities&format=json&language=en&type=item&limit=5&search=Starfighters+Space
Starschema,01-Mar-2022,Merger/Acquisition,"""Arlington, VA""",starschema,,Wikidata,ERROR,0,ERROR,,,HTTP 429 for https://www.wikidata.org/w/api.php?action=wbsearchentities&format=json&language=en&type=item&limit=5&search=Starschema
Startuppz,02-Aug-2023,Buyout/LBO,"""New York, NY""",startuppz,,Wikidata,ERROR,0,ERROR,,,HTTP 429 for https://www.wikidata.org/w/api.php?action=wbsearchentities&format=json&language=en&type=item&limit=5&search=Startuppz
stashcat,10-May-2021,Merger/Acquisition,"""Hanover, Germany""",stashcat,,Wikidata,ERROR,0,ERROR,,,HTTP 429 for https://www.wikidata.org/w/api.php?action=wbsearchentities&format=json&language=en&type=item&limit=5&search=stashcat
Statera Biopharma (PINX: STAB),28-Jul-2021,Reverse Merger,"""Fort Collins, CO""",statera biopharma,,Wikidata,ERROR,0,ERROR,,,HTTP 429 for https://www.wikidata.org/w/api.php?action=wbsearchentities&format=json&language=en&type=item&limit=5&search=Statera+Biopharma
Statice,02-Nov-2022,Merger/Acquisition,"""Berlin, Germany""",statice,,Wikidata,ERROR,0,ERROR,,,HTTP 429 for https://www.wikidata.org/w/api.php?action=wbsearchentities&format=json&language=en&type=item&limit=5&search=Statice
Statsig,02-Sep-2025,Merger/Acquisition,"""Bellevue, WA""",statsig,,Wikidata,ERROR,0,ERROR,,,HTTP 429 for https://www.wikidata.org/w/api.php?action=wbsearchentities&format=json&language=en&type=item&limit=5&search=Statsig
StaySafe,14-Jun-2022,Merger/Acquisition,"""London, United Kingdom""",staysafe,,Wikidata,ERROR,0,ERROR,,,HTTP 429 for https://www.wikidata.org/w/api.php?action=wbsearchentities&format=json&language=en&type=item&limit=5&search=StaySafe
StayTuned (Business/Productivity Software),27-Jun-2024,Merger/Acquisition,"""New York, NY""",staytuned (business/productivity software),,Wikidata,ERROR,0,ERROR,,,HTTP 429 for https://www.wikidata.org/w/api.php?action=wbsearchentities&format=json&language=en&type=item&limit=5&search=StayTuned+%28Business%2FProductivity+Software%29
Stem (NYS: STEM),28-Apr-2021,Reverse Merger,"""Houston, TX""",stem,,Wikidata,ERROR,0,ERROR,,,HTTP 429 for https://www.wikidata.org/w/api.php?action=wbsearchentities&format=json&language=en&type=item&limit=5&search=Stem
StemoniX,30-Mar-2021,Merger/Acquisition,"""Maple Grove, MN""",stemonix,,Wikidata,ERROR,0,ERROR,,,HTTP 429 for https://www.wikidata.org/w/api.php?action=wbsearchentities&format=json&language=en&type=item&limit=5&search=StemoniX
Stereolabs,04-Feb-2026,Merger/Acquisition,"""San Francisco, CA""",stereolabs,,Wikidata,ERROR,0,ERROR,,,HTTP 429 for https://www.wikidata.org/w/api.php?action=wbsearchentities&format=json&language=en&type=item&limit=5&search=Stereolabs
Stilio (Media and Information Services (B2B)),10-Dec-2021,Merger/Acquisition,"""New Orleans, LA""",stilio (media and information services (b2b)),,Wikidata,ERROR,0,ERROR,,,HTTP 429 for https://www.wikidata.org/w/api.php?action=wbsearchentities&format=json&language=en&type=item&limit=5&search=Stilio+%28Media+and+Information+Services+%28B2B%29%29
Stilla Technologies,30-Jun-2025,Merger/Acquisition,"""Villejuif, France""",stilla technologies,,Wikidata,ERROR,0,ERROR,,,HTTP 429 for https://www.wikidata.org/w/api.php?action=wbsearchentities&format=json&language=en&type=item&limit=5&search=Stilla+Technologies
Stimit (Therapeutic Devices),01-Apr-2021,Merger/Acquisition,"""Biel, Switzerland""",stimit (therapeutic devices),,Wikidata,ERROR,0,ERROR,,,HTTP 429 for https://www.wikidata.org/w/api.php?action=wbsearchentities&format=json&language=en&type=item&limit=5&search=Stimit+%28Therapeutic+Devices%29
Sting Industries,10-May-2021,Buyout/LBO,"""Isleworth, United Kingdom""",sting industries,,Wikidata,ERROR,0,ERROR,,,HTTP 429 for https://www.wikidata.org/w/api.php?action=wbsearchentities&format=json&language=en&type=item&limit=5&search=Sting+Industries
StitcherAds,18-Oct-2021,Merger/Acquisition,"""Waterford, Ireland""",stitcherads,,Wikidata,ERROR,0,ERROR,,,HTTP 429 for https://www.wikidata.org/w/api.php?action=wbsearchentities&format=json&language=en&type=item&limit=5&search=StitcherAds
Stocard,22-Jul-2021,Merger/Acquisition,"""Mannheim, Germany""",stocard,,Wikidata,ERROR,0,ERROR,,,HTTP 429 for https://www.wikidata.org/w/api.php?action=wbsearchentities&format=json&language=en&type=item&limit=5&search=Stocard
StoryToys,01-Jul-2021,Merger/Acquisition,"""Dublin, Ireland""",storytoys,,Wikidata,ERROR,0,ERROR,,,HTTP 429 for https://www.wikidata.org/w/api.php?action=wbsearchentities&format=json&language=en&type=item&limit=5&search=StoryToys
Strainz,14-Jun-2021,Merger/Acquisition,"""Reno, NV""",strainz,,Wikidata,ERROR,0,ERROR,,,HTTP 429 for https://www.wikidata.org/w/api.php?action=wbsearchentities&format=json&language=en&type=item&limit=5&search=Strainz
Strata Critical Medical (NAS: SRTA),07-May-2021,Reverse Merger,"""New York, NY""",strata critical medical,,Wikidata,ERROR,0,ERROR,,,HTTP 429 for https://www.wikidata.org/w/api.php?action=wbsearchentities&format=json&language=en&type=item&limit=5&search=Strata+Critical+Medical
Strata Health,29-Oct-2024,Merger/Acquisition,"""Calgary, Canada""",strata health,,Wikidata,ERROR,0,ERROR,,,HTTP 429 for https://www.wikidata.org/w/api.php?action=wbsearchentities&format=json&language=en&type=item&limit=5&search=Strata+Health
Strategic Partners (Denmark) (CSE: STRAP),31-May-2022,Merger/Acquisition,"""Herlev, Denmark""",strategic partners (denmark),,Wikidata,ERROR,0,ERROR,,,HTTP 429 for https://www.wikidata.org/w/api.php?action=wbsearchentities&format=json&language=en&type=item&limit=5&search=Strategic+Partners+%28Denmark%29
Stratify Genomics,23-Dec-2021,Merger/Acquisition,"""San Diego, CA""",stratify genomics,,Wikidata,ERROR,0,ERROR,,,HTTP 429 for https://www.wikidata.org/w/api.php?action=wbsearchentities&format=json&language=en&type=item&limit=5&search=Stratify+Genomics
Stratumn,21-Mar-2022,Merger/Acquisition,"""Paris, France""",stratumn,,Wikidata,ERROR,0,ERROR,,,HTTP 429 for https://www.wikidata.org/w/api.php?action=wbsearchentities&format=json&language=en&type=item&limit=5&search=Stratumn
Strawbees,31-Jan-2023,Merger/Acquisition,"""Gothenburg, Sweden""",strawbees,,Wikidata,ERROR,0,ERROR,,,HTTP 429 for https://www.wikidata.org/w/api.php?action=wbsearchentities&format=json&language=en&type=item&limit=5&search=Strawbees
Streamlit,31-Mar-2022,Merger/Acquisition,"""San Francisco, CA""",streamlit,,Wikidata,ERROR,0,ERROR,,,HTTP 429 for https://www.wikidata.org/w/api.php?action=wbsearchentities&format=json&language=en&type=item&limit=5&search=Streamlit
StreamSets,18-Apr-2022,Merger/Acquisition,"""San Francisco, CA""",streamsets,,Wikidata,ERROR,0,ERROR,,,HTTP 429 for https://www.wikidata.org/w/api.php?action=wbsearchentities&format=json&language=en&type=item&limit=5&search=StreamSets
StreetLight Data,04-Feb-2022,Merger/Acquisition,"""San Francisco, CA""",streetlight data,,Wikidata,ERROR,0,ERROR,,,HTTP 429 for https://www.wikidata.org/w/api.php?action=wbsearchentities&format=json&language=en&type=item&limit=5&search=StreetLight+Data
StreetShares,01-Apr-2022,Merger/Acquisition,"""Reston, VA""",streetshares,,Wikidata,ERROR,0,ERROR,,,HTTP 429 for https://www.wikidata.org/w/api.php?action=wbsearchentities&format=json&language=en&type=item&limit=5&search=StreetShares
StrideBio,05-Apr-2023,Merger/Acquisition,"""Durham, NC""",stridebio,,Wikidata,ERROR,0,ERROR,,,HTTP 429 for https://www.wikidata.org/w/api.php?action=wbsearchentities&format=json&language=en&type=item&limit=5&search=StrideBio
Strive,12-Sep-2025,Reverse Merger,"""Dublin, OH""",strive,,Wikidata,ERROR,0,ERROR,,,HTTP 429 for https://www.wikidata.org/w/api.php?action=wbsearchentities&format=json&language=en&type=item&limit=5&search=Strive
Strong Roots,11-Apr-2024,Merger/Acquisition,"""Dublin, Ireland""",strong roots,,Wikidata,ERROR,0,ERROR,,,HTTP 429 for https://www.wikidata.org/w/api.php?action=wbsearchentities&format=json&language=en&type=item&limit=5&search=Strong+Roots
Stronghold Digital Mining,20-Oct-2021,IPO,"""Kennerdell, PA""",stronghold digital mining,,Wikidata,ERROR,0,ERROR,,,HTTP 429 for https://www.wikidata.org/w/api.php?action=wbsearchentities&format=json&language=en&type=item&limit=5&search=Stronghold+Digital+Mining
Strossle,07-Jul-2021,Merger/Acquisition,"""Stockholm, Sweden""",strossle,,Wikidata,ERROR,0,ERROR,,,HTTP 429 for https://www.wikidata.org/w/api.php?action=wbsearchentities&format=json&language=en&type=item&limit=5&search=Strossle
Structure Therapeutics (NAS: GPCR),03-Feb-2023,IPO,"""San Francisco, CA""",structure therapeutics,,Wikidata,ERROR,0,ERROR,,,HTTP 429 for https://www.wikidata.org/w/api.php?action=wbsearchentities&format=json&language=en&type=item&limit=5&search=Structure+Therapeutics
StruXure Outdoor,29-Dec-2021,Merger/Acquisition,"""Atlanta, GA""",struxure outdoor,,Wikidata,ERROR,0,ERROR,,,HTTP 429 for https://www.wikidata.org/w/api.php?action=wbsearchentities&format=json&language=en&type=item&limit=5&search=StruXure+Outdoor
StubHub (NYS: STUB),17-Sep-2025,IPO,"""New York, NY""",stubhub,,Wikidata,ERROR,0,ERROR,,,HTTP 429 for https://www.wikidata.org/w/api.php?action=wbsearchentities&format=json&language=en&type=item&limit=5&search=StubHub
Stylus,07-Jul-2025,Merger/Acquisition,"""London, United Kingdom""",stylus,,Wikidata,ERROR,0,ERROR,,,HTTP 429 for https://www.wikidata.org/w/api.php?action=wbsearchentities&format=json&language=en&type=item&limit=5&search=Stylus
Sub(x),16-Aug-2024,Merger/Acquisition,"""London, United Kingdom""",sub(x),,Wikidata,ERROR,0,ERROR,,,HTTP 429 for https://www.wikidata.org/w/api.php?action=wbsearchentities&format=json&language=en&type=item&limit=5&search=Sub%28x%29
Sublime Canna,02-Jul-2021,Merger/Acquisition,"""Oakland, CA""",sublime canna,,Wikidata,ERROR,0,ERROR,,,HTTP 429 for https://www.wikidata.org/w/api.php?action=wbsearchentities&format=json&language=en&type=item&limit=5&search=Sublime+Canna
Sucro (TSX: SUGR),30-Oct-2023,IPO,"""Coral Gables, FL""",sucro,,Wikidata,ERROR,0,ERROR,,,HTTP 429 for https://www.wikidata.org/w/api.php?action=wbsearchentities&format=json&language=en&type=item&limit=5&search=Sucro
SUD Renovables,22-Jun-2022,Merger/Acquisition,"""Barcelona, Spain""",sud renovables,,Wikidata,ERROR,0,ERROR,,,HTTP 429 for https://www.wikidata.org/w/api.php?action=wbsearchentities&format=json&language=en&type=item&limit=5&search=SUD+Renovables
SunCommon,04-Oct-2021,Merger/Acquisition,"""Waterbury, VT""",suncommon,,Wikidata,ERROR,0,ERROR,,,HTTP 429 for https://www.wikidata.org/w/api.php?action=wbsearchentities&format=json&language=en&type=item&limit=5&search=SunCommon
Sunnyside (Framingham),02-Sep-2021,Merger/Acquisition,"""Leicester, MA""",sunnyside (framingham),,Wikidata,ERROR,0,ERROR,,,HTTP 429 for https://www.wikidata.org/w/api.php?action=wbsearchentities&format=json&language=en&type=item&limit=5&search=Sunnyside+%28Framingham%29
Super Biz,04-Oct-2021,Merger/Acquisition,"""New York, NY""",super biz,,Wikidata,ERROR,0,ERROR,,,HTTP 429 for https://www.wikidata.org/w/api.php?action=wbsearchentities&format=json&language=en&type=item&limit=5&search=Super+Biz
Super Free Games,29-Jan-2021,Merger/Acquisition,"""San Francisco, CA""",super free games,,Wikidata,ERROR,0,ERROR,,,HTTP 429 for https://www.wikidata.org/w/api.php?action=wbsearchentities&format=json&language=en&type=item&limit=5&search=Super+Free+Games
Super League (NAS: SLE),22-Dec-2023,IPO,"""Santa Monica, CA""",super league,,Wikidata,ERROR,0,ERROR,,,HTTP 429 for https://www.wikidata.org/w/api.php?action=wbsearchentities&format=json&language=en&type=item&limit=5&search=Super+League
Supercharge (Business/Productivity Software),26-Feb-2021,Merger/Acquisition,"""Budapest, Hungary""",supercharge (business/productivity software),,Wikidata,ERROR,0,ERROR,,,HTTP 429 for https://www.wikidata.org/w/api.php?action=wbsearchentities&format=json&language=en&type=item&limit=5&search=Supercharge+%28Business%2FProductivity+Software%29
Superette (Consumer Non-Durables),07-Feb-2023,Merger/Acquisition,"""Toronto, Canada""",superette (consumer non-durables),,Wikidata,ERROR,0,ERROR,,,HTTP 429 for https://www.wikidata.org/w/api.php?action=wbsearchentities&format=json&language=en&type=item&limit=5&search=Superette+%28Consumer+Non-Durables%29
Superfruit Scandinavia,01-Apr-2021,Merger/Acquisition,"""Vaxjo, Sweden""",superfruit scandinavia,,Wikidata,ERROR,0,ERROR,,,HTTP 429 for https://www.wikidata.org/w/api.php?action=wbsearchentities&format=json&language=en&type=item&limit=5&search=Superfruit+Scandinavia
SuperHuman Labs.,17-Jul-2025,Merger/Acquisition,"""San Francisco, CA""",superhuman labs,,Wikidata,ERROR,0,ERROR,,,HTTP 429 for https://www.wikidata.org/w/api.php?action=wbsearchentities&format=json&language=en&type=item&limit=5&search=SuperHuman+Labs.
SuperNode (Energy Infrastructure),20-Jan-2021,Merger/Acquisition,"""Dublin, Ireland""",supernode (energy infrastructure),,Wikidata,ERROR,0,ERROR,,,HTTP 429 for https://www.wikidata.org/w/api.php?action=wbsearchentities&format=json&language=en&type=item&limit=5&search=SuperNode+%28Energy+Infrastructure%29
Supply Vision,05-Jan-2023,Merger/Acquisition,"""Phoenix, AZ""",supply vision,,Wikidata,ERROR,0,ERROR,,,HTTP 429 for https://www.wikidata.org/w/api.php?action=wbsearchentities&format=json&language=en&type=item&limit=5&search=Supply+Vision
SupplyFrame,19-Aug-2021,Merger/Acquisition,"""Pasadena, CA""",supplyframe,,Wikidata,ERROR,0,ERROR,,,HTTP 429 for https://www.wikidata.org/w/api.php?action=wbsearchentities&format=json&language=en&type=item&limit=5&search=SupplyFrame
SupplyPike,31-Jul-2024,Merger/Acquisition,"""Rogers, AR""",supplypike,,Wikidata,ERROR,0,ERROR,,,HTTP 429 for https://www.wikidata.org/w/api.php?action=wbsearchentities&format=json&language=en&type=item&limit=5&search=SupplyPike
Sureline Systems,20-May-2021,Merger/Acquisition,"""San Jose, CA""",sureline systems,,Wikidata,ERROR,0,ERROR,,,HTTP 429 for https://www.wikidata.org/w/api.php?action=wbsearchentities&format=json&language=en&type=item&limit=5&search=Sureline+Systems
Surf Bio,01-Dec-2025,Merger/Acquisition,"""Palo Alto, CA""",surf bio,,Wikidata,ERROR,0,ERROR,,,HTTP 429 for https://www.wikidata.org/w/api.php?action=wbsearchentities&format=json&language=en&type=item&limit=5&search=Surf+Bio
Surface Oncology,08-Sep-2023,Merger/Acquisition,"""Cambridge, MA""",surface oncology,,Wikidata,ERROR,0,ERROR,,,HTTP 429 for https://www.wikidata.org/w/api.php?action=wbsearchentities&format=json&language=en&type=item&limit=5&search=Surface+Oncology
Surgical Innovation Associates,06-Dec-2022,Merger/Acquisition,"""Chicago, IL""",surgical innovation associates,,Wikidata,ERROR,0,ERROR,,,HTTP 429 for https://www.wikidata.org/w/api.php?action=wbsearchentities&format=json&language=en&type=item&limit=5&search=Surgical+Innovation+Associates
Surrozen (NAS: SRZN),11-Aug-2021,Reverse Merger,"""South San Francisco, CA""",surrozen,,Wikidata,ERROR,0,ERROR,,,HTTP 429 for https://www.wikidata.org/w/api.php?action=wbsearchentities&format=json&language=en&type=item&limit=5&search=Surrozen
Sust Global,04-Aug-2025,Merger/Acquisition,"""London, United Kingdom""",sust global,,Wikidata,ERROR,0,ERROR,,,HTTP 429 for https://www.wikidata.org/w/api.php?action=wbsearchentities&format=json&language=en&type=item&limit=5&search=Sust+Global
Sustain.Life,17-Jun-2024,Merger/Acquisition,"""Jersey City, NJ""",sustainlife,,Wikidata,ERROR,0,ERROR,,,HTTP 429 for https://www.wikidata.org/w/api.php?action=wbsearchentities&format=json&language=en&type=item&limit=5&search=Sustain.Life
Suzhou Sepax Technologies (SHG: 688758),10-Jan-2025,IPO,"""Newark, DE""",suzhou sepax technologies,,Wikidata,ERROR,0,ERROR,,,HTTP 429 for https://www.wikidata.org/w/api.php?action=wbsearchentities&format=json&language=en&type=item&limit=5&search=Suzhou+Sepax+Technologies
SwagUp,04-Dec-2024,Merger/Acquisition,"""Piscataway, NJ""",swagup,,Wikidata,ERROR,0,ERROR,,,HTTP 429 for https://www.wikidata.org/w/api.php?action=wbsearchentities&format=json&language=en&type=item&limit=5&search=SwagUp
Swarm64,20-Aug-2021,Merger/Acquisition,"""Oslo, Norway""",swarm64,,Wikidata,ERROR,0,ERROR,,,HTTP 429 for https://www.wikidata.org/w/api.php?action=wbsearchentities&format=json&language=en&type=item&limit=5&search=Swarm64
Swascan,11-Apr-2024,Merger/Acquisition,"""Cernusco Sul Naviglio, Italy""",swascan,,Wikidata,ERROR,0,ERROR,,,HTTP 429 for https://www.wikidata.org/w/api.php?action=wbsearchentities&format=json&language=en&type=item&limit=5&search=Swascan
Sweden Buyersclub (STO: BUY),20-Jun-2022,IPO,"""Johanneshov, Sweden""",sweden buyersclub,,Wikidata,ERROR,0,ERROR,,,HTTP 429 for https://www.wikidata.org/w/api.php?action=wbsearchentities&format=json&language=en&type=item&limit=5&search=Sweden+Buyersclub
Swedspot,01-Jun-2022,Merger/Acquisition,"""Trollhattan, Sweden""",swedspot,,Wikidata,ERROR,0,ERROR,,,HTTP 429 for https://www.wikidata.org/w/api.php?action=wbsearchentities&format=json&language=en&type=item&limit=5&search=Swedspot
Sweetgreen (NYS: SG),18-Nov-2021,IPO,"""Los Angeles, CA""",sweetgreen,,Wikidata,ERROR,0,ERROR,,,HTTP 429 for https://www.wikidata.org/w/api.php?action=wbsearchentities&format=json&language=en&type=item&limit=5&search=Sweetgreen
Swipcar,15-Nov-2021,Merger/Acquisition,"""Barcelona, Spain""",swipcar,,Wikidata,ERROR,0,ERROR,,,HTTP 429 for https://www.wikidata.org/w/api.php?action=wbsearchentities&format=json&language=en&type=item&limit=5&search=Swipcar
SWIR Vision Systems,01-Jul-2024,Merger/Acquisition,"""Durham, NC""",swir vision systems,,Wikidata,ERROR,0,ERROR,,,HTTP 429 for https://www.wikidata.org/w/api.php?action=wbsearchentities&format=json&language=en&type=item&limit=5&search=SWIR+Vision+Systems
Switcho,03-Jul-2024,Merger/Acquisition,"""Milan, Italy""",switcho,,Wikidata,ERROR,0,ERROR,,,HTTP 429 for https://www.wikidata.org/w/api.php?action=wbsearchentities&format=json&language=en&type=item&limit=5&search=Switcho
Symbio Me,09-May-2022,Merger/Acquisition,"""Malm�, Sweden""",symbio me,,Wikidata,ERROR,0,ERROR,,,HTTP 429 for https://www.wikidata.org/w/api.php?action=wbsearchentities&format=json&language=en&type=item&limit=5&search=Symbio+Me
Symbiont.io,05-Jun-2023,Merger/Acquisition,"""New York, NY""",symbiontio,,Wikidata,ERROR,0,ERROR,,,HTTP 429 for https://www.wikidata.org/w/api.php?action=wbsearchentities&format=json&language=en&type=item&limit=5&search=Symbiont.io
Symbiosys,28-May-2025,Merger/Acquisition,"""Bellevue, WA""",symbiosys,,Wikidata,ERROR,0,ERROR,,,HTTP 429 for https://www.wikidata.org/w/api.php?action=wbsearchentities&format=json&language=en&type=item&limit=5&search=Symbiosys
Symeo,04-Jan-2022,Merger/Acquisition,"""Munich, Germany""",symeo,,Wikidata,ERROR,0,ERROR,,,HTTP 429 for https://www.wikidata.org/w/api.php?action=wbsearchentities&format=json&language=en&type=item&limit=5&search=Symeo
Synaffix,31-May-2023,Merger/Acquisition,"""Oss, Netherlands""",synaffix,,Wikidata,ERROR,0,ERROR,,,HTTP 429 for https://www.wikidata.org/w/api.php?action=wbsearchentities&format=json&language=en&type=item&limit=5&search=Synaffix
Syndesi Therapeutics,25-Feb-2022,Merger/Acquisition,"""Ottignies-Louvain-la-Neuve, Belgium""",syndesi therapeutics,,Wikidata,ERROR,0,ERROR,,,HTTP 429 for https://www.wikidata.org/w/api.php?action=wbsearchentities&format=json&language=en&type=item&limit=5&search=Syndesi+Therapeutics
Synimmune,29-Dec-2023,Merger/Acquisition,"""Tubingen, Germany""",synimmune,,Wikidata,ERROR,0,ERROR,,,HTTP 429 for https://www.wikidata.org/w/api.php?action=wbsearchentities&format=json&language=en&type=item&limit=5&search=Synimmune
Syra Health (PINX: SYRA),29-Sep-2023,IPO,"""Carmel, IN""",syra health,,Wikidata,ERROR,0,ERROR,,,HTTP 429 for https://www.wikidata.org/w/api.php?action=wbsearchentities&format=json&language=en&type=item&limit=5&search=Syra+Health
Syrinix,05-Jan-2023,Merger/Acquisition,"""Norwich, United Kingdom""",syrinix,,Wikidata,ERROR,0,ERROR,,,HTTP 429 for https://www.wikidata.org/w/api.php?action=wbsearchentities&format=json&language=en&type=item&limit=5&search=Syrinix
Sysmex Astrego,02-May-2022,Merger/Acquisition,"""Uppsala, Sweden""",sysmex astrego,,Wikidata,ERROR,0,ERROR,,,HTTP 429 for https://www.wikidata.org/w/api.php?action=wbsearchentities&format=json&language=en&type=item&limit=5&search=Sysmex+Astrego
T1 Energy (NYS: TE),08-Jul-2021,Reverse Merger,"""Austin, TX""",t1 energy,,Wikidata,ERROR,0,ERROR,,,HTTP 429 for https://www.wikidata.org/w/api.php?action=wbsearchentities&format=json&language=en&type=item&limit=5&search=T1+Energy
T3 Pharmaceuticals,22-Nov-2023,Merger/Acquisition,"""Allschwil, Switzerland""",t3 pharmaceuticals,,Wikidata,ERROR,0,ERROR,,,HTTP 429 for https://www.wikidata.org/w/api.php?action=wbsearchentities&format=json&language=en&type=item&limit=5&search=T3+Pharmaceuticals
Tablo (Electronics (B2C)),05-Jan-2022,Merger/Acquisition,"""Cincinnati, OH""",tablo (electronics (b2c)),,Wikidata,ERROR,0,ERROR,,,HTTP 429 for https://www.wikidata.org/w/api.php?action=wbsearchentities&format=json&language=en&type=item&limit=5&search=Tablo+%28Electronics+%28B2C%29%29
Taboola (NAS: TBLA),30-Jun-2021,Reverse Merger,"""New York, NY""",taboola,,Wikidata,ERROR,0,ERROR,,,HTTP 429 for https://www.wikidata.org/w/api.php?action=wbsearchentities&format=json&language=en&type=item&limit=5&search=Taboola
Tabular,04-Jun-2024,Merger/Acquisition,"""San Jose, CA""",tabular,,Wikidata,ERROR,0,ERROR,,,HTTP 429 for https://www.wikidata.org/w/api.php?action=wbsearchentities&format=json&language=en&type=item&limit=5&search=Tabular
TAC Security (NSE: TAC),05-Apr-2024,IPO,"""San Francisco, CA""",tac security,,Wikidata,ERROR,0,ERROR,,,HTTP 429 for https://www.wikidata.org/w/api.php?action=wbsearchentities&format=json&language=en&type=item&limit=5&search=TAC+Security
Tag Games,29-Jun-2023,Merger/Acquisition,"""Dundee, United Kingdom""",tag games,,Wikidata,ERROR,0,ERROR,,,HTTP 429 for https://www.wikidata.org/w/api.php?action=wbsearchentities&format=json&language=en&type=item&limit=5&search=Tag+Games
Tagger,02-Aug-2023,Merger/Acquisition,"""Santa Monica, CA""",tagger,,Wikidata,ERROR,0,ERROR,,,HTTP 429 for https://www.wikidata.org/w/api.php?action=wbsearchentities&format=json&language=en&type=item&limit=5&search=Tagger
Taimer,01-Jan-2022,Merger/Acquisition,"""Helsinki, Finland""",taimer,,Wikidata,ERROR,0,ERROR,,,HTTP 429 for https://www.wikidata.org/w/api.php?action=wbsearchentities&format=json&language=en&type=item&limit=5&search=Taimer
TakeOut7,29-May-2025,Merger/Acquisition,"""Hartford, CT""",takeout7,,Wikidata,ERROR,0,ERROR,,,HTTP 429 for https://www.wikidata.org/w/api.php?action=wbsearchentities&format=json&language=en&type=item&limit=5&search=TakeOut7
Talaris Therapeutics,07-May-2021,IPO,"""Louisville, KY""",talaris therapeutics,,Wikidata,ERROR,0,ERROR,,,HTTP 429 for https://www.wikidata.org/w/api.php?action=wbsearchentities&format=json&language=en&type=item&limit=5&search=Talaris+Therapeutics
TalentSpace,31-Mar-2022,Merger/Acquisition,"""Berlin, Germany""",talentspace,,Wikidata,ERROR,0,ERROR,,,HTTP 429 for https://www.wikidata.org/w/api.php?action=wbsearchentities&format=json&language=en&type=item&limit=5&search=TalentSpace
Talenya,27-Oct-2022,Merger/Acquisition,"""Hoboken, NJ""",talenya,,Wikidata,ERROR,0,ERROR,,,HTTP 429 for https://www.wikidata.org/w/api.php?action=wbsearchentities&format=json&language=en&type=item&limit=5&search=Talenya
Talis Biomedical (PINX: TLIS),12-Feb-2021,IPO,"""Menlo Park, CA""",talis biomedical,,Wikidata,ERROR,0,ERROR,,,HTTP 429 for https://www.wikidata.org/w/api.php?action=wbsearchentities&format=json&language=en&type=item&limit=5&search=Talis+Biomedical
Talis Clinical,23-Dec-2021,Merger/Acquisition,"""Streetsboro, OH""",talis clinical,,Wikidata,ERROR,0,ERROR,,,HTTP 429 for https://www.wikidata.org/w/api.php?action=wbsearchentities&format=json&language=en&type=item&limit=5&search=Talis+Clinical
Talkspace (NAS: TALK),23-Jun-2021,Reverse Merger,"""Portsmouth, NH""",talkspace,,Wikidata,ERROR,0,ERROR,,,HTTP 429 for https://www.wikidata.org/w/api.php?action=wbsearchentities&format=json&language=en&type=item&limit=5&search=Talkspace
Tallo,08-Jul-2022,Merger/Acquisition,"""Reston, VA""",tallo,,Wikidata,ERROR,0,ERROR,,,HTTP 429 for https://www.wikidata.org/w/api.php?action=wbsearchentities&format=json&language=en&type=item&limit=5&search=Tallo
Talos (Software Development Applications),08-Sep-2021,Merger/Acquisition,"""Miami, FL""",talos (software development applications),,Wikidata,ERROR,0,ERROR,,,HTTP 429 for https://www.wikidata.org/w/api.php?action=wbsearchentities&format=json&language=en&type=item&limit=5&search=Talos+%28Software+Development+Applications%29
Tan Delta Systems (LON: TAND),18-Aug-2023,IPO,"""Sheffield, United Kingdom""",tan delta systems,,Wikidata,ERROR,0,ERROR,,,HTTP 429 for https://www.wikidata.org/w/api.php?action=wbsearchentities&format=json&language=en&type=item&limit=5&search=Tan+Delta+Systems
Tango Health,19-Nov-2021,Merger/Acquisition,"""Austin, TX""",tango health,,Wikidata,ERROR,0,ERROR,,,HTTP 429 for https://www.wikidata.org/w/api.php?action=wbsearchentities&format=json&language=en&type=item&limit=5&search=Tango+Health
Tango Therapeutics (NAS: TNGX),11-Aug-2021,Reverse Merger,"""Boston, MA""",tango therapeutics,,Wikidata,ERROR,0,ERROR,,,HTTP 429 for https://www.wikidata.org/w/api.php?action=wbsearchentities&format=json&language=en&type=item&limit=5&search=Tango+Therapeutics
Tap (Financial Software) (LON: TAP),10-Jan-2023,Reverse Merger,"""Gibraltar, Gibraltar""",tap (financial software),,Wikidata,ERROR,0,ERROR,,,HTTP 429 for https://www.wikidata.org/w/api.php?action=wbsearchentities&format=json&language=en&type=item&limit=5&search=Tap+%28Financial+Software%29
Tapjoy,10-Jan-2022,Merger/Acquisition,"""San Francisco, CA""",tapjoy,,Wikidata,ERROR,0,ERROR,,,HTTP 429 for https://www.wikidata.org/w/api.php?action=wbsearchentities&format=json&language=en&type=item&limit=5&search=Tapjoy
Tapkit (Business/Productivity Software),06-Apr-2022,Merger/Acquisition,"""London, United Kingdom""",tapkit (business/productivity software),,Wikidata,ERROR,0,ERROR,,,HTTP 429 for https://www.wikidata.org/w/api.php?action=wbsearchentities&format=json&language=en&type=item&limit=5&search=Tapkit+%28Business%2FProductivity+Software%29
Tapp Water,13-Sep-2023,Merger/Acquisition,"""Barcelona, Spain""",tapp water,,Wikidata,ERROR,0,ERROR,,,HTTP 429 for https://www.wikidata.org/w/api.php?action=wbsearchentities&format=json&language=en&type=item&limit=5&search=Tapp+Water
Tappit,20-Jan-2023,Merger/Acquisition,"""Leeds, United Kingdom""",tappit,,Wikidata,ERROR,0,ERROR,,,HTTP 429 for https://www.wikidata.org/w/api.php?action=wbsearchentities&format=json&language=en&type=item&limit=5&search=Tappit
TargetSpot,21-Nov-2022,Merger/Acquisition,"""Auderghem, Belgium""",targetspot,,Wikidata,ERROR,0,ERROR,,,HTTP 429 for https://www.wikidata.org/w/api.php?action=wbsearchentities&format=json&language=en&type=item&limit=5&search=TargetSpot
Tastemade,10-Mar-2025,Merger/Acquisition,"""Santa Monica, CA""",tastemade,,Wikidata,ERROR,0,ERROR,,,HTTP 429 for https://www.wikidata.org/w/api.php?action=wbsearchentities&format=json&language=en&type=item&limit=5&search=Tastemade
tastytrade,28-Jun-2021,Merger/Acquisition,"""Chicago, IL""",tastytrade,,Wikidata,ERROR,0,ERROR,,,HTTP 429 for https://www.wikidata.org/w/api.php?action=wbsearchentities&format=json&language=en&type=item&limit=5&search=tastytrade
Tata Harper Skincare,26-Dec-2022,Merger/Acquisition,"""Whiting, VT""",tata harper skincare,,Wikidata,ERROR,0,ERROR,,,HTTP 429 for https://www.wikidata.org/w/api.php?action=wbsearchentities&format=json&language=en&type=item&limit=5&search=Tata+Harper+Skincare
Tavros Therapeutics,23-Dec-2024,Merger/Acquisition,"""Durham, NC""",tavros therapeutics,,Wikidata,ERROR,0,ERROR,,,HTTP 429 for https://www.wikidata.org/w/api.php?action=wbsearchentities&format=json&language=en&type=item&limit=5&search=Tavros+Therapeutics
TaxProper,04-Nov-2022,Merger/Acquisition,"""Chicago, IL""",taxproper,,Wikidata,ERROR,0,ERROR,,,HTTP 429 for https://www.wikidata.org/w/api.php?action=wbsearchentities&format=json&language=en&type=item&limit=5&search=TaxProper
TC Biopharm,11-Feb-2022,IPO,"""Motherwell, United Kingdom""",tc biopharm,,Wikidata,ERROR,0,ERROR,,,HTTP 429 for https://www.wikidata.org/w/api.php?action=wbsearchentities&format=json&language=en&type=item&limit=5&search=TC+Biopharm
TCR2 Therapeutics,06-Mar-2023,Merger/Acquisition,"""Cambridge, MA""",tcr2 therapeutics,,Wikidata,ERROR,0,ERROR,,,HTTP 429 for https://www.wikidata.org/w/api.php?action=wbsearchentities&format=json&language=en&type=item&limit=5&search=TCR2+Therapeutics
Teads,03-Feb-2025,Merger/Acquisition,"""Luxembourg, Luxembourg""",teads,,Wikidata,ERROR,0,ERROR,,,HTTP 429 for https://www.wikidata.org/w/api.php?action=wbsearchentities&format=json&language=en&type=item&limit=5&search=Teads
Teal Drones,31-Aug-2021,Merger/Acquisition,"""Salt Lake City, UT""",teal drones,,Wikidata,ERROR,0,ERROR,,,HTTP 429 for https://www.wikidata.org/w/api.php?action=wbsearchentities&format=json&language=en&type=item&limit=5&search=Teal+Drones
Tec4med,02-Nov-2023,Merger/Acquisition,"""Darmstadt, Germany""",tec4med,,Wikidata,ERROR,0,ERROR,,,HTTP 429 for https://www.wikidata.org/w/api.php?action=wbsearchentities&format=json&language=en&type=item&limit=5&search=Tec4med
Tectonic Therapeutic (NAS: TECX),30-Jan-2024,Reverse Merger,"""Watertown, MA""",tectonic therapeutic,,Wikidata,ERROR,0,ERROR,,,HTTP 429 for https://www.wikidata.org/w/api.php?action=wbsearchentities&format=json&language=en&type=item&limit=5&search=Tectonic+Therapeutic
Tego Cyber (PINX: TGCB),09-Mar-2021,IPO,"""Las Vegas, NV""",tego cyber,,Wikidata,ERROR,0,ERROR,,,HTTP 429 for https://www.wikidata.org/w/api.php?action=wbsearchentities&format=json&language=en&type=item&limit=5&search=Tego+Cyber
Tegus (Financial Software),11-Jun-2024,Merger/Acquisition,"""Chicago, IL""",tegus (financial software),,Wikidata,ERROR,0,ERROR,,,HTTP 429 for https://www.wikidata.org/w/api.php?action=wbsearchentities&format=json&language=en&type=item&limit=5&search=Tegus+%28Financial+Software%29
Tehama,31-Mar-2023,Merger/Acquisition,"""Ottawa, Canada""",tehama,,Wikidata,ERROR,0,ERROR,,,HTTP 429 for https://www.wikidata.org/w/api.php?action=wbsearchentities&format=json&language=en&type=item&limit=5&search=Tehama
Telensa,01-Jul-2021,Merger/Acquisition,"""Cambridge, United Kingdom""",telensa,,Wikidata,ERROR,0,ERROR,,,HTTP 429 for https://www.wikidata.org/w/api.php?action=wbsearchentities&format=json&language=en&type=item&limit=5&search=Telensa
TeleSense,31-Aug-2022,Merger/Acquisition,"""San Jose, CA""",telesense,,Wikidata,ERROR,0,ERROR,,,HTTP 429 for https://www.wikidata.org/w/api.php?action=wbsearchentities&format=json&language=en&type=item&limit=5&search=TeleSense
Telesis Bio (PINX: TBIO),18-Jun-2021,IPO,"""San Diego, CA""",telesis bio,,Wikidata,ERROR,0,ERROR,,,HTTP 429 for https://www.wikidata.org/w/api.php?action=wbsearchentities&format=json&language=en&type=item&limit=5&search=Telesis+Bio
Telomir Pharmaceuticals (NAS: TELO),09-Feb-2024,IPO,"""Tampa, FL""",telomir pharmaceuticals,,Wikidata,ERROR,0,ERROR,,,HTTP 429 for https://www.wikidata.org/w/api.php?action=wbsearchentities&format=json&language=en&type=item&limit=5&search=Telomir+Pharmaceuticals
Tempo Automation Holdings,22-Nov-2022,Reverse Merger,"""San Francisco, CA""",tempo automation,,Wikidata,ERROR,0,ERROR,,,HTTP 429 for https://www.wikidata.org/w/api.php?action=wbsearchentities&format=json&language=en&type=item&limit=5&search=Tempo+Automation+Holdings
Tempow,01-Nov-2021,Merger/Acquisition,"""Paris, France""",tempow,,Wikidata,ERROR,0,ERROR,,,HTTP 429 for https://www.wikidata.org/w/api.php?action=wbsearchentities&format=json&language=en&type=item&limit=5&search=Tempow
Tempus AI (NAS: TEM),14-Jun-2024,IPO,"""Chicago, IL""",tempus ai,,Wikidata,ERROR,0,ERROR,,,HTTP 429 for https://www.wikidata.org/w/api.php?action=wbsearchentities&format=json&language=en&type=item&limit=5&search=Tempus+AI
Tenaya Therapeutics (NAS: TNYA),30-Jul-2021,IPO,"""South San Francisco, CA""",tenaya therapeutics,,Wikidata,ERROR,0,ERROR,,,HTTP 429 for https://www.wikidata.org/w/api.php?action=wbsearchentities&format=json&language=en&type=item&limit=5&search=Tenaya+Therapeutics
Tendeka,21-Feb-2022,Merger/Acquisition,"""Westhill, United Kingdom""",tendeka,,Wikidata,ERROR,0,ERROR,,,HTTP 429 for https://www.wikidata.org/w/api.php?action=wbsearchentities&format=json&language=en&type=item&limit=5&search=Tendeka
Tendo (Therapeutic Devices),06-Apr-2022,IPO,"""Lund, Sweden""",tendo (therapeutic devices),,Wikidata,ERROR,0,ERROR,,,HTTP 429 for https://www.wikidata.org/w/api.php?action=wbsearchentities&format=json&language=en&type=item&limit=5&search=Tendo+%28Therapeutic+Devices%29
TeneoBio,19-Oct-2021,Merger/Acquisition,"""Newark, CA""",teneobio,,Wikidata,ERROR,0,ERROR,,,HTTP 429 for https://www.wikidata.org/w/api.php?action=wbsearchentities&format=json&language=en&type=item&limit=5&search=TeneoBio
Tenfold (Business/Productivity Software),25-Oct-2021,Merger/Acquisition,"""Austin, TX""",tenfold (business/productivity software),,Wikidata,ERROR,0,ERROR,,,HTTP 429 for https://www.wikidata.org/w/api.php?action=wbsearchentities&format=json&language=en&type=item&limit=5&search=Tenfold+%28Business%2FProductivity+Software%29
Tenon Medical (NAS: TNON),27-Apr-2022,IPO,"""Los Gatos, CA""",tenon medical,,Wikidata,ERROR,0,ERROR,,,HTTP 429 for https://www.wikidata.org/w/api.php?action=wbsearchentities&format=json&language=en&type=item&limit=5&search=Tenon+Medical
Teraimmune,29-Jun-2023,Merger/Acquisition,"""Germantown, MD""",teraimmune,,Wikidata,ERROR,0,ERROR,,,HTTP 429 for https://www.wikidata.org/w/api.php?action=wbsearchentities&format=json&language=en&type=item&limit=5&search=Teraimmune
TeraView (KRX: A950250),08-Dec-2025,IPO,"""Cambridge, United Kingdom""",teraview,,Wikidata,ERROR,0,ERROR,,,HTTP 429 for https://www.wikidata.org/w/api.php?action=wbsearchentities&format=json&language=en&type=item&limit=5&search=TeraView
Terns Pharmaceuticals (NAS: TERN),05-Feb-2021,IPO,"""Foster City, CA""",terns pharmaceuticals,,Wikidata,ERROR,0,ERROR,,,HTTP 429 for https://www.wikidata.org/w/api.php?action=wbsearchentities&format=json&language=en&type=item&limit=5&search=Terns+Pharmaceuticals
TerraFlame,01-May-2023,Merger/Acquisition,"""Laguna Niguel, CA""",terraflame,,Wikidata,ERROR,0,ERROR,,,HTTP 429 for https://www.wikidata.org/w/api.php?action=wbsearchentities&format=json&language=en&type=item&limit=5&search=TerraFlame
Terran Orbital,25-Mar-2022,Reverse Merger,"""Irvine, CA""",terran orbital,,Wikidata,ERROR,0,ERROR,,,HTTP 429 for https://www.wikidata.org/w/api.php?action=wbsearchentities&format=json&language=en&type=item&limit=5&search=Terran+Orbital
TerraZero Technologies,28-Sep-2023,Merger/Acquisition,"""Vancouver, Canada""",terrazero technologies,,Wikidata,ERROR,0,ERROR,,,HTTP 429 for https://www.wikidata.org/w/api.php?action=wbsearchentities&format=json&language=en&type=item&limit=5&search=TerraZero+Technologies
Terrestrial Energy (NAS: IMSR),07-Nov-2025,Reverse Merger,"""Charlotte, NC""",terrestrial energy,,Wikidata,ERROR,0,ERROR,,,HTTP 429 for https://www.wikidata.org/w/api.php?action=wbsearchentities&format=json&language=en&type=item&limit=5&search=Terrestrial+Energy
Teton Simulation,04-Apr-2022,Merger/Acquisition,"""Laramie, WY""",teton simulation,,Wikidata,ERROR,0,ERROR,,,HTTP 429 for https://www.wikidata.org/w/api.php?action=wbsearchentities&format=json&language=en&type=item&limit=5&search=Teton+Simulation
TetraGenetics,10-Sep-2021,Merger/Acquisition,"""Arlington, MA""",tetragenetics,,Wikidata,ERROR,0,ERROR,,,HTTP 429 for https://www.wikidata.org/w/api.php?action=wbsearchentities&format=json&language=en&type=item&limit=5&search=TetraGenetics
Texts,24-Oct-2023,Merger/Acquisition,"""Middletown, DE""",texts,,Wikidata,ERROR,0,ERROR,,,HTTP 429 for https://www.wikidata.org/w/api.php?action=wbsearchentities&format=json&language=en&type=item&limit=5&search=Texts
The Ambassador Platform,23-May-2023,Merger/Acquisition,"""London, United Kingdom""",the ambassador platform,,Wikidata,ERROR,0,ERROR,,,HTTP 429 for https://www.wikidata.org/w/api.php?action=wbsearchentities&format=json&language=en&type=item&limit=5&search=The+Ambassador+Platform
The Athletic,01-Feb-2022,Merger/Acquisition,"""San Francisco, CA""",the athletic,,Wikidata,ERROR,0,ERROR,,,HTTP 429 for https://www.wikidata.org/w/api.php?action=wbsearchentities&format=json&language=en&type=item&limit=5&search=The+Athletic
The Behavioural Insights Team,13-Dec-2021,Merger/Acquisition,"""London, United Kingdom""",the behavioural insights team,,Wikidata,ERROR,0,ERROR,,,HTTP 429 for https://www.wikidata.org/w/api.php?action=wbsearchentities&format=json&language=en&type=item&limit=5&search=The+Behavioural+Insights+Team
The Block (Publishing),13-Nov-2023,Merger/Acquisition,"""New York, NY""",the block (publishing),,Wikidata,ERROR,0,ERROR,,,HTTP 429 for https://www.wikidata.org/w/api.php?action=wbsearchentities&format=json&language=en&type=item&limit=5&search=The+Block+%28Publishing%29
The Bradery,22-Dec-2025,Merger/Acquisition,"""Paris, France""",the bradery,,Wikidata,ERROR,0,ERROR,,,HTTP 429 for https://www.wikidata.org/w/api.php?action=wbsearchentities&format=json&language=en&type=item&limit=5&search=The+Bradery
The Browser Company,21-Oct-2025,Merger/Acquisition,"""New York, NY""",the browser,,Wikidata,ERROR,0,ERROR,,,HTTP 429 for https://www.wikidata.org/w/api.php?action=wbsearchentities&format=json&language=en&type=item&limit=5&search=The+Browser+Company
The Coda Collection,01-Jul-2024,Merger/Acquisition,"""Deerfield, IL""",the coda collection,,Wikidata,ERROR,0,ERROR,,,HTTP 429 for https://www.wikidata.org/w/api.php?action=wbsearchentities&format=json&language=en&type=item&limit=5&search=The+Coda+Collection
The Data Appeal Company,13-Apr-2022,Merger/Acquisition,"""Florence, Italy""",the data appeal,,Wikidata,ERROR,0,ERROR,,,HTTP 429 for https://www.wikidata.org/w/api.php?action=wbsearchentities&format=json&language=en&type=item&limit=5&search=The+Data+Appeal+Company
The Digital Box,04-Sep-2024,Merger/Acquisition,"""Gravina in Puglia, Italy""",the digital box,,Wikidata,ERROR,0,ERROR,,,HTTP 429 for https://www.wikidata.org/w/api.php?action=wbsearchentities&format=json&language=en&type=item&limit=5&search=The+Digital+Box
The Doers,27-Apr-2021,Merger/Acquisition,"""Turin, Italy""",the doers,,Wikidata,ERROR,0,ERROR,,,HTTP 429 for https://www.wikidata.org/w/api.php?action=wbsearchentities&format=json&language=en&type=item&limit=5&search=The+Doers
The Filter,04-Apr-2022,Merger/Acquisition,"""Bath, United Kingdom""",the filter,,Wikidata,ERROR,0,ERROR,,,HTTP 429 for https://www.wikidata.org/w/api.php?action=wbsearchentities&format=json&language=en&type=item&limit=5&search=The+Filter
The Free Press,07-Oct-2025,Merger/Acquisition,"""New York, NY""",the free press,,Wikidata,ERROR,0,ERROR,,,HTTP 429 for https://www.wikidata.org/w/api.php?action=wbsearchentities&format=json&language=en&type=item&limit=5&search=The+Free+Press
The Giving Block,28-Feb-2022,Merger/Acquisition,"""Center Valley, PA""",the giving block,,Wikidata,ERROR,0,ERROR,,,HTTP 429 for https://www.wikidata.org/w/api.php?action=wbsearchentities&format=json&language=en&type=item&limit=5&search=The+Giving+Block
The Glimpse Group (NAS: VRAR),01-Jul-2021,IPO,"""New York, NY""",the glimpse,,Wikidata,ERROR,0,ERROR,,,HTTP 429 for https://www.wikidata.org/w/api.php?action=wbsearchentities&format=json&language=en&type=item&limit=5&search=The+Glimpse+Group
The GP Service,21-Feb-2022,Merger/Acquisition,"""Coventry, United Kingdom""",the gp service,,Wikidata,ERROR,0,ERROR,,,HTTP 429 for https://www.wikidata.org/w/api.php?action=wbsearchentities&format=json&language=en&type=item&limit=5&search=The+GP+Service
The Humble Co.,18-Mar-2021,Merger/Acquisition,"""Stockholm, Sweden""",the humble,,Wikidata,ERROR,0,ERROR,,,HTTP 429 for https://www.wikidata.org/w/api.php?action=wbsearchentities&format=json&language=en&type=item&limit=5&search=The+Humble+Co.
The Hustle,08-Feb-2021,Merger/Acquisition,"""San Francisco, CA""",the hustle,,Wikidata,ERROR,0,ERROR,,,HTTP 429 for https://www.wikidata.org/w/api.php?action=wbsearchentities&format=json&language=en&type=item&limit=5&search=The+Hustle
The Indoor Lab,29-Sep-2023,Merger/Acquisition,"""San Juan Capistrano, CA""",the indoor lab,,Wikidata,ERROR,0,ERROR,,,HTTP 429 for https://www.wikidata.org/w/api.php?action=wbsearchentities&format=json&language=en&type=item&limit=5&search=The+Indoor+Lab
The Label,06-Jan-2022,Merger/Acquisition,"""San Francisco, CA""",the label,,Wikidata,ERROR,0,ERROR,,,HTTP 429 for https://www.wikidata.org/w/api.php?action=wbsearchentities&format=json&language=en&type=item&limit=5&search=The+Label
The League,11-Jul-2022,Merger/Acquisition,"""Austin, TX""",the league,,Wikidata,ERROR,0,ERROR,,,HTTP 429 for https://www.wikidata.org/w/api.php?action=wbsearchentities&format=json&language=en&type=item&limit=5&search=The+League
The Peak,08-Jun-2023,Merger/Acquisition,"""Toronto, Canada""",the peak,,Wikidata,ERROR,0,ERROR,,,HTTP 429 for https://www.wikidata.org/w/api.php?action=wbsearchentities&format=json&language=en&type=item&limit=5&search=The+Peak
The Pet Vet,19-Aug-2021,Merger/Acquisition,"""Rotherham, United Kingdom""",the pet vet,,Wikidata,ERROR,0,ERROR,,,HTTP 429 for https://www.wikidata.org/w/api.php?action=wbsearchentities&format=json&language=en&type=item&limit=5&search=The+Pet+Vet
The Small Exchange,16-Oct-2025,Merger/Acquisition,"""Chicago, IL""",the small exchange,,Wikidata,ERROR,0,ERROR,,,HTTP 429 for https://www.wikidata.org/w/api.php?action=wbsearchentities&format=json&language=en&type=item&limit=5&search=The+Small+Exchange
The Spot 420,30-Jun-2022,Merger/Acquisition,"""Pueblo, CO""",the spot 420,,Wikidata,ERROR,0,ERROR,,,HTTP 429 for https://www.wikidata.org/w/api.php?action=wbsearchentities&format=json&language=en&type=item&limit=5&search=The+Spot+420
The Turmeric Co.,07-Jul-2025,Merger/Acquisition,"""London, United Kingdom""",the turmeric,,Wikidata,ERROR,0,ERROR,,,HTTP 429 for https://www.wikidata.org/w/api.php?action=wbsearchentities&format=json&language=en&type=item&limit=5&search=The+Turmeric+Co.
The Yes,10-Jun-2022,Merger/Acquisition,"""Burlingame, CA""",the yes,,Wikidata,ERROR,0,ERROR,,,HTTP 429 for https://www.wikidata.org/w/api.php?action=wbsearchentities&format=json&language=en&type=item&limit=5&search=The+Yes
Theatro,06-Mar-2025,Merger/Acquisition,"""Richardson, TX""",theatro,,Wikidata,ERROR,0,ERROR,,,HTTP 429 for https://www.wikidata.org/w/api.php?action=wbsearchentities&format=json&language=en&type=item&limit=5&search=Theatro
THEO Technologies,31-Jul-2024,Merger/Acquisition,"""Leuven, Belgium""",theo technologies,,Wikidata,ERROR,0,ERROR,,,HTTP 429 for https://www.wikidata.org/w/api.php?action=wbsearchentities&format=json&language=en&type=item&limit=5&search=THEO+Technologies
Theorem (Financial Software),22-Oct-2024,Merger/Acquisition,"""San Mateo, CA""",theorem (financial software),,Wikidata,ERROR,0,ERROR,,,HTTP 429 for https://www.wikidata.org/w/api.php?action=wbsearchentities&format=json&language=en&type=item&limit=5&search=Theorem+%28Financial+Software%29
Theragnostics,01-Jun-2023,Merger/Acquisition,"""London, United Kingdom""",theragnostics,,Wikidata,ERROR,0,ERROR,,,HTTP 429 for https://www.wikidata.org/w/api.php?action=wbsearchentities&format=json&language=en&type=item&limit=5&search=Theragnostics
TheRas (NAS: BBOT),11-Aug-2025,Reverse Merger,"""South San Francisco, CA""",theras,,Wikidata,ERROR,0,ERROR,,,HTTP 429 for https://www.wikidata.org/w/api.php?action=wbsearchentities&format=json&language=en&type=item&limit=5&search=TheRas
Theseus Pharmaceuticals,07-Oct-2021,IPO,"""Cambridge, MA""",theseus pharmaceuticals,,Wikidata,ERROR,0,ERROR,,,HTTP 429 for https://www.wikidata.org/w/api.php?action=wbsearchentities&format=json&language=en&type=item&limit=5&search=Theseus+Pharmaceuticals
Thinkific (TSE: THNC),27-Apr-2021,IPO,"""Vancouver, Canada""",thinkific,,Wikidata,ERROR,0,ERROR,,,HTTP 429 for https://www.wikidata.org/w/api.php?action=wbsearchentities&format=json&language=en&type=item&limit=5&search=Thinkific
Thinking Tree Spirits,21-Feb-2024,Merger/Acquisition,"""Eugene, OR""",thinking tree spirits,,Wikidata,ERROR,0,ERROR,,,HTTP 429 for https://www.wikidata.org/w/api.php?action=wbsearchentities&format=json&language=en&type=item&limit=5&search=Thinking+Tree+Spirits
Thinx,24-Feb-2022,Merger/Acquisition,"""Eastchester, NY""",thinx,,Wikidata,ERROR,0,ERROR,,,HTTP 429 for https://www.wikidata.org/w/api.php?action=wbsearchentities&format=json&language=en&type=item&limit=5&search=Thinx
Third Harmonic Bio,14-Sep-2022,IPO,"""Cambridge, MA""",third harmonic bio,,Wikidata,ERROR,0,ERROR,,,HTTP 429 for https://www.wikidata.org/w/api.php?action=wbsearchentities&format=json&language=en&type=item&limit=5&search=Third+Harmonic+Bio
ThirdEye Labs,10-Nov-2021,Merger/Acquisition,"""London, United Kingdom""",thirdeye labs,,Wikidata,ERROR,0,ERROR,,,HTTP 429 for https://www.wikidata.org/w/api.php?action=wbsearchentities&format=json&language=en&type=item&limit=5&search=ThirdEye+Labs
ThorDrive,22-Jan-2024,Merger/Acquisition,"""Cincinnati, OH""",thordrive,,Wikidata,ERROR,0,ERROR,,,HTTP 429 for https://www.wikidata.org/w/api.php?action=wbsearchentities&format=json&language=en&type=item&limit=5&search=ThorDrive
Threat Stack,01-Oct-2021,Merger/Acquisition,"""Boston, MA""",threat stack,,Wikidata,ERROR,0,ERROR,,,HTTP 429 for https://www.wikidata.org/w/api.php?action=wbsearchentities&format=json&language=en&type=item&limit=5&search=Threat+Stack
Threat Status,11-Mar-2022,Merger/Acquisition,"""Fareham, United Kingdom""",threat status,,Wikidata,ERROR,0,ERROR,,,HTTP 429 for https://www.wikidata.org/w/api.php?action=wbsearchentities&format=json&language=en&type=item&limit=5&search=Threat+Status
ThredUp (NAS: TDUP),26-Mar-2021,IPO,"""Oakland, CA""",thredup,,Wikidata,ERROR,0,ERROR,,,HTTP 429 for https://www.wikidata.org/w/api.php?action=wbsearchentities&format=json&language=en&type=item&limit=5&search=ThredUp
threedy AI,25-Jun-2021,Merger/Acquisition,"""Sunnyvale, CA""",threedy ai,,Wikidata,ERROR,0,ERROR,,,HTTP 429 for https://www.wikidata.org/w/api.php?action=wbsearchentities&format=json&language=en&type=item&limit=5&search=threedy+AI
Thrive Cannabis,05-May-2022,Merger/Acquisition,"""Simcoe, Canada""",thrive cannabis,,Wikidata,ERROR,0,ERROR,,,HTTP 429 for https://www.wikidata.org/w/api.php?action=wbsearchentities&format=json&language=en&type=item&limit=5&search=Thrive+Cannabis
Thrive Earlier Detection,05-Jan-2021,Merger/Acquisition,"""Cambridge, MA""",thrive earlier detection,,Wikidata,ERROR,0,ERROR,,,HTTP 429 for https://www.wikidata.org/w/api.php?action=wbsearchentities&format=json&language=en&type=item&limit=5&search=Thrive+Earlier+Detection
Tiaxa,16-Aug-2021,Merger/Acquisition,"""Doral, FL""",tiaxa,,Wikidata,ERROR,0,ERROR,,,HTTP 429 for https://www.wikidata.org/w/api.php?action=wbsearchentities&format=json&language=en&type=item&limit=5&search=Tiaxa
TiBit Communications,30-Dec-2022,Merger/Acquisition,"""Petaluma, CA""",tibit communications,,Wikidata,ERROR,0,ERROR,,,HTTP 429 for https://www.wikidata.org/w/api.php?action=wbsearchentities&format=json&language=en&type=item&limit=5&search=TiBit+Communications
Tidal Music,30-Apr-2021,Merger/Acquisition,"""New York, NY""",tidal music,,Wikidata,ERROR,0,ERROR,,,HTTP 429 for https://www.wikidata.org/w/api.php?action=wbsearchentities&format=json&language=en&type=item&limit=5&search=Tidal+Music
Tidal Therapeutics,09-Apr-2021,Merger/Acquisition,"""Cambridge, MA""",tidal therapeutics,,Wikidata,ERROR,0,ERROR,,,HTTP 429 for https://www.wikidata.org/w/api.php?action=wbsearchentities&format=json&language=en&type=item&limit=5&search=Tidal+Therapeutics
Tiendeo,14-Apr-2022,Merger/Acquisition,"""Barcelona, Spain""",tiendeo,,Wikidata,ERROR,0,ERROR,,,HTTP 429 for https://www.wikidata.org/w/api.php?action=wbsearchentities&format=json&language=en&type=item&limit=5&search=Tiendeo
Tignis,07-Jan-2025,Merger/Acquisition,"""Seattle, WA""",tignis,,Wikidata,ERROR,0,ERROR,,,HTTP 429 for https://www.wikidata.org/w/api.php?action=wbsearchentities&format=json&language=en&type=item&limit=5&search=Tignis
Tigo Energy (NAS: TYGO),23-May-2023,Reverse Merger,"""Los Gatos, CA""",tigo energy,,Wikidata,ERROR,0,ERROR,,,HTTP 429 for https://www.wikidata.org/w/api.php?action=wbsearchentities&format=json&language=en&type=item&limit=5&search=Tigo+Energy
Tile (Electronics),05-Jan-2022,Merger/Acquisition,"""San Mateo, CA""",tile (electronics),,Wikidata,ERROR,0,ERROR,,,HTTP 429 for https://www.wikidata.org/w/api.php?action=wbsearchentities&format=json&language=en&type=item&limit=5&search=Tile+%28Electronics%29
Tilting Motor Works,25-Jan-2021,Merger/Acquisition,"""Eugene, OR""",tilting motor works,,Wikidata,ERROR,0,ERROR,,,HTTP 429 for https://www.wikidata.org/w/api.php?action=wbsearchentities&format=json&language=en&type=item&limit=5&search=Tilting+Motor+Works
Time2play Media,21-Dec-2023,Merger/Acquisition,"""Saint Julian's, Malta""",time2play media,,Wikidata,ERROR,0,ERROR,,,HTTP 429 for https://www.wikidata.org/w/api.php?action=wbsearchentities&format=json&language=en&type=item&limit=5&search=Time2play+Media
Tinearity (STO: DEAR),11-May-2021,IPO,"""Malmo, Sweden""",tinearity,,Wikidata,ERROR,0,ERROR,,,HTTP 429 for https://www.wikidata.org/w/api.php?action=wbsearchentities&format=json&language=en&type=item&limit=5&search=Tinearity
Tink (Financial Software),10-Mar-2022,Merger/Acquisition,"""Stockholm, Sweden""",tink (financial software),,Wikidata,ERROR,0,ERROR,,,HTTP 429 for https://www.wikidata.org/w/api.php?action=wbsearchentities&format=json&language=en&type=item&limit=5&search=Tink+%28Financial+Software%29
TinyBuild (LON: TBLD),09-Mar-2021,IPO,"""Bellevue, WA""",tinybuild,,Wikidata,ERROR,0,ERROR,,,HTTP 429 for https://www.wikidata.org/w/api.php?action=wbsearchentities&format=json&language=en&type=item&limit=5&search=TinyBuild
TINYpulse,31-Jul-2021,Merger/Acquisition,"""Seattle, WA""",tinypulse,,Wikidata,ERROR,0,ERROR,,,HTTP 429 for https://www.wikidata.org/w/api.php?action=wbsearchentities&format=json&language=en&type=item&limit=5&search=TINYpulse
Tipser,29-Nov-2021,Merger/Acquisition,"""New York, NY""",tipser,,Wikidata,ERROR,0,ERROR,,,HTTP 429 for https://www.wikidata.org/w/api.php?action=wbsearchentities&format=json&language=en&type=item&limit=5&search=Tipser
Titan Robotics (Machinery),01-Apr-2022,Merger/Acquisition,"""Colorado Springs, CO""",titan robotics (machinery),,Wikidata,ERROR,0,ERROR,,,HTTP 429 for https://www.wikidata.org/w/api.php?action=wbsearchentities&format=json&language=en&type=item&limit=5&search=Titan+Robotics+%28Machinery%29
Tivic Health (NAS: TIVC),11-Nov-2021,IPO,"""Hayward, CA""",tivic health,,Wikidata,ERROR,0,ERROR,,,HTTP 429 for https://www.wikidata.org/w/api.php?action=wbsearchentities&format=json&language=en&type=item&limit=5&search=Tivic+Health
Tmunity,22-Feb-2023,Merger/Acquisition,"""Philadelphia, PA""",tmunity,,Wikidata,ERROR,0,ERROR,,,HTTP 429 for https://www.wikidata.org/w/api.php?action=wbsearchentities&format=json&language=en&type=item&limit=5&search=Tmunity
Toast (NYS: TOST),22-Sep-2021,IPO,"""Boston, MA""",toast,,Wikidata,ERROR,0,ERROR,,,HTTP 429 for https://www.wikidata.org/w/api.php?action=wbsearchentities&format=json&language=en&type=item&limit=5&search=Toast
Togai,09-May-2024,Merger/Acquisition,"""Wilmington, DE""",togai,,Wikidata,ERROR,0,ERROR,,,HTTP 429 for https://www.wikidata.org/w/api.php?action=wbsearchentities&format=json&language=en&type=item&limit=5&search=Togai
Token IQ,25-Aug-2021,Merger/Acquisition,"""Scottsdale, AZ""",token iq,,Wikidata,ERROR,0,ERROR,,,HTTP 429 for https://www.wikidata.org/w/api.php?action=wbsearchentities&format=json&language=en&type=item&limit=5&search=Token+IQ
TokyWoky,21-Feb-2024,Merger/Acquisition,"""Paris, France""",tokywoky,,Wikidata,ERROR,0,ERROR,,,HTTP 429 for https://www.wikidata.org/w/api.php?action=wbsearchentities&format=json&language=en&type=item&limit=5&search=TokyWoky
Tomahawk Robotics,15-Sep-2023,Merger/Acquisition,"""Melbourne, FL""",tomahawk robotics,,Wikidata,ERROR,0,ERROR,,,HTTP 429 for https://www.wikidata.org/w/api.php?action=wbsearchentities&format=json&language=en&type=item&limit=5&search=Tomahawk+Robotics
Toosla (PAR: ALTOO),17-Dec-2021,IPO,"""Cormontreuil, France""",toosla,,Wikidata,ERROR,0,ERROR,,,HTTP 429 for https://www.wikidata.org/w/api.php?action=wbsearchentities&format=json&language=en&type=item&limit=5&search=Toosla
Topo Athletic,13-Dec-2022,Merger/Acquisition,"""Framingham, MA""",topo athletic,,Wikidata,ERROR,0,ERROR,,,HTTP 429 for https://www.wikidata.org/w/api.php?action=wbsearchentities&format=json&language=en&type=item&limit=5&search=Topo+Athletic
TopPop,26-Jul-2021,Merger/Acquisition,"""Marlton, NJ""",toppop,,Wikidata,ERROR,0,ERROR,,,HTTP 429 for https://www.wikidata.org/w/api.php?action=wbsearchentities&format=json&language=en&type=item&limit=5&search=TopPop
Torc,10-May-2024,Merger/Acquisition,"""Boston, MA""",torc,,Wikidata,ERROR,0,ERROR,,,HTTP 429 for https://www.wikidata.org/w/api.php?action=wbsearchentities&format=json&language=en&type=item&limit=5&search=Torc
Torchlight (Business/Productivity Software),13-Dec-2021,Merger/Acquisition,"""Burlington, MA""",torchlight (business/productivity software),,Wikidata,ERROR,0,ERROR,,,HTTP 429 for https://www.wikidata.org/w/api.php?action=wbsearchentities&format=json&language=en&type=item&limit=5&search=Torchlight+%28Business%2FProductivity+Software%29
Tornado Spectral Systems,01-Jan-2024,Merger/Acquisition,"""Mississauga, Canada""",tornado spectral systems,,Wikidata,ERROR,0,ERROR,,,HTTP 429 for https://www.wikidata.org/w/api.php?action=wbsearchentities&format=json&language=en&type=item&limit=5&search=Tornado+Spectral+Systems
Torqeedo,19-Jan-2024,Merger/Acquisition,"""Wessling, Germany""",torqeedo,,Wikidata,ERROR,0,ERROR,,,HTTP 429 for https://www.wikidata.org/w/api.php?action=wbsearchentities&format=json&language=en&type=item&limit=5&search=Torqeedo
TotalCloud,19-Aug-2021,Merger/Acquisition,"""Walnut, CA""",totalcloud,,Wikidata,ERROR,0,ERROR,,,HTTP 429 for https://www.wikidata.org/w/api.php?action=wbsearchentities&format=json&language=en&type=item&limit=5&search=TotalCloud
Totient,04-Jun-2021,Merger/Acquisition,"""Cambridge, MA""",totient,,Wikidata,ERROR,0,ERROR,,,HTTP 429 for https://www.wikidata.org/w/api.php?action=wbsearchentities&format=json&language=en&type=item&limit=5&search=Totient
Touch Press,05-Jul-2021,Merger/Acquisition,"""New York, NY""",touch press,,Wikidata,ERROR,0,ERROR,,,HTTP 429 for https://www.wikidata.org/w/api.php?action=wbsearchentities&format=json&language=en&type=item&limit=5&search=Touch+Press
Touchcast (Information Technology),01-Jun-2025,Merger/Acquisition,"""New York, NY""",touchcast (information technology),,Wikidata,ERROR,0,ERROR,,,HTTP 429 for https://www.wikidata.org/w/api.php?action=wbsearchentities&format=json&language=en&type=item&limit=5&search=Touchcast+%28Information+Technology%29
Touchland,16-Jul-2025,Merger/Acquisition,"""Miami, FL""",touchland,,Wikidata,ERROR,0,ERROR,,,HTTP 429 for https://www.wikidata.org/w/api.php?action=wbsearchentities&format=json&language=en&type=item&limit=5&search=Touchland
Tourmaline Bio,28-Oct-2025,Merger/Acquisition,"""New York, NY""",tourmaline bio,,Wikidata,ERROR,0,ERROR,,,HTTP 429 for https://www.wikidata.org/w/api.php?action=wbsearchentities&format=json&language=en&type=item&limit=5&search=Tourmaline+Bio
Trace (Financial Software),30-Nov-2023,Merger/Acquisition,"""San Francisco, CA""",trace (financial software),,Wikidata,ERROR,0,ERROR,,,HTTP 429 for https://www.wikidata.org/w/api.php?action=wbsearchentities&format=json&language=en&type=item&limit=5&search=Trace+%28Financial+Software%29
Tradewind Markets,23-Jan-2023,Merger/Acquisition,"""New York, NY""",tradewind markets,,Wikidata,ERROR,0,ERROR,,,HTTP 429 for https://www.wikidata.org/w/api.php?action=wbsearchentities&format=json&language=en&type=item&limit=5&search=Tradewind+Markets
Trailmix,13-May-2022,Merger/Acquisition,"""London, United Kingdom""",trailmix,,Wikidata,ERROR,0,ERROR,,,HTTP 429 for https://www.wikidata.org/w/api.php?action=wbsearchentities&format=json&language=en&type=item&limit=5&search=Trailmix
Traitify,23-Aug-2021,Merger/Acquisition,"""Baltimore, MD""",traitify,,Wikidata,ERROR,0,ERROR,,,HTTP 429 for https://www.wikidata.org/w/api.php?action=wbsearchentities&format=json&language=en&type=item&limit=5&search=Traitify
TransChart,01-Jan-2021,Merger/Acquisition,"""Columbus, OH""",transchart,,Wikidata,ERROR,0,ERROR,,,HTTP 429 for https://www.wikidata.org/w/api.php?action=wbsearchentities&format=json&language=en&type=item&limit=5&search=TransChart
TransCode Therapeutics (NAS: RNAZ),09-Jul-2021,IPO,"""Boston, MA""",transcode therapeutics,,Wikidata,ERROR,0,ERROR,,,HTTP 429 for https://www.wikidata.org/w/api.php?action=wbsearchentities&format=json&language=en&type=item&limit=5&search=TransCode+Therapeutics
Transfer Service Group (NGM: TRNSF),30-Aug-2021,IPO,"""Stockholm, Sweden""",transfer service,,Wikidata,ERROR,0,ERROR,,,HTTP 429 for https://www.wikidata.org/w/api.php?action=wbsearchentities&format=json&language=en&type=item&limit=5&search=Transfer+Service+Group
Translate Bio,14-Sep-2021,Merger/Acquisition,"""Lexington, MA""",translate bio,,Wikidata,ERROR,0,ERROR,,,HTTP 429 for https://www.wikidata.org/w/api.php?action=wbsearchentities&format=json&language=en&type=item&limit=5&search=Translate+Bio
Trapelo Health,07-Apr-2021,Merger/Acquisition,"""Fort Myers, FL""",trapelo health,,Wikidata,ERROR,0,ERROR,,,HTTP 429 for https://www.wikidata.org/w/api.php?action=wbsearchentities&format=json&language=en&type=item&limit=5&search=Trapelo+Health
TrapX Security,31-Jan-2022,Merger/Acquisition,"""Waltham, MA""",trapx security,,Wikidata,ERROR,0,ERROR,,,HTTP 429 for https://www.wikidata.org/w/api.php?action=wbsearchentities&format=json&language=en&type=item&limit=5&search=TrapX+Security
Traws Pharma (NAS: TRAW),02-Apr-2024,Reverse Merger,"""Newtown, PA""",traws pharma,,Wikidata,ERROR,0,ERROR,,,HTTP 429 for https://www.wikidata.org/w/api.php?action=wbsearchentities&format=json&language=en&type=item&limit=5&search=Traws+Pharma
Treace Medical Concepts (NAS: TMCI),22-Apr-2021,IPO,"""Ponte Vedra Beach, FL""",treace medical concepts,,Wikidata,ERROR,0,ERROR,,,HTTP 429 for https://www.wikidata.org/w/api.php?action=wbsearchentities&format=json&language=en&type=item&limit=5&search=Treace+Medical+Concepts
TreasuryXpress,13-Jan-2021,Merger/Acquisition,"""Paris, France""",treasuryxpress,,Wikidata,ERROR,0,ERROR,,,HTTP 429 for https://www.wikidata.org/w/api.php?action=wbsearchentities&format=json&language=en&type=item&limit=5&search=TreasuryXpress
Trellus (Other Healthcare Services) (LON: TRLS),28-May-2021,IPO,"""White Plains, NY""",trellus (other healthcare services),,Wikidata,ERROR,0,ERROR,,,HTTP 429 for https://www.wikidata.org/w/api.php?action=wbsearchentities&format=json&language=en&type=item&limit=5&search=Trellus+%28Other+Healthcare+Services%29
Tres Finance,07-Jan-2026,Merger/Acquisition,"""New York, NY""",tres finance,,Wikidata,ERROR,0,ERROR,,,HTTP 429 for https://www.wikidata.org/w/api.php?action=wbsearchentities&format=json&language=en&type=item&limit=5&search=Tres+Finance
Tresorit,08-Jul-2021,Merger/Acquisition,"""Zurich, Switzerland""",tresorit,,Wikidata,ERROR,0,ERROR,,,HTTP 429 for https://www.wikidata.org/w/api.php?action=wbsearchentities&format=json&language=en&type=item&limit=5&search=Tresorit
Tri Global Energy,30-Sep-2022,Merger/Acquisition,"""Dallas, TX""",tri global energy,,Wikidata,ERROR,0,ERROR,,,HTTP 429 for https://www.wikidata.org/w/api.php?action=wbsearchentities&format=json&language=en&type=item&limit=5&search=Tri+Global+Energy
Triani (Beverages),31-Oct-2024,Merger/Acquisition,"""Terrebonne, Canada""",triani (beverages),,Wikidata,ERROR,0,ERROR,,,HTTP 429 for https://www.wikidata.org/w/api.php?action=wbsearchentities&format=json&language=en&type=item&limit=5&search=Triani+%28Beverages%29
Tribe Dynamics,21-Sep-2021,Merger/Acquisition,"""San Francisco, CA""",tribe dynamics,,Wikidata,ERROR,0,ERROR,,,HTTP 429 for https://www.wikidata.org/w/api.php?action=wbsearchentities&format=json&language=en&type=item&limit=5&search=Tribe+Dynamics
Tricked Esport,09-Dec-2022,Buyout/LBO,"""Soborg, Denmark""",tricked esport,,Wikidata,ERROR,0,ERROR,,,HTTP 429 for https://www.wikidata.org/w/api.php?action=wbsearchentities&format=json&language=en&type=item&limit=5&search=Tricked+Esport
Trifacta,07-Feb-2022,Merger/Acquisition,"""San Francisco, CA""",trifacta,,Wikidata,ERROR,0,ERROR,,,HTTP 429 for https://www.wikidata.org/w/api.php?action=wbsearchentities&format=json&language=en&type=item&limit=5&search=Trifacta
Triggo (WAR: TGG),10-May-2021,IPO,"""Lomianki, Poland""",triggo,,Wikidata,ERROR,0,ERROR,,,HTTP 429 for https://www.wikidata.org/w/api.php?action=wbsearchentities&format=json&language=en&type=item&limit=5&search=Triggo
TRIGR Therapeutics,25-Jun-2021,Merger/Acquisition,"""Irvine, CA""",trigr therapeutics,,Wikidata,ERROR,0,ERROR,,,HTTP 429 for https://www.wikidata.org/w/api.php?action=wbsearchentities&format=json&language=en&type=item&limit=5&search=TRIGR+Therapeutics
Trip Ninja,24-Nov-2021,Merger/Acquisition,"""Halifax, Canada""",trip ninja,,Wikidata,ERROR,0,ERROR,,,HTTP 429 for https://www.wikidata.org/w/api.php?action=wbsearchentities&format=json&language=en&type=item&limit=5&search=Trip+Ninja
TriSalus Life Sciences (NAS: TLSI),10-Aug-2023,Reverse Merger,"""Westminster, CO""",trisalus life sciences,,Wikidata,ERROR,0,ERROR,,,HTTP 429 for https://www.wikidata.org/w/api.php?action=wbsearchentities&format=json&language=en&type=item&limit=5&search=TriSalus+Life+Sciences
Troops,15-Jul-2022,Merger/Acquisition,"""New York, NY""",troops,,Wikidata,ERROR,0,ERROR,,,HTTP 429 for https://www.wikidata.org/w/api.php?action=wbsearchentities&format=json&language=en&type=item&limit=5&search=Troops
Trouva,06-May-2022,Merger/Acquisition,"""Maidenhead, United Kingdom""",trouva,,Wikidata,ERROR,0,ERROR,,,HTTP 429 for https://www.wikidata.org/w/api.php?action=wbsearchentities&format=json&language=en&type=item&limit=5&search=Trouva
TRS Group (Environmental Services (B2B)),31-Jan-2025,Merger/Acquisition,"""Indianapolis, IN""",trs (environmental services (b2b)),,Wikidata,ERROR,0,ERROR,,,HTTP 429 for https://www.wikidata.org/w/api.php?action=wbsearchentities&format=json&language=en&type=item&limit=5&search=TRS+Group+%28Environmental+Services+%28B2B%29%29
Tru Brands,17-Aug-2021,Merger/Acquisition,"""Miami Beach, FL""",tru brands,,Wikidata,ERROR,0,ERROR,,,HTTP 429 for https://www.wikidata.org/w/api.php?action=wbsearchentities&format=json&language=en&type=item&limit=5&search=Tru+Brands
True Energy (Application Software),16-Apr-2021,Merger/Acquisition,"""Hoersholm, Denmark""",true energy (application software),,Wikidata,ERROR,0,ERROR,,,HTTP 429 for https://www.wikidata.org/w/api.php?action=wbsearchentities&format=json&language=en&type=item&limit=5&search=True+Energy+%28Application+Software%29
Truebill,23-Dec-2021,Merger/Acquisition,"""Silver Spring, MD""",truebill,,Wikidata,ERROR,0,ERROR,,,HTTP 429 for https://www.wikidata.org/w/api.php?action=wbsearchentities&format=json&language=en&type=item&limit=5&search=Truebill
Truecaller (STO: TRUE B),08-Oct-2021,IPO,"""Stockholm, Sweden""",truecaller,,Wikidata,ERROR,0,ERROR,,,HTTP 429 for https://www.wikidata.org/w/api.php?action=wbsearchentities&format=json&language=en&type=item&limit=5&search=Truecaller
TrueCar,21-Jan-2026,Merger/Acquisition,"""Santa Monica, CA""",truecar,,Wikidata,ERROR,0,ERROR,,,HTTP 429 for https://www.wikidata.org/w/api.php?action=wbsearchentities&format=json&language=en&type=item&limit=5&search=TrueCar
TrueLark,16-May-2025,Merger/Acquisition,"""Palo Alto, CA""",truelark,,Wikidata,ERROR,0,ERROR,,,HTTP 429 for https://www.wikidata.org/w/api.php?action=wbsearchentities&format=json&language=en&type=item&limit=5&search=TrueLark
Truelytics,01-Jul-2022,Merger/Acquisition,"""Austin, TX""",truelytics,,Wikidata,ERROR,0,ERROR,,,HTTP 429 for https://www.wikidata.org/w/api.php?action=wbsearchentities&format=json&language=en&type=item&limit=5&search=Truelytics
Truepill,21-Aug-2024,Merger/Acquisition,"""Hayward, CA""",truepill,,Wikidata,ERROR,0,ERROR,,,HTTP 429 for https://www.wikidata.org/w/api.php?action=wbsearchentities&format=json&language=en&type=item&limit=5&search=Truepill
Truera,22-May-2024,Merger/Acquisition,"""Redwood City, CA""",truera,,Wikidata,ERROR,0,ERROR,,,HTTP 429 for https://www.wikidata.org/w/api.php?action=wbsearchentities&format=json&language=en&type=item&limit=5&search=Truera
Trunki,05-Feb-2023,Merger/Acquisition,"""Pinner, United Kingdom""",trunki,,Wikidata,ERROR,0,ERROR,,,HTTP 429 for https://www.wikidata.org/w/api.php?action=wbsearchentities&format=json&language=en&type=item&limit=5&search=Trunki
Trussle,12-Jul-2021,Merger/Acquisition,"""London, United Kingdom""",trussle,,Wikidata,ERROR,0,ERROR,,,HTTP 429 for https://www.wikidata.org/w/api.php?action=wbsearchentities&format=json&language=en&type=item&limit=5&search=Trussle
TruSTAR (Network Management Software),28-May-2021,Merger/Acquisition,"""San Mateo, CA""",trustar (network management software),,Wikidata,ERROR,0,ERROR,,,HTTP 429 for https://www.wikidata.org/w/api.php?action=wbsearchentities&format=json&language=en&type=item&limit=5&search=TruSTAR+%28Network+Management+Software%29
Trusters,11-Nov-2022,Merger/Acquisition,"""Milan, Italy""",trusters,,Wikidata,ERROR,0,ERROR,,,HTTP 429 for https://www.wikidata.org/w/api.php?action=wbsearchentities&format=json&language=en&type=item&limit=5&search=Trusters
Trustpilot (LON: TRST),23-Mar-2021,IPO,"""Copenhagen, Denmark""",trustpilot,,Wikidata,ERROR,0,ERROR,,,HTTP 429 for https://www.wikidata.org/w/api.php?action=wbsearchentities&format=json&language=en&type=item&limit=5&search=Trustpilot
TScan Therapeutics (NAS: TCRX),16-Jul-2021,IPO,"""Waltham, MA""",tscan therapeutics,,Wikidata,ERROR,0,ERROR,,,HTTP 429 for https://www.wikidata.org/w/api.php?action=wbsearchentities&format=json&language=en&type=item&limit=5&search=TScan+Therapeutics
TuneIn,19-Dec-2025,Merger/Acquisition,"""San Francisco, CA""",tunein,,Wikidata,ERROR,0,ERROR,,,HTTP 429 for https://www.wikidata.org/w/api.php?action=wbsearchentities&format=json&language=en&type=item&limit=5&search=TuneIn
Turbonomic,16-Jun-2021,Merger/Acquisition,"""Boston, MA""",turbonomic,,Wikidata,ERROR,0,ERROR,,,HTTP 429 for https://www.wikidata.org/w/api.php?action=wbsearchentities&format=json&language=en&type=item&limit=5&search=Turbonomic
TurboSquid,01-Feb-2021,Merger/Acquisition,"""New Orleans, LA""",turbosquid,,Wikidata,ERROR,0,ERROR,,,HTTP 429 for https://www.wikidata.org/w/api.php?action=wbsearchentities&format=json&language=en&type=item&limit=5&search=TurboSquid
TurgenSec,19-Oct-2022,Merger/Acquisition,"""London, United Kingdom""",turgensec,,Wikidata,ERROR,0,ERROR,,,HTTP 429 for https://www.wikidata.org/w/api.php?action=wbsearchentities&format=json&language=en&type=item&limit=5&search=TurgenSec
Turning Point Therapeutics,17-Aug-2022,Merger/Acquisition,"""San Diego, CA""",turning point therapeutics,,Wikidata,ERROR,0,ERROR,,,HTTP 429 for https://www.wikidata.org/w/api.php?action=wbsearchentities&format=json&language=en&type=item&limit=5&search=Turning+Point+Therapeutics
Turnstone Biologics,21-Jul-2023,IPO,"""La Jolla, CA""",turnstone biologics,,Wikidata,ERROR,0,ERROR,,,HTTP 429 for https://www.wikidata.org/w/api.php?action=wbsearchentities&format=json&language=en&type=item&limit=5&search=Turnstone+Biologics
Tutorfly,01-Sep-2021,Merger/Acquisition,"""Addison, TX""",tutorfly,,Wikidata,ERROR,0,ERROR,,,HTTP 429 for https://www.wikidata.org/w/api.php?action=wbsearchentities&format=json&language=en&type=item&limit=5&search=Tutorfly
Tuya Smart (HKG: 02391),18-Mar-2021,IPO,"""San Jose, CA""",tuya smart,,Wikidata,ERROR,0,ERROR,,,HTTP 429 for https://www.wikidata.org/w/api.php?action=wbsearchentities&format=json&language=en&type=item&limit=5&search=Tuya+Smart
TVSquared,28-Feb-2022,Merger/Acquisition,"""Edinburgh, United Kingdom""",tvsquared,,Wikidata,ERROR,0,ERROR,,,HTTP 429 for https://www.wikidata.org/w/api.php?action=wbsearchentities&format=json&language=en&type=item&limit=5&search=TVSquared
TwentyBn,17-Jul-2021,Merger/Acquisition,"""Berlin, Germany""",twentybn,,Wikidata,ERROR,0,ERROR,,,HTTP 429 for https://www.wikidata.org/w/api.php?action=wbsearchentities&format=json&language=en&type=item&limit=5&search=TwentyBn
TwicPics,21-Jun-2023,Merger/Acquisition,"""Paris, France""",twicpics,,Wikidata,ERROR,0,ERROR,,,HTTP 429 for https://www.wikidata.org/w/api.php?action=wbsearchentities&format=json&language=en&type=item&limit=5&search=TwicPics
Twill,15-Feb-2024,Merger/Acquisition,"""New York, NY""",twill,,Wikidata,ERROR,0,ERROR,,,HTTP 429 for https://www.wikidata.org/w/api.php?action=wbsearchentities&format=json&language=en&type=item&limit=5&search=Twill
Twistle,01-Jul-2021,Merger/Acquisition,"""Albuquerque, NM""",twistle,,Wikidata,ERROR,0,ERROR,,,HTTP 429 for https://www.wikidata.org/w/api.php?action=wbsearchentities&format=json&language=en&type=item&limit=5&search=Twistle
Twisto,12-Nov-2021,Merger/Acquisition,"""Prague, Czech Republic""",twisto,,Wikidata,ERROR,0,ERROR,,,HTTP 429 for https://www.wikidata.org/w/api.php?action=wbsearchentities&format=json&language=en&type=item&limit=5&search=Twisto
TWTG,31-Oct-2024,Merger/Acquisition,"""Capelle aan den IJssel, Netherlands""",twtg,,Wikidata,ERROR,0,ERROR,,,HTTP 429 for https://www.wikidata.org/w/api.php?action=wbsearchentities&format=json&language=en&type=item&limit=5&search=TWTG
Tynker (Educational and Training Services (B2C)),16-Sep-2021,Merger/Acquisition,"""Chicago, IL""",tynker (educational and training services (b2c)),,Wikidata,ERROR,0,ERROR,,,HTTP 429 for https://www.wikidata.org/w/api.php?action=wbsearchentities&format=json&language=en&type=item&limit=5&search=Tynker+%28Educational+and+Training+Services+%28B2C%29%29
Typhonix,17-Dec-2025,Merger/Acquisition,"""Bryne, Norway""",typhonix,,Wikidata,ERROR,0,ERROR,,,HTTP 429 for https://www.wikidata.org/w/api.php?action=wbsearchentities&format=json&language=en&type=item&limit=5&search=Typhonix
Tyra Biosciences (NAS: TYRA),15-Sep-2021,IPO,"""Carlsbad, CA""",tyra biosciences,,Wikidata,ERROR,0,ERROR,,,HTTP 429 for https://www.wikidata.org/w/api.php?action=wbsearchentities&format=json&language=en&type=item&limit=5&search=Tyra+Biosciences
U GIT GUD,31-Dec-2021,Merger/Acquisition,"""Austin, TX""",u git gud,,Wikidata,ERROR,0,ERROR,,,HTTP 429 for https://www.wikidata.org/w/api.php?action=wbsearchentities&format=json&language=en&type=item&limit=5&search=U+GIT+GUD
Uala,07-Sep-2022,Merger/Acquisition,"""Madrid, Spain""",uala,,Wikidata,ERROR,0,ERROR,,,HTTP 429 for https://www.wikidata.org/w/api.php?action=wbsearchentities&format=json&language=en&type=item&limit=5&search=Uala
Ubitricity,26-Feb-2021,Merger/Acquisition,"""Berlin, Germany""",ubitricity,,Wikidata,ERROR,0,ERROR,,,HTTP 429 for https://www.wikidata.org/w/api.php?action=wbsearchentities&format=json&language=en&type=item&limit=5&search=Ubitricity
Udacity,20-May-2024,Merger/Acquisition,"""Mountain View, CA""",udacity,,Wikidata,ERROR,0,ERROR,,,HTTP 429 for https://www.wikidata.org/w/api.php?action=wbsearchentities&format=json&language=en&type=item&limit=5&search=Udacity
Udemy (NAS: UDMY),29-Oct-2021,IPO,"""San Francisco, CA""",udemy,,Wikidata,ERROR,0,ERROR,,,HTTP 429 for https://www.wikidata.org/w/api.php?action=wbsearchentities&format=json&language=en&type=item&limit=5&search=Udemy
UiPath (NYS: PATH),21-Apr-2021,IPO,"""New York, NY""",uipath,,Wikidata,ERROR,0,ERROR,,,HTTP 429 for https://www.wikidata.org/w/api.php?action=wbsearchentities&format=json&language=en&type=item&limit=5&search=UiPath
Ultimate Gamer,12-Sep-2022,Merger/Acquisition,"""Miami, FL""",ultimate gamer,,Wikidata,ERROR,0,ERROR,,,HTTP 429 for https://www.wikidata.org/w/api.php?action=wbsearchentities&format=json&language=en&type=item&limit=5&search=Ultimate+Gamer
Ultinous,29-May-2024,Merger/Acquisition,"""Budapest, Hungary""",ultinous,,Wikidata,ERROR,0,ERROR,,,HTTP 429 for https://www.wikidata.org/w/api.php?action=wbsearchentities&format=json&language=en&type=item&limit=5&search=Ultinous
UltraCell,18-Feb-2021,Merger/Acquisition,"""Livermore, CA""",ultracell,,Wikidata,ERROR,0,ERROR,,,HTTP 429 for https://www.wikidata.org/w/api.php?action=wbsearchentities&format=json&language=en&type=item&limit=5&search=UltraCell
Unbxd,24-Mar-2022,Merger/Acquisition,"""San Mateo, CA""",unbxd,,Wikidata,ERROR,0,ERROR,,,HTTP 429 for https://www.wikidata.org/w/api.php?action=wbsearchentities&format=json&language=en&type=item&limit=5&search=Unbxd
Uncubed,07-Jul-2021,Merger/Acquisition,"""New York, NY""",uncubed,,Wikidata,ERROR,0,ERROR,,,HTTP 429 for https://www.wikidata.org/w/api.php?action=wbsearchentities&format=json&language=en&type=item&limit=5&search=Uncubed
Unearth (Business/Productivity Software),22-Sep-2023,Merger/Acquisition,"""Seattle, WA""",unearth (business/productivity software),,Wikidata,ERROR,0,ERROR,,,HTTP 429 for https://www.wikidata.org/w/api.php?action=wbsearchentities&format=json&language=en&type=item&limit=5&search=Unearth+%28Business%2FProductivity+Software%29
Unicycive (NAS: UNCY),13-Jul-2021,IPO,"""Los Altos, CA""",unicycive,,Wikidata,ERROR,0,ERROR,,,HTTP 429 for https://www.wikidata.org/w/api.php?action=wbsearchentities&format=json&language=en&type=item&limit=5&search=Unicycive
Unified Chargers,15-Nov-2022,Merger/Acquisition,"""Espoo, Finland""",unified chargers,,Wikidata,ERROR,0,ERROR,,,HTTP 429 for https://www.wikidata.org/w/api.php?action=wbsearchentities&format=json&language=en&type=item&limit=5&search=Unified+Chargers
Unify Square,03-Jun-2021,Merger/Acquisition,"""Bellevue, WA""",unify square,,Wikidata,ERROR,0,ERROR,,,HTTP 429 for https://www.wikidata.org/w/api.php?action=wbsearchentities&format=json&language=en&type=item&limit=5&search=Unify+Square
Unikrn,19-Oct-2021,Merger/Acquisition,"""Douglas, United Kingdom""",unikrn,,Wikidata,ERROR,0,ERROR,,,HTTP 429 for https://www.wikidata.org/w/api.php?action=wbsearchentities&format=json&language=en&type=item&limit=5&search=Unikrn
Unknown Worlds Entertainment,29-Oct-2021,Merger/Acquisition,"""San Francisco, CA""",unknown worlds entertainment,,Wikidata,ERROR,0,ERROR,,,HTTP 429 for https://www.wikidata.org/w/api.php?action=wbsearchentities&format=json&language=en&type=item&limit=5&search=Unknown+Worlds+Entertainment
Unless Collective,20-Aug-2024,Merger/Acquisition,"""Portland, OR""",unless collective,,Wikidata,ERROR,0,ERROR,,,HTTP 429 for https://www.wikidata.org/w/api.php?action=wbsearchentities&format=json&language=en&type=item&limit=5&search=Unless+Collective
UntieNots,03-Jan-2023,Merger/Acquisition,"""Paris, France""",untienots,,Wikidata,ERROR,0,ERROR,,,HTTP 429 for https://www.wikidata.org/w/api.php?action=wbsearchentities&format=json&language=en&type=item&limit=5&search=UntieNots
Untu,03-Mar-2025,Merger/Acquisition,"""Vilnius, Lithuania""",untu,,Wikidata,ERROR,0,ERROR,,,HTTP 429 for https://www.wikidata.org/w/api.php?action=wbsearchentities&format=json&language=en&type=item&limit=5&search=Untu
Unusual Machines (ASE: UMAC),15-Feb-2024,IPO,"""Orlando, FL""",unusual machines,,Wikidata,ERROR,0,ERROR,,,HTTP 429 for https://www.wikidata.org/w/api.php?action=wbsearchentities&format=json&language=en&type=item&limit=5&search=Unusual+Machines
Upchain,11-May-2021,Merger/Acquisition,"""Toronto, Canada""",upchain,,Wikidata,ERROR,0,ERROR,,,HTTP 429 for https://www.wikidata.org/w/api.php?action=wbsearchentities&format=json&language=en&type=item&limit=5&search=Upchain
UpCity,01-Oct-2022,Merger/Acquisition,"""Chicago, IL""",upcity,,Wikidata,ERROR,0,ERROR,,,HTTP 429 for https://www.wikidata.org/w/api.php?action=wbsearchentities&format=json&language=en&type=item&limit=5&search=UpCity
Upcycle Labs,14-Sep-2021,Merger/Acquisition,"""Netherfield, United Kingdom""",upcycle labs,,Wikidata,ERROR,0,ERROR,,,HTTP 429 for https://www.wikidata.org/w/api.php?action=wbsearchentities&format=json&language=en&type=item&limit=5&search=Upcycle+Labs
Updown App,17-Oct-2024,Merger/Acquisition,"""Saint Louis, MO""",updown app,,Wikidata,ERROR,0,ERROR,,,HTTP 429 for https://www.wikidata.org/w/api.php?action=wbsearchentities&format=json&language=en&type=item&limit=5&search=Updown+App
UpLift (Clinics/Outpatient Services),30-Apr-2025,Merger/Acquisition,"""Tampa, FL""",uplift (clinics/outpatient services),,Wikidata,ERROR,0,ERROR,,,HTTP 429 for https://www.wikidata.org/w/api.php?action=wbsearchentities&format=json&language=en&type=item&limit=5&search=UpLift+%28Clinics%2FOutpatient+Services%29
UpLift (Financial Software),25-Jul-2023,Merger/Acquisition,"""Sunnyvale, CA""",uplift (financial software),,Wikidata,ERROR,0,ERROR,,,HTTP 429 for https://www.wikidata.org/w/api.php?action=wbsearchentities&format=json&language=en&type=item&limit=5&search=UpLift+%28Financial+Software%29
Uplogix,12-Sep-2022,Merger/Acquisition,"""Austin, TX""",uplogix,,Wikidata,ERROR,0,ERROR,,,HTTP 429 for https://www.wikidata.org/w/api.php?action=wbsearchentities&format=json&language=en&type=item&limit=5&search=Uplogix
UpNest,08-Jun-2022,Merger/Acquisition,"""Scottsdale, AZ""",upnest,,Wikidata,ERROR,0,ERROR,,,HTTP 429 for https://www.wikidata.org/w/api.php?action=wbsearchentities&format=json&language=en&type=item&limit=5&search=UpNest
Upsider (Human Capital Services),25-Mar-2021,Merger/Acquisition,"""Newark, NJ""",upsider (human capital services),,Wikidata,ERROR,0,ERROR,,,HTTP 429 for https://www.wikidata.org/w/api.php?action=wbsearchentities&format=json&language=en&type=item&limit=5&search=Upsider+%28Human+Capital+Services%29
Upskill (Software Development Applications),26-Feb-2021,Merger/Acquisition,"""Vienna, VA""",upskill (software development applications),,Wikidata,ERROR,0,ERROR,,,HTTP 429 for https://www.wikidata.org/w/api.php?action=wbsearchentities&format=json&language=en&type=item&limit=5&search=Upskill+%28Software+Development+Applications%29
Upstream Bio (NAS: UPB),11-Oct-2024,IPO,"""Waltham, MA""",upstream bio,,Wikidata,ERROR,0,ERROR,,,HTTP 429 for https://www.wikidata.org/w/api.php?action=wbsearchentities&format=json&language=en&type=item&limit=5&search=Upstream+Bio
Urban Green,18-Mar-2021,Merger/Acquisition,"""Vislanda, Sweden""",urban green,,Wikidata,ERROR,0,ERROR,,,HTTP 429 for https://www.wikidata.org/w/api.php?action=wbsearchentities&format=json&language=en&type=item&limit=5&search=Urban+Green
Urban Infrastructure Partner,19-Aug-2024,Merger/Acquisition,"""Oslo, Norway""",urban infrastructure partner,,Wikidata,ERROR,0,ERROR,,,HTTP 429 for https://www.wikidata.org/w/api.php?action=wbsearchentities&format=json&language=en&type=item&limit=5&search=Urban+Infrastructure+Partner
Urbn Leaf,01-Mar-2022,Merger/Acquisition,"""San Diego, CA""",urbn leaf,,Wikidata,ERROR,0,ERROR,,,HTTP 429 for https://www.wikidata.org/w/api.php?action=wbsearchentities&format=json&language=en&type=item&limit=5&search=Urbn+Leaf
Urgent.ly (NAS: ULY),19-Oct-2023,Reverse Merger,"""Vienna, VA""",urgently,,Wikidata,ERROR,0,ERROR,,,HTTP 429 for https://www.wikidata.org/w/api.php?action=wbsearchentities&format=json&language=en&type=item&limit=5&search=Urgent.ly
USARAD,02-Nov-2021,Merger/Acquisition,"""Oakland Park, FL""",usarad,,Wikidata,ERROR,0,ERROR,,,HTTP 429 for https://www.wikidata.org/w/api.php?action=wbsearchentities&format=json&language=en&type=item&limit=5&search=USARAD
Userlike,27-Apr-2021,Merger/Acquisition,"""Cologne, Germany""",userlike,,Wikidata,ERROR,0,ERROR,,,HTTP 429 for https://www.wikidata.org/w/api.php?action=wbsearchentities&format=json&language=en&type=item&limit=5&search=Userlike
Usermind,20-Jul-2021,Merger/Acquisition,"""Seattle, WA""",usermind,,Wikidata,ERROR,0,ERROR,,,HTTP 429 for https://www.wikidata.org/w/api.php?action=wbsearchentities&format=json&language=en&type=item&limit=5&search=Usermind
UTILITY Therapeutics,19-Jun-2025,Merger/Acquisition,"""Altrincham, United Kingdom""",utility therapeutics,,Wikidata,ERROR,0,ERROR,,,HTTP 429 for https://www.wikidata.org/w/api.php?action=wbsearchentities&format=json&language=en&type=item&limit=5&search=UTILITY+Therapeutics
UWINLOC,19-Dec-2022,Merger/Acquisition,"""Toulouse, France""",uwinloc,,Wikidata,ERROR,0,ERROR,,,HTTP 429 for https://www.wikidata.org/w/api.php?action=wbsearchentities&format=json&language=en&type=item&limit=5&search=UWINLOC
V.A. Smart Wired Connections,30-Mar-2022,Buyout/LBO,"""Lisbon, Portugal""",va smart wired connections,,Wikidata,ERROR,0,ERROR,,,HTTP 429 for https://www.wikidata.org/w/api.php?action=wbsearchentities&format=json&language=en&type=item&limit=5&search=V.A.+Smart+Wired+Connections
Vacasa,06-Dec-2021,Reverse Merger,"""Portland, OR""",vacasa,,Wikidata,ERROR,0,ERROR,,,HTTP 429 for https://www.wikidata.org/w/api.php?action=wbsearchentities&format=json&language=en&type=item&limit=5&search=Vacasa
Valence Labs,16-May-2023,Merger/Acquisition,"""Montreal, Canada""",valence labs,,Wikidata,ERROR,0,ERROR,,,HTTP 429 for https://www.wikidata.org/w/api.php?action=wbsearchentities&format=json&language=en&type=item&limit=5&search=Valence+Labs
ValenzaBio,04-Jan-2023,Merger/Acquisition,"""Bethesda, MD""",valenzabio,,Wikidata,ERROR,0,ERROR,,,HTTP 429 for https://www.wikidata.org/w/api.php?action=wbsearchentities&format=json&language=en&type=item&limit=5&search=ValenzaBio
Valispace,21-Dec-2023,Merger/Acquisition,"""Bremen, Germany""",valispace,,Wikidata,ERROR,0,ERROR,,,HTTP 429 for https://www.wikidata.org/w/api.php?action=wbsearchentities&format=json&language=en&type=item&limit=5&search=Valispace
Valka,19-Nov-2021,Merger/Acquisition,"""Kopavogur, Iceland""",valka,,Wikidata,ERROR,0,ERROR,,,HTTP 429 for https://www.wikidata.org/w/api.php?action=wbsearchentities&format=json&language=en&type=item&limit=5&search=Valka
Vallon Pharmaceuticals,10-Feb-2021,IPO,"""Philadelphia, PA""",vallon pharmaceuticals,,Wikidata,ERROR,0,ERROR,,,HTTP 429 for https://www.wikidata.org/w/api.php?action=wbsearchentities&format=json&language=en&type=item&limit=5&search=Vallon+Pharmaceuticals
Valuer.ai,22-Feb-2021,IPO,"""Copenhagen, Denmark""",valuerai,,Wikidata,ERROR,0,ERROR,,,HTTP 429 for https://www.wikidata.org/w/api.php?action=wbsearchentities&format=json&language=en&type=item&limit=5&search=Valuer.ai
Vampr,22-Feb-2023,Merger/Acquisition,"""Henderson, NV""",vampr,,Wikidata,ERROR,0,ERROR,,,HTTP 429 for https://www.wikidata.org/w/api.php?action=wbsearchentities&format=json&language=en&type=item&limit=5&search=Vampr
Vandersat,13-Dec-2021,Merger/Acquisition,"""Haarlem, Netherlands""",vandersat,,Wikidata,ERROR,0,ERROR,,,HTTP 429 for https://www.wikidata.org/w/api.php?action=wbsearchentities&format=json&language=en&type=item&limit=5&search=Vandersat
Vantage Discovery,14-Mar-2025,Merger/Acquisition,"""San Francisco, CA""",vantage discovery,,Wikidata,ERROR,0,ERROR,,,HTTP 429 for https://www.wikidata.org/w/api.php?action=wbsearchentities&format=json&language=en&type=item&limit=5&search=Vantage+Discovery
VarmX,16-Sep-2025,Merger/Acquisition,"""Leiden, Netherlands""",varmx,,Wikidata,ERROR,0,ERROR,,,HTTP 429 for https://www.wikidata.org/w/api.php?action=wbsearchentities&format=json&language=en&type=item&limit=5&search=VarmX
Vast ( Media and Information Service),07-Jan-2021,Merger/Acquisition,"""Austin, TX""",vast ( media and information service),,Wikidata,ERROR,0,ERROR,,,HTTP 429 for https://www.wikidata.org/w/api.php?action=wbsearchentities&format=json&language=en&type=item&limit=5&search=Vast+%28+Media+and+Information+Service%29
Vastra Hamnen Corporate Finance (STO: VH),06-May-2022,IPO,"""Malmo, Sweden""",vastra hamnen corporate finance,,Wikidata,ERROR,0,ERROR,,,HTTP 429 for https://www.wikidata.org/w/api.php?action=wbsearchentities&format=json&language=en&type=item&limit=5&search=Vastra+Hamnen+Corporate+Finance
Vaxxinity (PINX: VAXX),11-Nov-2021,IPO,"""Merritt Island, FL""",vaxxinity,,Wikidata,ERROR,0,ERROR,,,HTTP 429 for https://www.wikidata.org/w/api.php?action=wbsearchentities&format=json&language=en&type=item&limit=5&search=Vaxxinity
VAY (Business/Productivity Software),17-Sep-2021,Merger/Acquisition,"""Zurich, Switzerland""",vay (business/productivity software),,Wikidata,ERROR,0,ERROR,,,HTTP 429 for https://www.wikidata.org/w/api.php?action=wbsearchentities&format=json&language=en&type=item&limit=5&search=VAY+%28Business%2FProductivity+Software%29
VBit DC,31-Jan-2022,Merger/Acquisition,"""Philadelphia, PA""",vbit dc,,Wikidata,ERROR,0,ERROR,,,HTTP 429 for https://www.wikidata.org/w/api.php?action=wbsearchentities&format=json&language=en&type=item&limit=5&search=VBit+DC
VCP,09-Jul-2021,Merger/Acquisition,"""Irvine, CA""",vcp,,Wikidata,ERROR,0,ERROR,,,HTTP 429 for https://www.wikidata.org/w/api.php?action=wbsearchentities&format=json&language=en&type=item&limit=5&search=VCP
VDDTECH,01-Jun-2022,Merger/Acquisition,"""Mont-Saint-Guibert, Belgium""",vddtech,,Wikidata,ERROR,0,ERROR,,,HTTP 429 for https://www.wikidata.org/w/api.php?action=wbsearchentities&format=json&language=en&type=item&limit=5&search=VDDTECH
VectivBio,09-Apr-2021,IPO,"""Basel, Switzerland""",vectivbio,,Wikidata,ERROR,0,ERROR,,,HTTP 429 for https://www.wikidata.org/w/api.php?action=wbsearchentities&format=json&language=en&type=item&limit=5&search=VectivBio
Vectrix (Network Management Software),14-Jan-2022,Merger/Acquisition,"""San Francisco, CA""",vectrix (network management software),,Wikidata,ERROR,0,ERROR,,,HTTP 429 for https://www.wikidata.org/w/api.php?action=wbsearchentities&format=json&language=en&type=item&limit=5&search=Vectrix+%28Network+Management+Software%29
Veea (NAS: VEEA),13-Sep-2024,Reverse Merger,"""New York, NY""",veea,,Wikidata,ERROR,0,ERROR,,,HTTP 429 for https://www.wikidata.org/w/api.php?action=wbsearchentities&format=json&language=en&type=item&limit=5&search=Veea
Vegas Sports Information Network,24-Mar-2021,Merger/Acquisition,"""Las Vegas, NV""",vegas sports information network,,Wikidata,ERROR,0,ERROR,,,HTTP 429 for https://www.wikidata.org/w/api.php?action=wbsearchentities&format=json&language=en&type=item&limit=5&search=Vegas+Sports+Information+Network
Veicoli,12-Nov-2021,Merger/Acquisition,"""Turin, Italy""",veicoli,,Wikidata,ERROR,0,ERROR,,,HTTP 429 for https://www.wikidata.org/w/api.php?action=wbsearchentities&format=json&language=en&type=item&limit=5&search=Veicoli
Velo3D (NAS: VELO),29-Sep-2021,Reverse Merger,"""Fremont, CA""",velo3d,,Wikidata,ERROR,0,ERROR,,,HTTP 429 for https://www.wikidata.org/w/api.php?action=wbsearchentities&format=json&language=en&type=item&limit=5&search=Velo3D
Velocity Black,31-May-2023,Merger/Acquisition,"""London, United Kingdom""",velocity black,,Wikidata,ERROR,0,ERROR,,,HTTP 429 for https://www.wikidata.org/w/api.php?action=wbsearchentities&format=json&language=en&type=item&limit=5&search=Velocity+Black
VeloCloud,30-Jun-2025,Merger/Acquisition,"""Mountain View, CA""",velocloud,,Wikidata,ERROR,0,ERROR,,,HTTP 429 for https://www.wikidata.org/w/api.php?action=wbsearchentities&format=json&language=en&type=item&limit=5&search=VeloCloud
Vendon,01-Jul-2022,Merger/Acquisition,"""Riga, Latvia""",vendon,,Wikidata,ERROR,0,ERROR,,,HTTP 429 for https://www.wikidata.org/w/api.php?action=wbsearchentities&format=json&language=en&type=item&limit=5&search=Vendon
Ventealapropriete,08-Jul-2021,Merger/Acquisition,"""Macon, France""",ventealapropriete,,Wikidata,ERROR,0,ERROR,,,HTTP 429 for https://www.wikidata.org/w/api.php?action=wbsearchentities&format=json&language=en&type=item&limit=5&search=Ventealapropriete
Venturebeam,27-Oct-2023,Buyout/LBO,"""London, United Kingdom""",venturebeam,,Wikidata,ERROR,0,ERROR,,,HTTP 429 for https://www.wikidata.org/w/api.php?action=wbsearchentities&format=json&language=en&type=item&limit=5&search=Venturebeam
Ventyx Biosciences (NAS: VTYX),21-Oct-2021,IPO,"""San Diego, CA""",ventyx biosciences,,Wikidata,ERROR,0,ERROR,,,HTTP 429 for https://www.wikidata.org/w/api.php?action=wbsearchentities&format=json&language=en&type=item&limit=5&search=Ventyx+Biosciences
VENU Holding (ASE: VENU),27-Nov-2024,IPO,"""Colorado Springs, CO""",venu,,Wikidata,ERROR,0,ERROR,,,HTTP 429 for https://www.wikidata.org/w/api.php?action=wbsearchentities&format=json&language=en&type=item&limit=5&search=VENU+Holding
VenueNext,03-Mar-2021,Merger/Acquisition,"""Allentown, PA""",venuenext,,Wikidata,ERROR,0,ERROR,,,HTTP 429 for https://www.wikidata.org/w/api.php?action=wbsearchentities&format=json&language=en&type=item&limit=5&search=VenueNext
Venuetize,14-Oct-2022,Merger/Acquisition,"""Tampa, FL""",venuetize,,Wikidata,ERROR,0,ERROR,,,HTTP 429 for https://www.wikidata.org/w/api.php?action=wbsearchentities&format=json&language=en&type=item&limit=5&search=Venuetize
Veo Robotics,01-Jul-2024,Merger/Acquisition,"""Waltham, MA""",veo robotics,,Wikidata,ERROR,0,ERROR,,,HTTP 429 for https://www.wikidata.org/w/api.php?action=wbsearchentities&format=json&language=en&type=item&limit=5&search=Veo+Robotics
Vera Therapeutics (NAS: VERA),14-May-2021,IPO,"""Brisbane, CA""",vera therapeutics,,Wikidata,ERROR,0,ERROR,,,HTTP 429 for https://www.wikidata.org/w/api.php?action=wbsearchentities&format=json&language=en&type=item&limit=5&search=Vera+Therapeutics
VeraDermics (NYS: MANE),04-Feb-2026,IPO,"""New Haven, CT""",veradermics,,Wikidata,ERROR,0,ERROR,,,HTTP 429 for https://www.wikidata.org/w/api.php?action=wbsearchentities&format=json&language=en&type=item&limit=5&search=VeraDermics
Verifi3D,10-Oct-2024,Merger/Acquisition,"""Delft, Netherlands""",verifi3d,,Wikidata,ERROR,0,ERROR,,,HTTP 429 for https://www.wikidata.org/w/api.php?action=wbsearchentities&format=json&language=en&type=item&limit=5&search=Verifi3D
Verifiable Credentials,26-May-2021,Merger/Acquisition,"""Canterbury, United Kingdom""",verifiable credentials,,Wikidata,ERROR,0,ERROR,,,HTTP 429 for https://www.wikidata.org/w/api.php?action=wbsearchentities&format=json&language=en&type=item&limit=5&search=Verifiable+Credentials
Verikai,06-Dec-2021,Merger/Acquisition,"""San Francisco, CA""",verikai,,Wikidata,ERROR,0,ERROR,,,HTTP 429 for https://www.wikidata.org/w/api.php?action=wbsearchentities&format=json&language=en&type=item&limit=5&search=Verikai
Vermietet.de,11-May-2021,Merger/Acquisition,"""Berlin, Germany""",vermietetde,,Wikidata,ERROR,0,ERROR,,,HTTP 429 for https://www.wikidata.org/w/api.php?action=wbsearchentities&format=json&language=en&type=item&limit=5&search=Vermietet.de
Verrix,01-Sep-2021,Merger/Acquisition,"""Scottsdale, AZ""",verrix,,Wikidata,ERROR,0,ERROR,,,HTTP 429 for https://www.wikidata.org/w/api.php?action=wbsearchentities&format=json&language=en&type=item&limit=5&search=Verrix
Versanis Bio,14-Aug-2023,Merger/Acquisition,"""Oakland, CA""",versanis bio,,Wikidata,ERROR,0,ERROR,,,HTTP 429 for https://www.wikidata.org/w/api.php?action=wbsearchentities&format=json&language=en&type=item&limit=5&search=Versanis+Bio
Vertical Aerospace Group (NYS: EVTL),15-Dec-2021,Reverse Merger,"""Bristol, United Kingdom""",vertical aerospace,,Wikidata,ERROR,0,ERROR,,,HTTP 429 for https://www.wikidata.org/w/api.php?action=wbsearchentities&format=json&language=en&type=item&limit=5&search=Vertical+Aerospace+Group
Vertus Capital (Private Equity),21-Aug-2023,Merger/Acquisition,"""Gerrards Cross, United Kingdom""",vertus capital (private equity),,Wikidata,ERROR,0,ERROR,,,HTTP 429 for https://www.wikidata.org/w/api.php?action=wbsearchentities&format=json&language=en&type=item&limit=5&search=Vertus+Capital+%28Private+Equity%29
Verve Therapeutics,17-Jun-2021,IPO,"""Boston, MA""",verve therapeutics,,Wikidata,ERROR,0,ERROR,,,HTTP 429 for https://www.wikidata.org/w/api.php?action=wbsearchentities&format=json&language=en&type=item&limit=5&search=Verve+Therapeutics
Vesper (Electronic Equipment and Instruments),31-Aug-2022,Merger/Acquisition,"""Boston, MA""",vesper (electronic equipment and instruments),,Wikidata,ERROR,0,ERROR,,,HTTP 429 for https://www.wikidata.org/w/api.php?action=wbsearchentities&format=json&language=en&type=item&limit=5&search=Vesper+%28Electronic+Equipment+and+Instruments%29
Vesper Medical,11-Jan-2022,Merger/Acquisition,"""Wayne, PA""",vesper medical,,Wikidata,ERROR,0,ERROR,,,HTTP 429 for https://www.wikidata.org/w/api.php?action=wbsearchentities&format=json&language=en&type=item&limit=5&search=Vesper+Medical
Vetex Medical,02-Jul-2021,Merger/Acquisition,"""Galway, Ireland""",vetex medical,,Wikidata,ERROR,0,ERROR,,,HTTP 429 for https://www.wikidata.org/w/api.php?action=wbsearchentities&format=json&language=en&type=item&limit=5&search=Vetex+Medical
Veza,03-Dec-2025,Merger/Acquisition,"""Redwood City, CA""",veza,,Wikidata,ERROR,0,ERROR,,,HTTP 429 for https://www.wikidata.org/w/api.php?action=wbsearchentities&format=json&language=en&type=item&limit=5&search=Veza
Vezet Group,02-Feb-2021,Merger/Acquisition,"""Moscow, Russia""",vezet,,Wikidata,ERROR,0,ERROR,,,HTTP 429 for https://www.wikidata.org/w/api.php?action=wbsearchentities&format=json&language=en&type=item&limit=5&search=Vezet+Group
VIA (Automotive),31-Jan-2023,Merger/Acquisition,"""Auburn Hills, MI""",via (automotive),,Wikidata,ERROR,0,ERROR,,,HTTP 429 for https://www.wikidata.org/w/api.php?action=wbsearchentities&format=json&language=en&type=item&limit=5&search=VIA+%28Automotive%29
Via Transportation (NYS: VIA),12-Sep-2025,IPO,"""New York, NY""",via transportation,,Wikidata,ERROR,0,ERROR,,,HTTP 429 for https://www.wikidata.org/w/api.php?action=wbsearchentities&format=json&language=en&type=item&limit=5&search=Via+Transportation
Viaduct,27-Aug-2025,Merger/Acquisition,"""Menlo Park, CA""",viaduct,,Wikidata,ERROR,0,ERROR,,,HTTP 429 for https://www.wikidata.org/w/api.php?action=wbsearchentities&format=json&language=en&type=item&limit=5&search=Viaduct
ViaHero,07-May-2024,Merger/Acquisition,"""New York, NY""",viahero,,Wikidata,ERROR,0,ERROR,,,HTTP 429 for https://www.wikidata.org/w/api.php?action=wbsearchentities&format=json&language=en&type=item&limit=5&search=ViaHero
Vibbio,21-Apr-2022,Merger/Acquisition,"""Jar, Norway""",vibbio,,Wikidata,ERROR,0,ERROR,,,HTTP 429 for https://www.wikidata.org/w/api.php?action=wbsearchentities&format=json&language=en&type=item&limit=5&search=Vibbio
Vicampo,03-Aug-2021,Merger/Acquisition,"""Mainz, Germany""",vicampo,,Wikidata,ERROR,0,ERROR,,,HTTP 429 for https://www.wikidata.org/w/api.php?action=wbsearchentities&format=json&language=en&type=item&limit=5&search=Vicampo
Vicarious Surgical (NYS: RBOT),20-Sep-2021,Reverse Merger,"""Waltham, MA""",vicarious surgical,,Wikidata,ERROR,0,ERROR,,,HTTP 429 for https://www.wikidata.org/w/api.php?action=wbsearchentities&format=json&language=en&type=item&limit=5&search=Vicarious+Surgical
ViceBio,05-Dec-2025,Merger/Acquisition,"""London, United Kingdom""",vicebio,,Wikidata,ERROR,0,ERROR,,,HTTP 429 for https://www.wikidata.org/w/api.php?action=wbsearchentities&format=json&language=en&type=item&limit=5&search=ViceBio
Video Intelligence,05-Jan-2022,Merger/Acquisition,"""Zurich, Switzerland""",video intelligence,,Wikidata,ERROR,0,ERROR,,,HTTP 429 for https://www.wikidata.org/w/api.php?action=wbsearchentities&format=json&language=en&type=item&limit=5&search=Video+Intelligence
Vidinoti,26-Jun-2021,Merger/Acquisition,"""Fribourg, Switzerland""",vidinoti,,Wikidata,ERROR,0,ERROR,,,HTTP 429 for https://www.wikidata.org/w/api.php?action=wbsearchentities&format=json&language=en&type=item&limit=5&search=Vidinoti
Vigene Biosciences,28-Jun-2021,Merger/Acquisition,"""Rockville, MD""",vigene biosciences,,Wikidata,ERROR,0,ERROR,,,HTTP 429 for https://www.wikidata.org/w/api.php?action=wbsearchentities&format=json&language=en&type=item&limit=5&search=Vigene+Biosciences
Vigil Neuro,07-Jan-2022,IPO,"""Watertown, MA""",vigil neuro,,Wikidata,ERROR,0,ERROR,,,HTTP 429 for https://www.wikidata.org/w/api.php?action=wbsearchentities&format=json&language=en&type=item&limit=5&search=Vigil+Neuro
Vignette Bio,19-Aug-2024,Merger/Acquisition,"""San Diego, CA""",vignette bio,,Wikidata,ERROR,0,ERROR,,,HTTP 429 for https://www.wikidata.org/w/api.php?action=wbsearchentities&format=json&language=en&type=item&limit=5&search=Vignette+Bio
Vigtory,26-Feb-2021,Merger/Acquisition,"""Chicago, IL""",vigtory,,Wikidata,ERROR,0,ERROR,,,HTTP 429 for https://www.wikidata.org/w/api.php?action=wbsearchentities&format=json&language=en&type=item&limit=5&search=Vigtory
Viji,27-Jan-2022,Merger/Acquisition,"""La Teste-de-Buch, France""",viji,,Wikidata,ERROR,0,ERROR,,,HTTP 429 for https://www.wikidata.org/w/api.php?action=wbsearchentities&format=json&language=en&type=item&limit=5&search=Viji
Villaris Therapeutics,17-Nov-2022,Merger/Acquisition,"""Cary, NC""",villaris therapeutics,,Wikidata,ERROR,0,ERROR,,,HTTP 429 for https://www.wikidata.org/w/api.php?action=wbsearchentities&format=json&language=en&type=item&limit=5&search=Villaris+Therapeutics
VINN,23-Jun-2023,Merger/Acquisition,"""Vancouver, Canada""",vinn,,Wikidata,ERROR,0,ERROR,,,HTTP 429 for https://www.wikidata.org/w/api.php?action=wbsearchentities&format=json&language=en&type=item&limit=5&search=VINN
Vinpai (PAR: ALVIN),19-Jul-2023,IPO,"""Saint-Dolay, France""",vinpai,,Wikidata,ERROR,0,ERROR,,,HTTP 429 for https://www.wikidata.org/w/api.php?action=wbsearchentities&format=json&language=en&type=item&limit=5&search=Vinpai
Vinteo,05-Nov-2024,Merger/Acquisition,"""Krasnodar, Russia""",vinteo,,Wikidata,ERROR,0,ERROR,,,HTTP 429 for https://www.wikidata.org/w/api.php?action=wbsearchentities&format=json&language=en&type=item&limit=5&search=Vinteo
Violet Grey,28-Jan-2022,Merger/Acquisition,"""Los Angeles, CA""",violet grey,,Wikidata,ERROR,0,ERROR,,,HTTP 429 for https://www.wikidata.org/w/api.php?action=wbsearchentities&format=json&language=en&type=item&limit=5&search=Violet+Grey
Vira Drones,01-Jan-2022,Merger/Acquisition,"""Cottbus, Germany""",vira drones,,Wikidata,ERROR,0,ERROR,,,HTTP 429 for https://www.wikidata.org/w/api.php?action=wbsearchentities&format=json&language=en&type=item&limit=5&search=Vira+Drones
Viral Loops,01-Apr-2022,Merger/Acquisition,"""Vancouver, Canada""",viral loops,,Wikidata,ERROR,0,ERROR,,,HTTP 429 for https://www.wikidata.org/w/api.php?action=wbsearchentities&format=json&language=en&type=item&limit=5&search=Viral+Loops
Virgin Orbit,28-Dec-2021,Reverse Merger,"""Long Beach, CA""",virgin orbit,,Wikidata,ERROR,0,ERROR,,,HTTP 429 for https://www.wikidata.org/w/api.php?action=wbsearchentities&format=json&language=en&type=item&limit=5&search=Virgin+Orbit
ViriCiti,11-Aug-2021,Merger/Acquisition,"""Amsterdam, Netherlands""",viriciti,,Wikidata,ERROR,0,ERROR,,,HTTP 429 for https://www.wikidata.org/w/api.php?action=wbsearchentities&format=json&language=en&type=item&limit=5&search=ViriCiti
Virpax Pharmaceuticals (PINX: VRPX),17-Feb-2021,IPO,"""Berwyn, PA""",virpax pharmaceuticals,,Wikidata,ERROR,0,ERROR,,,HTTP 429 for https://www.wikidata.org/w/api.php?action=wbsearchentities&format=json&language=en&type=item&limit=5&search=Virpax+Pharmaceuticals
Virtual Technology Simplified,13-Jul-2024,Merger/Acquisition,"""Brighton, MI""",virtual technology simplified,,Wikidata,ERROR,0,ERROR,,,HTTP 429 for https://www.wikidata.org/w/api.php?action=wbsearchentities&format=json&language=en&type=item&limit=5&search=Virtual+Technology+Simplified
Viscopic,07-May-2021,Merger/Acquisition,"""Munich, Germany""",viscopic,,Wikidata,ERROR,0,ERROR,,,HTTP 429 for https://www.wikidata.org/w/api.php?action=wbsearchentities&format=json&language=en&type=item&limit=5&search=Viscopic
Visikol,20-May-2021,Merger/Acquisition,"""Hampton, NJ""",visikol,,Wikidata,ERROR,0,ERROR,,,HTTP 429 for https://www.wikidata.org/w/api.php?action=wbsearchentities&format=json&language=en&type=item&limit=5&search=Visikol
Vision Hill Group,19-May-2021,Merger/Acquisition,"""New York, NY""",vision hill,,Wikidata,ERROR,0,ERROR,,,HTTP 429 for https://www.wikidata.org/w/api.php?action=wbsearchentities&format=json&language=en&type=item&limit=5&search=Vision+Hill+Group
VisionLabs,01-Feb-2022,Merger/Acquisition,"""Amsterdam, Netherlands""",visionlabs,,Wikidata,ERROR,0,ERROR,,,HTTP 429 for https://www.wikidata.org/w/api.php?action=wbsearchentities&format=json&language=en&type=item&limit=5&search=VisionLabs
VisitPay,01-Jul-2021,Merger/Acquisition,"""Boise, ID""",visitpay,,Wikidata,ERROR,0,ERROR,,,HTTP 429 for https://www.wikidata.org/w/api.php?action=wbsearchentities&format=json&language=en&type=item&limit=5&search=VisitPay
VisualEyes,11-Apr-2022,Merger/Acquisition,"""Thessaloniki, Greece""",visualeyes,,Wikidata,ERROR,0,ERROR,,,HTTP 429 for https://www.wikidata.org/w/api.php?action=wbsearchentities&format=json&language=en&type=item&limit=5&search=VisualEyes
Visualix,23-Apr-2021,Merger/Acquisition,"""Berlin, Germany""",visualix,,Wikidata,ERROR,0,ERROR,,,HTTP 429 for https://www.wikidata.org/w/api.php?action=wbsearchentities&format=json&language=en&type=item&limit=5&search=Visualix
Vivani Medical (NAS: VANI),31-Aug-2022,Reverse Merger,"""Alameda, CA""",vivani medical,,Wikidata,ERROR,0,ERROR,,,HTTP 429 for https://www.wikidata.org/w/api.php?action=wbsearchentities&format=json&language=en&type=item&limit=5&search=Vivani+Medical
Vivasure Medical,09-Jan-2026,Merger/Acquisition,"""Galway, Ireland""",vivasure medical,,Wikidata,ERROR,0,ERROR,,,HTTP 429 for https://www.wikidata.org/w/api.php?action=wbsearchentities&format=json&language=en&type=item&limit=5&search=Vivasure+Medical
ViveLaCar,25-Jan-2023,Merger/Acquisition,"""Stuttgart, Germany""",vivelacar,,Wikidata,ERROR,0,ERROR,,,HTTP 429 for https://www.wikidata.org/w/api.php?action=wbsearchentities&format=json&language=en&type=item&limit=5&search=ViveLaCar
Vividion Therapeutics,01-Aug-2021,Merger/Acquisition,"""San Diego, CA""",vividion therapeutics,,Wikidata,ERROR,0,ERROR,,,HTTP 429 for https://www.wikidata.org/w/api.php?action=wbsearchentities&format=json&language=en&type=item&limit=5&search=Vividion+Therapeutics
Vizio Holding,25-Mar-2021,IPO,"""Irvine, CA""",vizio,,Wikidata,ERROR,0,ERROR,,,HTTP 429 for https://www.wikidata.org/w/api.php?action=wbsearchentities&format=json&language=en&type=item&limit=5&search=Vizio+Holding
VNDLY,21-Dec-2021,Merger/Acquisition,"""Mason, OH""",vndly,,Wikidata,ERROR,0,ERROR,,,HTTP 429 for https://www.wikidata.org/w/api.php?action=wbsearchentities&format=json&language=en&type=item&limit=5&search=VNDLY
VocaliD,10-Jun-2022,Merger/Acquisition,"""Belmont, MA""",vocalid,,Wikidata,ERROR,0,ERROR,,,HTTP 429 for https://www.wikidata.org/w/api.php?action=wbsearchentities&format=json&language=en&type=item&limit=5&search=VocaliD
Vocera Communications,23-Feb-2022,Merger/Acquisition,"""San Jose, CA""",vocera communications,,Wikidata,ERROR,0,ERROR,,,HTTP 429 for https://www.wikidata.org/w/api.php?action=wbsearchentities&format=json&language=en&type=item&limit=5&search=Vocera+Communications
Vochi,03-Dec-2021,Merger/Acquisition,"""Nicosia, Cyprus""",vochi,,Wikidata,ERROR,0,ERROR,,,HTTP 429 for https://www.wikidata.org/w/api.php?action=wbsearchentities&format=json&language=en&type=item&limit=5&search=Vochi
Vocodia (PINX: VHAI),23-Feb-2024,IPO,"""Boca Raton, FL""",vocodia,,Wikidata,ERROR,0,ERROR,,,HTTP 429 for https://www.wikidata.org/w/api.php?action=wbsearchentities&format=json&language=en&type=item&limit=5&search=Vocodia
VogacCloset,18-Oct-2021,Merger/Acquisition,"""London, United Kingdom""",vogaccloset,,Wikidata,ERROR,0,ERROR,,,HTTP 429 for https://www.wikidata.org/w/api.php?action=wbsearchentities&format=json&language=en&type=item&limit=5&search=VogacCloset
VoiceBase,18-Oct-2021,Merger/Acquisition,"""Campbell, CA""",voicebase,,Wikidata,ERROR,0,ERROR,,,HTTP 429 for https://www.wikidata.org/w/api.php?action=wbsearchentities&format=json&language=en&type=item&limit=5&search=VoiceBase
VoiceVibes,15-Jan-2021,Merger/Acquisition,"""Marriottsville, MD""",voicevibes,,Wikidata,ERROR,0,ERROR,,,HTTP 429 for https://www.wikidata.org/w/api.php?action=wbsearchentities&format=json&language=en&type=item&limit=5&search=VoiceVibes
Volato (ASE: SOAR),01-Dec-2023,Reverse Merger,"""Chamblee, GA""",volato,,Wikidata,ERROR,0,ERROR,,,HTTP 429 for https://www.wikidata.org/w/api.php?action=wbsearchentities&format=json&language=en&type=item&limit=5&search=Volato
Volocopter,12-Mar-2025,Merger/Acquisition,"""Bruchsal, Germany""",volocopter,,Wikidata,ERROR,0,ERROR,,,HTTP 429 for https://www.wikidata.org/w/api.php?action=wbsearchentities&format=json&language=en&type=item&limit=5&search=Volocopter
Volt (Electronics),23-Jul-2024,Merger/Acquisition,"""Frederiksberg, Denmark""",volt (electronics),,Wikidata,ERROR,0,ERROR,,,HTTP 429 for https://www.wikidata.org/w/api.php?action=wbsearchentities&format=json&language=en&type=item&limit=5&search=Volt+%28Electronics%29
Volta Charging,25-Aug-2021,Reverse Merger,"""San Francisco, CA""",volta charging,,Wikidata,ERROR,0,ERROR,,,HTTP 429 for https://www.wikidata.org/w/api.php?action=wbsearchentities&format=json&language=en&type=item&limit=5&search=Volta+Charging
Volterra,22-Jan-2021,Merger/Acquisition,"""San Jose, CA""",volterra,,Wikidata,ERROR,0,ERROR,,,HTTP 429 for https://www.wikidata.org/w/api.php?action=wbsearchentities&format=json&language=en&type=item&limit=5&search=Volterra
Volumetric (Biotechnology),01-Dec-2021,Merger/Acquisition,"""Houston, TX""",volumetric (biotechnology),,Wikidata,ERROR,0,ERROR,,,HTTP 429 for https://www.wikidata.org/w/api.php?action=wbsearchentities&format=json&language=en&type=item&limit=5&search=Volumetric+%28Biotechnology%29
Voluntis,01-Nov-2021,Merger/Acquisition,"""Suresnes, France""",voluntis,,Wikidata,ERROR,0,ERROR,,,HTTP 429 for https://www.wikidata.org/w/api.php?action=wbsearchentities&format=json&language=en&type=item&limit=5&search=Voluntis
Voog,31-May-2023,Merger/Acquisition,"""Tartu, Estonia""",voog,,Wikidata,ERROR,0,ERROR,,,HTTP 429 for https://www.wikidata.org/w/api.php?action=wbsearchentities&format=json&language=en&type=item&limit=5&search=Voog
Vor Biopharma (NAS: VOR),05-Feb-2021,IPO,"""Cambridge, MA""",vor biopharma,,Wikidata,ERROR,0,ERROR,,,HTTP 429 for https://www.wikidata.org/w/api.php?action=wbsearchentities&format=json&language=en&type=item&limit=5&search=Vor+Biopharma
VouchedFor,30-Oct-2023,Merger/Acquisition,"""Teddington, United Kingdom""",vouchedfor,,Wikidata,ERROR,0,ERROR,,,HTTP 429 for https://www.wikidata.org/w/api.php?action=wbsearchentities&format=json&language=en&type=item&limit=5&search=VouchedFor
Voxel8,10-Aug-2021,Merger/Acquisition,"""Somerville, MA""",voxel8,,Wikidata,ERROR,0,ERROR,,,HTTP 429 for https://www.wikidata.org/w/api.php?action=wbsearchentities&format=json&language=en&type=item&limit=5&search=Voxel8
Voyage AI,17-Feb-2025,Merger/Acquisition,"""Palo Alto, CA""",voyage ai,,Wikidata,ERROR,0,ERROR,,,HTTP 429 for https://www.wikidata.org/w/api.php?action=wbsearchentities&format=json&language=en&type=item&limit=5&search=Voyage+AI
Voyager (NYS: VOYG),11-Jun-2025,IPO,"""Denver, CO""",voyager,,Wikidata,ERROR,0,ERROR,,,HTTP 429 for https://www.wikidata.org/w/api.php?action=wbsearchentities&format=json&language=en&type=item&limit=5&search=Voyager
Voyantic,03-Apr-2023,Merger/Acquisition,"""Helsinki, Finland""",voyantic,,Wikidata,ERROR,0,ERROR,,,HTTP 429 for https://www.wikidata.org/w/api.php?action=wbsearchentities&format=json&language=en&type=item&limit=5&search=Voyantic
Vulcan Forged,13-Mar-2025,Merger/Acquisition,"""Athens, Greece""",vulcan forged,,Wikidata,ERROR,0,ERROR,,,HTTP 429 for https://www.wikidata.org/w/api.php?action=wbsearchentities&format=json&language=en&type=item&limit=5&search=Vulcan+Forged
Vultus (SAT: C100),20-May-2022,IPO,"""Lund, Sweden""",vultus,,Wikidata,ERROR,0,ERROR,,,HTTP 429 for https://www.wikidata.org/w/api.php?action=wbsearchentities&format=json&language=en&type=item&limit=5&search=Vultus
Vyasa Analytics,28-Dec-2022,Merger/Acquisition,"""Newburyport, MA""",vyasa analytics,,Wikidata,ERROR,0,ERROR,,,HTTP 429 for https://www.wikidata.org/w/api.php?action=wbsearchentities&format=json&language=en&type=item&limit=5&search=Vyasa+Analytics
Vyble,01-Feb-2022,Merger/Acquisition,"""Hamburg, Germany""",vyble,,Wikidata,ERROR,0,ERROR,,,HTTP 429 for https://www.wikidata.org/w/api.php?action=wbsearchentities&format=json&language=en&type=item&limit=5&search=Vyble
Wag! Group,09-Aug-2022,Reverse Merger,"""San Francisco, CA""",wag!,,Wikidata,ERROR,0,ERROR,,,HTTP 429 for https://www.wikidata.org/w/api.php?action=wbsearchentities&format=json&language=en&type=item&limit=5&search=Wag%21+Group
WalkUp,18-Jan-2023,Merger/Acquisition,"""London, United Kingdom""",walkup,,Wikidata,ERROR,0,ERROR,,,HTTP 429 for https://www.wikidata.org/w/api.php?action=wbsearchentities&format=json&language=en&type=item&limit=5&search=WalkUp
Wall Street Horizon,09-Nov-2022,Merger/Acquisition,"""Woburn, MA""",wall street horizon,,Wikidata,ERROR,0,ERROR,,,HTTP 429 for https://www.wikidata.org/w/api.php?action=wbsearchentities&format=json&language=en&type=item&limit=5&search=Wall+Street+Horizon
Wallapop,30-Jan-2026,Merger/Acquisition,"""Barcelona, Spain""",wallapop,,Wikidata,ERROR,0,ERROR,,,HTTP 429 for https://www.wikidata.org/w/api.php?action=wbsearchentities&format=json&language=en&type=item&limit=5&search=Wallapop
Wallbox (NYS: WBX),04-Oct-2021,Reverse Merger,"""Barcelona, Spain""",wallbox,,Wikidata,ERROR,0,ERROR,,,HTTP 429 for https://www.wikidata.org/w/api.php?action=wbsearchentities&format=json&language=en&type=item&limit=5&search=Wallbox
Walmart Advanced Systems & Robotics,09-Nov-2022,Merger/Acquisition,"""Andover, MA""",walmart advanced systems and robotics,,Wikidata,ERROR,0,ERROR,,,HTTP 429 for https://www.wikidata.org/w/api.php?action=wbsearchentities&format=json&language=en&type=item&limit=5&search=Walmart+Advanced+Systems+%26+Robotics
Walmeric,08-Jul-2021,Merger/Acquisition,"""Madrid, Spain""",walmeric,,Wikidata,ERROR,0,ERROR,,,HTTP 429 for https://www.wikidata.org/w/api.php?action=wbsearchentities&format=json&language=en&type=item&limit=5&search=Walmeric
Wandera,01-Jul-2021,Merger/Acquisition,"""London, United Kingdom""",wandera,,Wikidata,ERROR,0,ERROR,,,HTTP 429 for https://www.wikidata.org/w/api.php?action=wbsearchentities&format=json&language=en&type=item&limit=5&search=Wandera
Wando Internet Solutions,22-Feb-2021,Merger/Acquisition,"""Berlin, Germany""",wando internet solutions,,Wikidata,ERROR,0,ERROR,,,HTTP 429 for https://www.wikidata.org/w/api.php?action=wbsearchentities&format=json&language=en&type=item&limit=5&search=Wando+Internet+Solutions
Wanna (Multimedia and Design Software),05-Apr-2022,Merger/Acquisition,"""Redwood City, CA""",wanna (multimedia and design software),,Wikidata,ERROR,0,ERROR,,,HTTP 429 for https://www.wikidata.org/w/api.php?action=wbsearchentities&format=json&language=en&type=item&limit=5&search=Wanna+%28Multimedia+and+Design+Software%29
Warby Parker (NYS: WRBY),29-Sep-2021,IPO,"""New York, NY""",warby parker,,Wikidata,ERROR,0,ERROR,,,HTTP 429 for https://www.wikidata.org/w/api.php?action=wbsearchentities&format=json&language=en&type=item&limit=5&search=Warby+Parker
WarpStream,04-Sep-2024,Merger/Acquisition,"""Chicago, IL""",warpstream,,Wikidata,ERROR,0,ERROR,,,HTTP 429 for https://www.wikidata.org/w/api.php?action=wbsearchentities&format=json&language=en&type=item&limit=5&search=WarpStream
WasteTrakr,08-Jul-2022,Merger/Acquisition,"""Danville, CA""",wastetrakr,,Wikidata,ERROR,0,ERROR,,,HTTP 429 for https://www.wikidata.org/w/api.php?action=wbsearchentities&format=json&language=en&type=item&limit=5&search=WasteTrakr
Watchkeeper International,01-Jun-2021,Merger/Acquisition,"""London, United Kingdom""",watchkeeper international,,Wikidata,ERROR,0,ERROR,,,HTTP 429 for https://www.wikidata.org/w/api.php?action=wbsearchentities&format=json&language=en&type=item&limit=5&search=Watchkeeper+International
Wattpad,10-May-2021,Merger/Acquisition,"""Toronto, Canada""",wattpad,,Wikidata,ERROR,0,ERROR,,,HTTP 429 for https://www.wikidata.org/w/api.php?action=wbsearchentities&format=json&language=en&type=item&limit=5&search=Wattpad
WAVE Charging,15-Jan-2021,Merger/Acquisition,"""Salt Lake City, UT""",wave charging,,Wikidata,ERROR,0,ERROR,,,HTTP 429 for https://www.wikidata.org/w/api.php?action=wbsearchentities&format=json&language=en&type=item&limit=5&search=WAVE+Charging
WaveForm Diabetes,30-Jan-2024,Merger/Acquisition,"""Wilsonville, OR""",waveform diabetes,,Wikidata,ERROR,0,ERROR,,,HTTP 429 for https://www.wikidata.org/w/api.php?action=wbsearchentities&format=json&language=en&type=item&limit=5&search=WaveForm+Diabetes
WaveOptics,21-May-2021,Merger/Acquisition,"""Oxford, United Kingdom""",waveoptics,,Wikidata,ERROR,0,ERROR,,,HTTP 429 for https://www.wikidata.org/w/api.php?action=wbsearchentities&format=json&language=en&type=item&limit=5&search=WaveOptics
Wavy (Paris),16-May-2022,Merger/Acquisition,"""Paris, France""",wavy (paris),,Wikidata,ERROR,0,ERROR,,,HTTP 429 for https://www.wikidata.org/w/api.php?action=wbsearchentities&format=json&language=en&type=item&limit=5&search=Wavy+%28Paris%29
Way2vat (ASX: W2V),17-Sep-2021,IPO,"""Reading, United Kingdom""",way2vat,,Wikidata,ERROR,0,ERROR,,,HTTP 429 for https://www.wikidata.org/w/api.php?action=wbsearchentities&format=json&language=en&type=item&limit=5&search=Way2vat
Waybridge,10-Mar-2023,Merger/Acquisition,"""New York, NY""",waybridge,,Wikidata,ERROR,0,ERROR,,,HTTP 429 for https://www.wikidata.org/w/api.php?action=wbsearchentities&format=json&language=en&type=item&limit=5&search=Waybridge
WayCare,18-Aug-2021,Merger/Acquisition,"""Sherman Oaks, CA""",waycare,,Wikidata,ERROR,0,ERROR,,,HTTP 429 for https://www.wikidata.org/w/api.php?action=wbsearchentities&format=json&language=en&type=item&limit=5&search=WayCare
Wayforward,07-Jun-2021,Merger/Acquisition,"""New York, NY""",wayforward,,Wikidata,ERROR,0,ERROR,,,HTTP 429 for https://www.wikidata.org/w/api.php?action=wbsearchentities&format=json&language=en&type=item&limit=5&search=Wayforward
Waylay,01-Aug-2025,Merger/Acquisition,"""Ghent, Belgium""",waylay,,Wikidata,ERROR,0,ERROR,,,HTTP 429 for https://www.wikidata.org/w/api.php?action=wbsearchentities&format=json&language=en&type=item&limit=5&search=Waylay
We Are Knitters,23-Jun-2025,Merger/Acquisition,"""Madrid, Spain""",we are knitters,,Wikidata,ERROR,0,ERROR,,,HTTP 429 for https://www.wikidata.org/w/api.php?action=wbsearchentities&format=json&language=en&type=item&limit=5&search=We+Are+Knitters
Wealthfront (NAS: WLTH),12-Dec-2025,IPO,"""Palo Alto, CA""",wealthfront,,Wikidata,ERROR,0,ERROR,,,HTTP 429 for https://www.wikidata.org/w/api.php?action=wbsearchentities&format=json&language=en&type=item&limit=5&search=Wealthfront
Wearable Technologies (UK),10-Feb-2021,Merger/Acquisition,"""Enderby, United Kingdom""",wearable technologies (uk),,Wikidata,ERROR,0,ERROR,,,HTTP 429 for https://www.wikidata.org/w/api.php?action=wbsearchentities&format=json&language=en&type=item&limit=5&search=Wearable+Technologies+%28UK%29
Wearco (WAR: ANR),08-Jan-2021,IPO,"""Kokotow, Poland""",wearco,,Wikidata,ERROR,0,ERROR,,,HTTP 429 for https://www.wikidata.org/w/api.php?action=wbsearchentities&format=json&language=en&type=item&limit=5&search=Wearco
Weav,17-Aug-2021,Merger/Acquisition,"""New York, NY""",weav,,Wikidata,ERROR,0,ERROR,,,HTTP 429 for https://www.wikidata.org/w/api.php?action=wbsearchentities&format=json&language=en&type=item&limit=5&search=Weav
Weave (Business/Productivity Software) (NYS: WEAV),11-Nov-2021,IPO,"""Lehi, UT""",weave (business/productivity software),,Wikidata,ERROR,0,ERROR,,,HTTP 429 for https://www.wikidata.org/w/api.php?action=wbsearchentities&format=json&language=en&type=item&limit=5&search=Weave+%28Business%2FProductivity+Software%29
WeaveUp,04-Mar-2022,Merger/Acquisition,"""Durham, NC""",weaveup,,Wikidata,ERROR,0,ERROR,,,HTTP 429 for https://www.wikidata.org/w/api.php?action=wbsearchentities&format=json&language=en&type=item&limit=5&search=WeaveUp
Weavy AI,03-Oct-2025,Merger/Acquisition,"""Dover, DE""",weavy ai,,Wikidata,ERROR,0,ERROR,,,HTTP 429 for https://www.wikidata.org/w/api.php?action=wbsearchentities&format=json&language=en&type=item&limit=5&search=Weavy+AI
Webex Events,08-Jul-2021,Merger/Acquisition,"""San Jose, CA""",webex events,,Wikidata,ERROR,0,ERROR,,,HTTP 429 for https://www.wikidata.org/w/api.php?action=wbsearchentities&format=json&language=en&type=item&limit=5&search=Webex+Events
WebSell,21-Jul-2021,Merger/Acquisition,"""Cork, Ireland""",websell,,Wikidata,ERROR,0,ERROR,,,HTTP 429 for https://www.wikidata.org/w/api.php?action=wbsearchentities&format=json&language=en&type=item&limit=5&search=WebSell
WeDo (Logistics),04-Nov-2021,Merger/Acquisition,"""Prague, Czech Republic""",wedo (logistics),,Wikidata,ERROR,0,ERROR,,,HTTP 429 for https://www.wikidata.org/w/api.php?action=wbsearchentities&format=json&language=en&type=item&limit=5&search=WeDo+%28Logistics%29
Weedmaps (NAS: MAPS),16-Jun-2021,Reverse Merger,"""Irvine, CA""",weedmaps,,Wikidata,ERROR,0,ERROR,,,HTTP 429 for https://www.wikidata.org/w/api.php?action=wbsearchentities&format=json&language=en&type=item&limit=5&search=Weedmaps
Weekend Health,06-Mar-2023,Merger/Acquisition,"""San Francisco, CA""",weekend health,,Wikidata,ERROR,0,ERROR,,,HTTP 429 for https://www.wikidata.org/w/api.php?action=wbsearchentities&format=json&language=en&type=item&limit=5&search=Weekend+Health
Weekly10,08-Aug-2023,Merger/Acquisition,"""Wrexham, United Kingdom""",weekly10,,Wikidata,ERROR,0,ERROR,,,HTTP 429 for https://www.wikidata.org/w/api.php?action=wbsearchentities&format=json&language=en&type=item&limit=5&search=Weekly10
Weights & Biases,05-May-2025,Merger/Acquisition,"""San Francisco, CA""",weights and biases,,Wikidata,ERROR,0,ERROR,,,HTTP 429 for https://www.wikidata.org/w/api.php?action=wbsearchentities&format=json&language=en&type=item&limit=5&search=Weights+%26+Biases
Wejo,18-Nov-2021,Reverse Merger,"""Manchester, United Kingdom""",wejo,,Wikidata,ERROR,0,ERROR,,,HTTP 429 for https://www.wikidata.org/w/api.php?action=wbsearchentities&format=json&language=en&type=item&limit=5&search=Wejo
Welbeck Publishing Group,30-Nov-2022,Merger/Acquisition,"""London, United Kingdom""",welbeck publishing,,Wikidata,ERROR,0,ERROR,,,HTTP 429 for https://www.wikidata.org/w/api.php?action=wbsearchentities&format=json&language=en&type=item&limit=5&search=Welbeck+Publishing+Group
Wellbee,19-Nov-2024,Merger/Acquisition,"""Warsaw, Poland""",wellbee,,Wikidata,ERROR,0,ERROR,,,HTTP 429 for https://www.wikidata.org/w/api.php?action=wbsearchentities&format=json&language=en&type=item&limit=5&search=Wellbee
Wellnow,23-Feb-2022,Buyout/LBO,"""Berlin, Germany""",wellnow,,Wikidata,ERROR,0,ERROR,,,HTTP 429 for https://www.wikidata.org/w/api.php?action=wbsearchentities&format=json&language=en&type=item&limit=5&search=Wellnow
WellPath,23-Nov-2021,Merger/Acquisition,"""New York, NY""",wellpath,,Wikidata,ERROR,0,ERROR,,,HTTP 429 for https://www.wikidata.org/w/api.php?action=wbsearchentities&format=json&language=en&type=item&limit=5&search=WellPath
WellteQ Digital Health,23-Mar-2021,Reverse Merger,"""Vancouver, Canada""",wellteq digital health,,Wikidata,ERROR,0,ERROR,,,HTTP 429 for https://www.wikidata.org/w/api.php?action=wbsearchentities&format=json&language=en&type=item&limit=5&search=WellteQ+Digital+Health
Wematter,01-Jul-2023,Merger/Acquisition,"""Link�ping, Sweden""",wematter,,Wikidata,ERROR,0,ERROR,,,HTTP 429 for https://www.wikidata.org/w/api.php?action=wbsearchentities&format=json&language=en&type=item&limit=5&search=Wematter
Werewolf Therapeutics (NAS: HOWL),30-Apr-2021,IPO,"""Cambridge, MA""",werewolf therapeutics,,Wikidata,ERROR,0,ERROR,,,HTTP 429 for https://www.wikidata.org/w/api.php?action=wbsearchentities&format=json&language=en&type=item&limit=5&search=Werewolf+Therapeutics
WeTek Solu��es Tecnol�gicas,30-Nov-2021,Merger/Acquisition,"""Porto, Portugal""",wetek solu��es tecnol�gicas,,Wikidata,ERROR,0,ERROR,,,HTTP 429 for https://www.wikidata.org/w/api.php?action=wbsearchentities&format=json&language=en&type=item&limit=5&search=WeTek+Solu%EF%BF%BD%EF%BF%BDes+Tecnol%EF%BF%BDgicas
WhatsMiner,27-Jan-2021,Merger/Acquisition,"""Hollywood, FL""",whatsminer,,Wikidata,ERROR,0,ERROR,,,HTTP 429 for https://www.wikidata.org/w/api.php?action=wbsearchentities&format=json&language=en&type=item&limit=5&search=WhatsMiner
Wheels,18-Nov-2022,Merger/Acquisition,"""Los Angeles, CA""",wheels,,Wikidata,ERROR,0,ERROR,,,HTTP 429 for https://www.wikidata.org/w/api.php?action=wbsearchentities&format=json&language=en&type=item&limit=5&search=Wheels
Wheels Up Experience (NYS: UP),14-Jul-2021,Reverse Merger,"""New York, NY""",wheels up experience,,Wikidata,ERROR,0,ERROR,,,HTTP 429 for https://www.wikidata.org/w/api.php?action=wbsearchentities&format=json&language=en&type=item&limit=5&search=Wheels+Up+Experience
Whiteboard.fi,23-Feb-2021,Merger/Acquisition,"""Karjaa, Finland""",whiteboardfi,,Wikidata,ERROR,0,ERROR,,,HTTP 429 for https://www.wikidata.org/w/api.php?action=wbsearchentities&format=json&language=en&type=item&limit=5&search=Whiteboard.fi
Whitehawk Therapeutics (NAS: WHWK),26-Aug-2021,Reverse Merger,"""Morristown, NJ""",whitehawk therapeutics,,Wikidata,ERROR,0,ERROR,,,HTTP 429 for https://www.wikidata.org/w/api.php?action=wbsearchentities&format=json&language=en&type=item&limit=5&search=Whitehawk+Therapeutics
WhoCanFixMyCar,10-May-2023,Merger/Acquisition,"""London, United Kingdom""",whocanfixmycar,,Wikidata,ERROR,0,ERROR,,,HTTP 429 for https://www.wikidata.org/w/api.php?action=wbsearchentities&format=json&language=en&type=item&limit=5&search=WhoCanFixMyCar
Whow Games,09-Jul-2025,Merger/Acquisition,"""Hamburg, Germany""",whow games,,Wikidata,ERROR,0,ERROR,,,HTTP 429 for https://www.wikidata.org/w/api.php?action=wbsearchentities&format=json&language=en&type=item&limit=5&search=Whow+Games
Whyline,29-Dec-2021,Merger/Acquisition,"""New York, NY""",whyline,,Wikidata,ERROR,0,ERROR,,,HTTP 429 for https://www.wikidata.org/w/api.php?action=wbsearchentities&format=json&language=en&type=item&limit=5&search=Whyline
Wiener Games Studio,16-Sep-2021,Merger/Acquisition,"""Sofia, Bulgaria""",wiener games studio,,Wikidata,ERROR,0,ERROR,,,HTTP 429 for https://www.wikidata.org/w/api.php?action=wbsearchentities&format=json&language=en&type=item&limit=5&search=Wiener+Games+Studio
Wikium,01-Jan-2021,Merger/Acquisition,"""Moscow, Russia""",wikium,,Wikidata,ERROR,0,ERROR,,,HTTP 429 for https://www.wikidata.org/w/api.php?action=wbsearchentities&format=json&language=en&type=item&limit=5&search=Wikium
Wild (Personal Products),01-Apr-2025,Merger/Acquisition,"""London, United Kingdom""",wild (personal products),,Wikidata,ERROR,0,ERROR,,,HTTP 429 for https://www.wikidata.org/w/api.php?action=wbsearchentities&format=json&language=en&type=item&limit=5&search=Wild+%28Personal+Products%29
WildWorks,30-Aug-2022,Merger/Acquisition,"""Salt Lake City, UT""",wildworks,,Wikidata,ERROR,0,ERROR,,,HTTP 429 for https://www.wikidata.org/w/api.php?action=wbsearchentities&format=json&language=en&type=item&limit=5&search=WildWorks
Winc,11-Nov-2021,IPO,"""Napa, CA""",winc,,Wikidata,ERROR,0,ERROR,,,HTTP 429 for https://www.wikidata.org/w/api.php?action=wbsearchentities&format=json&language=en&type=item&limit=5&search=Winc
Windular Research and Technologies,25-Aug-2021,Merger/Acquisition,"""Chelmsford, Canada""",windular research and technologies,,Wikidata,ERROR,0,ERROR,,,HTTP 429 for https://www.wikidata.org/w/api.php?action=wbsearchentities&format=json&language=en&type=item&limit=5&search=Windular+Research+and+Technologies
WinterLight Labs,10-Jan-2023,Merger/Acquisition,"""Toronto, Canada""",winterlight labs,,Wikidata,ERROR,0,ERROR,,,HTTP 429 for https://www.wikidata.org/w/api.php?action=wbsearchentities&format=json&language=en&type=item&limit=5&search=WinterLight+Labs
Wisely (Business/Productivity Software),04-Nov-2021,Merger/Acquisition,"""New York, NY""",wisely (business/productivity software),,Wikidata,ERROR,0,ERROR,,,HTTP 429 for https://www.wikidata.org/w/api.php?action=wbsearchentities&format=json&language=en&type=item&limit=5&search=Wisely+%28Business%2FProductivity+Software%29
Wisetek,20-Sep-2024,Merger/Acquisition,"""Cork, Ireland""",wisetek,,Wikidata,ERROR,0,ERROR,,,HTTP 429 for https://www.wikidata.org/w/api.php?action=wbsearchentities&format=json&language=en&type=item&limit=5&search=Wisetek
Wisp (Pharmaceuticals),01-Oct-2021,Merger/Acquisition,"""San Francisco, CA""",wisp (pharmaceuticals),,Wikidata,ERROR,0,ERROR,,,HTTP 429 for https://www.wikidata.org/w/api.php?action=wbsearchentities&format=json&language=en&type=item&limit=5&search=Wisp+%28Pharmaceuticals%29
WiteSand,14-Feb-2022,Merger/Acquisition,"""San Jose, CA""",witesand,,Wikidata,ERROR,0,ERROR,,,HTTP 429 for https://www.wikidata.org/w/api.php?action=wbsearchentities&format=json&language=en&type=item&limit=5&search=WiteSand
With Clarity,22-Feb-2022,Merger/Acquisition,"""Long Island City, NY""",with clarity,,Wikidata,ERROR,0,ERROR,,,HTTP 429 for https://www.wikidata.org/w/api.php?action=wbsearchentities&format=json&language=en&type=item&limit=5&search=With+Clarity
Within,30-Oct-2021,Merger/Acquisition,"""Los Angeles, CA""",within,,Wikidata,ERROR,0,ERROR,,,HTTP 429 for https://www.wikidata.org/w/api.php?action=wbsearchentities&format=json&language=en&type=item&limit=5&search=Within
Within/Without,15-Jul-2021,Merger/Acquisition,"""Chicago, IL""",within/without,,Wikidata,ERROR,0,ERROR,,,HTTP 429 for https://www.wikidata.org/w/api.php?action=wbsearchentities&format=json&language=en&type=item&limit=5&search=Within%2FWithout
Wizeline,20-Sep-2021,Buyout/LBO,"""San Francisco, CA""",wizeline,,Wikidata,ERROR,0,ERROR,,,HTTP 429 for https://www.wikidata.org/w/api.php?action=wbsearchentities&format=json&language=en&type=item&limit=5&search=Wizeline
Wiztivi,12-Dec-2022,Merger/Acquisition,"""Carquefou, France""",wiztivi,,Wikidata,ERROR,0,ERROR,,,HTTP 429 for https://www.wikidata.org/w/api.php?action=wbsearchentities&format=json&language=en&type=item&limit=5&search=Wiztivi
Wolt,31-May-2022,Merger/Acquisition,"""Helsinki, Finland""",wolt,,Wikidata,ERROR,0,ERROR,,,HTTP 429 for https://www.wikidata.org/w/api.php?action=wbsearchentities&format=json&language=en&type=item&limit=5&search=Wolt
Wonder Dynamics,20-May-2024,Merger/Acquisition,"""Los Angeles, CA""",wonder dynamics,,Wikidata,ERROR,0,ERROR,,,HTTP 429 for https://www.wikidata.org/w/api.php?action=wbsearchentities&format=json&language=en&type=item&limit=5&search=Wonder+Dynamics
Wonder Media Network,02-Jan-2025,Merger/Acquisition,"""New York, NY""",wonder media network,,Wikidata,ERROR,0,ERROR,,,HTTP 429 for https://www.wikidata.org/w/api.php?action=wbsearchentities&format=json&language=en&type=item&limit=5&search=Wonder+Media+Network
Woodpecker.co (WAR: WPR),14-Sep-2021,IPO,"""Wroclaw, Poland""",woodpeckerco,,Wikidata,ERROR,0,ERROR,,,HTTP 429 for https://www.wikidata.org/w/api.php?action=wbsearchentities&format=json&language=en&type=item&limit=5&search=Woodpecker.co
Workvivo,21-Apr-2023,Merger/Acquisition,"""Cork, Ireland""",workvivo,,Wikidata,ERROR,0,ERROR,,,HTTP 429 for https://www.wikidata.org/w/api.php?action=wbsearchentities&format=json&language=en&type=item&limit=5&search=Workvivo
World Chess (LON: CHSS),06-Apr-2023,IPO,"""London, United Kingdom""",world chess,,Wikidata,ERROR,0,ERROR,,,HTTP 429 for https://www.wikidata.org/w/api.php?action=wbsearchentities&format=json&language=en&type=item&limit=5&search=World+Chess
Worldcoo,14-Mar-2023,Merger/Acquisition,"""Barcelona, Spain""",worldcoo,,Wikidata,ERROR,0,ERROR,,,HTTP 429 for https://www.wikidata.org/w/api.php?action=wbsearchentities&format=json&language=en&type=item&limit=5&search=Worldcoo
Writefull,01-Oct-2023,Merger/Acquisition,"""London, United Kingdom""",writefull,,Wikidata,ERROR,0,ERROR,,,HTTP 429 for https://www.wikidata.org/w/api.php?action=wbsearchentities&format=json&language=en&type=item&limit=5&search=Writefull
Wurl,01-Apr-2022,Merger/Acquisition,"""Palo Alto, CA""",wurl,,Wikidata,ERROR,0,ERROR,,,HTTP 429 for https://www.wikidata.org/w/api.php?action=wbsearchentities&format=json&language=en&type=item&limit=5&search=Wurl
X1 Card,22-Jun-2023,Merger/Acquisition,"""San Francisco, CA""",x1 card,,Wikidata,ERROR,0,ERROR,,,HTTP 429 for https://www.wikidata.org/w/api.php?action=wbsearchentities&format=json&language=en&type=item&limit=5&search=X1+Card
xAI,02-Feb-2026,Merger/Acquisition,"""Palo Alto, CA""",xai,,Wikidata,ERROR,0,ERROR,,,HTTP 429 for https://www.wikidata.org/w/api.php?action=wbsearchentities&format=json&language=en&type=item&limit=5&search=xAI
Xandr,06-Jun-2022,Merger/Acquisition,"""New York, NY""",xandr,,Wikidata,ERROR,0,ERROR,,,HTTP 429 for https://www.wikidata.org/w/api.php?action=wbsearchentities&format=json&language=en&type=item&limit=5&search=Xandr
XCharge (NAS: XCH),10-Sep-2024,IPO,"""Hamburg, Germany""",xcharge,,Wikidata,ERROR,0,ERROR,,,HTTP 429 for https://www.wikidata.org/w/api.php?action=wbsearchentities&format=json&language=en&type=item&limit=5&search=XCharge
Xcite,03-Jun-2021,Merger/Acquisition,"""Austin, TX""",xcite,,Wikidata,ERROR,0,ERROR,,,HTTP 429 for https://www.wikidata.org/w/api.php?action=wbsearchentities&format=json&language=en&type=item&limit=5&search=Xcite
XConn Technologies,06-Jan-2026,Merger/Acquisition,"""San Jose, CA""",xconn technologies,,Wikidata,ERROR,0,ERROR,,,HTTP 429 for https://www.wikidata.org/w/api.php?action=wbsearchentities&format=json&language=en&type=item&limit=5&search=XConn+Technologies
XG Sciences,24-Aug-2022,Merger/Acquisition,"""Lansing, MI""",xg sciences,,Wikidata,ERROR,0,ERROR,,,HTTP 429 for https://www.wikidata.org/w/api.php?action=wbsearchentities&format=json&language=en&type=item&limit=5&search=XG+Sciences
Xilio Therapeutics (NAS: XLO),22-Oct-2021,IPO,"""Waltham, MA""",xilio therapeutics,,Wikidata,ERROR,0,ERROR,,,HTTP 429 for https://www.wikidata.org/w/api.php?action=wbsearchentities&format=json&language=en&type=item&limit=5&search=Xilio+Therapeutics
XinThera,09-May-2023,Merger/Acquisition,"""San Diego, CA""",xinthera,,Wikidata,ERROR,0,ERROR,,,HTTP 429 for https://www.wikidata.org/w/api.php?action=wbsearchentities&format=json&language=en&type=item&limit=5&search=XinThera
Xinvento,27-Feb-2023,Merger/Acquisition,"""Amsterdam, Netherlands""",xinvento,,Wikidata,ERROR,0,ERROR,,,HTTP 429 for https://www.wikidata.org/w/api.php?action=wbsearchentities&format=json&language=en&type=item&limit=5&search=Xinvento
Xometry (NAS: XMTR),30-Jun-2021,IPO,"""Bethesda, MD""",xometry,,Wikidata,ERROR,0,ERROR,,,HTTP 429 for https://www.wikidata.org/w/api.php?action=wbsearchentities&format=json&language=en&type=item&limit=5&search=Xometry
XponentL Data,05-Jun-2025,Merger/Acquisition,"""Philadelphia, PA""",xponentl data,,Wikidata,ERROR,0,ERROR,,,HTTP 429 for https://www.wikidata.org/w/api.php?action=wbsearchentities&format=json&language=en&type=item&limit=5&search=XponentL+Data
XQS,31-May-2023,Merger/Acquisition,"""Borlange, Sweden""",xqs,,Wikidata,ERROR,0,ERROR,,,HTTP 429 for https://www.wikidata.org/w/api.php?action=wbsearchentities&format=json&language=en&type=item&limit=5&search=XQS
Xtelligent Healthcare Media,01-Jul-2021,Merger/Acquisition,"""Danvers, MA""",xtelligent healthcare media,,Wikidata,ERROR,0,ERROR,,,HTTP 429 for https://www.wikidata.org/w/api.php?action=wbsearchentities&format=json&language=en&type=item&limit=5&search=Xtelligent+Healthcare+Media
XtraCHEF by Toast,08-Jun-2021,Merger/Acquisition,"""New York, NY""",xtrachef by toast,,Wikidata,ERROR,0,ERROR,,,HTTP 429 for https://www.wikidata.org/w/api.php?action=wbsearchentities&format=json&language=en&type=item&limit=5&search=XtraCHEF+by+Toast
Yagaan,05-Oct-2022,Merger/Acquisition,"""Cesson Sevigne, France""",yagaan,,Wikidata,ERROR,0,ERROR,,,HTTP 429 for https://www.wikidata.org/w/api.php?action=wbsearchentities&format=json&language=en&type=item&limit=5&search=Yagaan
Yagla,23-Dec-2022,Merger/Acquisition,"""Perm, Russia""",yagla,,Wikidata,ERROR,0,ERROR,,,HTTP 429 for https://www.wikidata.org/w/api.php?action=wbsearchentities&format=json&language=en&type=item&limit=5&search=Yagla
Yardbarker,26-Jul-2021,Merger/Acquisition,"""Burlingame, CA""",yardbarker,,Wikidata,ERROR,0,ERROR,,,HTTP 429 for https://www.wikidata.org/w/api.php?action=wbsearchentities&format=json&language=en&type=item&limit=5&search=Yardbarker
Yardbird,04-Nov-2021,Merger/Acquisition,"""Minneapolis, MN""",yardbird,,Wikidata,ERROR,0,ERROR,,,HTTP 429 for https://www.wikidata.org/w/api.php?action=wbsearchentities&format=json&language=en&type=item&limit=5&search=Yardbird
Year & Day,26-Feb-2021,Merger/Acquisition,"""San Francisco, CA""",year and day,,Wikidata,ERROR,0,ERROR,,,HTTP 429 for https://www.wikidata.org/w/api.php?action=wbsearchentities&format=json&language=en&type=item&limit=5&search=Year+%26+Day
Yeebet Gaming,19-May-2025,Merger/Acquisition,"""Riga, Latvia""",yeebet gaming,,Wikidata,ERROR,0,ERROR,,,HTTP 429 for https://www.wikidata.org/w/api.php?action=wbsearchentities&format=json&language=en&type=item&limit=5&search=Yeebet+Gaming
Yellow Jersey Therapeutics,11-Jul-2024,Merger/Acquisition,"""Z�rich, Switzerland""",yellow jersey therapeutics,,Wikidata,ERROR,0,ERROR,,,HTTP 429 for https://www.wikidata.org/w/api.php?action=wbsearchentities&format=json&language=en&type=item&limit=5&search=Yellow+Jersey+Therapeutics
YesIndeed,17-Jun-2021,Merger/Acquisition,"""Warsaw, Poland""",yesindeed,,Wikidata,ERROR,0,ERROR,,,HTTP 429 for https://www.wikidata.org/w/api.php?action=wbsearchentities&format=json&language=en&type=item&limit=5&search=YesIndeed
YFood,01-Mar-2023,Merger/Acquisition,"""Munich, Germany""",yfood,,Wikidata,ERROR,0,ERROR,,,HTTP 429 for https://www.wikidata.org/w/api.php?action=wbsearchentities&format=json&language=en&type=item&limit=5&search=YFood
Yodel (Logistics),17-Apr-2025,Merger/Acquisition,"""Liverpool, United Kingdom""",yodel (logistics),,Wikidata,ERROR,0,ERROR,,,HTTP 429 for https://www.wikidata.org/w/api.php?action=wbsearchentities&format=json&language=en&type=item&limit=5&search=Yodel+%28Logistics%29
YoFiit,09-Feb-2022,Merger/Acquisition,"""Vaughan, Canada""",yofiit,,Wikidata,ERROR,0,ERROR,,,HTTP 429 for https://www.wikidata.org/w/api.php?action=wbsearchentities&format=json&language=en&type=item&limit=5&search=YoFiit
Yolife,09-Jul-2021,Merger/Acquisition,"""Berlin, Germany""",yolife,,Wikidata,ERROR,0,ERROR,,,HTTP 429 for https://www.wikidata.org/w/api.php?action=wbsearchentities&format=json&language=en&type=item&limit=5&search=Yolife
Yolo Group (MIL: YOLO),05-Aug-2022,IPO,"""Milan, Italy""",yolo,,Wikidata,ERROR,0,ERROR,,,HTTP 429 for https://www.wikidata.org/w/api.php?action=wbsearchentities&format=json&language=en&type=item&limit=5&search=Yolo+Group
Yoox Net-a-Porter Group,23-Apr-2025,Merger/Acquisition,"""Milan, Italy""",yoox net-a-porter,,Wikidata,ERROR,0,ERROR,,,HTTP 429 for https://www.wikidata.org/w/api.php?action=wbsearchentities&format=json&language=en&type=item&limit=5&search=Yoox+Net-a-Porter+Group
YouAppi,01-Jun-2023,Merger/Acquisition,"""Palo Alto, CA""",youappi,,Wikidata,ERROR,0,ERROR,,,HTTP 429 for https://www.wikidata.org/w/api.php?action=wbsearchentities&format=json&language=en&type=item&limit=5&search=YouAppi
Your Super,13-Oct-2022,Merger/Acquisition,"""Santa Monica, CA""",your super,,Wikidata,ERROR,0,ERROR,,,HTTP 429 for https://www.wikidata.org/w/api.php?action=wbsearchentities&format=json&language=en&type=item&limit=5&search=Your+Super
YoYo Games,11-Jan-2021,Merger/Acquisition,"""Dundee, United Kingdom""",yoyo games,,Wikidata,ERROR,0,ERROR,,,HTTP 429 for https://www.wikidata.org/w/api.php?action=wbsearchentities&format=json&language=en&type=item&limit=5&search=YoYo+Games
Yubico (STO: YUBICO),20-Sep-2023,Reverse Merger,"""Stockholm, Sweden""",yubico,,Wikidata,ERROR,0,ERROR,,,HTTP 429 for https://www.wikidata.org/w/api.php?action=wbsearchentities&format=json&language=en&type=item&limit=5&search=Yubico
Zaarly,21-May-2021,Merger/Acquisition,"""Kansas City, MO""",zaarly,,Wikidata,ERROR,0,ERROR,,,HTTP 429 for https://www.wikidata.org/w/api.php?action=wbsearchentities&format=json&language=en&type=item&limit=5&search=Zaarly
Zacapa Resources,26-Jan-2022,IPO,"""Vancouver, Canada""",zacapa resources,,Wikidata,ERROR,0,ERROR,,,HTTP 429 for https://www.wikidata.org/w/api.php?action=wbsearchentities&format=json&language=en&type=item&limit=5&search=Zacapa+Resources
Zapata Quantum,28-Mar-2024,Reverse Merger,"""Boston, MA""",zapata quantum,,Wikidata,ERROR,0,ERROR,,,HTTP 429 for https://www.wikidata.org/w/api.php?action=wbsearchentities&format=json&language=en&type=item&limit=5&search=Zapata+Quantum
Zava,10-Jun-2025,Merger/Acquisition,"""London, United Kingdom""",zava,,Wikidata,ERROR,0,ERROR,,,HTTP 429 for https://www.wikidata.org/w/api.php?action=wbsearchentities&format=json&language=en&type=item&limit=5&search=Zava
Zavvy,12-Feb-2024,Merger/Acquisition,"""Munich, Germany""",zavvy,,Wikidata,ERROR,0,ERROR,,,HTTP 429 for https://www.wikidata.org/w/api.php?action=wbsearchentities&format=json&language=en&type=item&limit=5&search=Zavvy
ZebiAI,22-Apr-2021,Merger/Acquisition,"""Chestnut Hill, MA""",zebiai,,Wikidata,ERROR,0,ERROR,,,HTTP 429 for https://www.wikidata.org/w/api.php?action=wbsearchentities&format=json&language=en&type=item&limit=5&search=ZebiAI
ZecOps,16-Nov-2022,Merger/Acquisition,"""San Francisco, CA""",zecops,,Wikidata,ERROR,0,ERROR,,,HTTP 429 for https://www.wikidata.org/w/api.php?action=wbsearchentities&format=json&language=en&type=item&limit=5&search=ZecOps
Zefiro Methane (NEOE: ZEFI),23-Apr-2024,IPO,"""Vancouver, Canada""",zefiro methane,,Wikidata,ERROR,0,ERROR,,,HTTP 429 for https://www.wikidata.org/w/api.php?action=wbsearchentities&format=json&language=en&type=item&limit=5&search=Zefiro+Methane
Zelta,31-Jul-2024,Merger/Acquisition,"""New York, NY""",zelta,,Wikidata,ERROR,0,ERROR,,,HTTP 429 for https://www.wikidata.org/w/api.php?action=wbsearchentities&format=json&language=en&type=item&limit=5&search=Zelta
Zenas BioPharma (NAS: ZBIO),13-Sep-2024,IPO,"""Waltham, MA""",zenas biopharma,,Wikidata,ERROR,0,ERROR,,,HTTP 429 for https://www.wikidata.org/w/api.php?action=wbsearchentities&format=json&language=en&type=item&limit=5&search=Zenas+BioPharma
Zendoc,22-Nov-2022,Merger/Acquisition,"""Seattle, WA""",zendoc,,Wikidata,ERROR,0,ERROR,,,HTTP 429 for https://www.wikidata.org/w/api.php?action=wbsearchentities&format=json&language=en&type=item&limit=5&search=Zendoc
Zennar,07-Feb-2024,Merger/Acquisition,"""London, United Kingdom""",zennar,,Wikidata,ERROR,0,ERROR,,,HTTP 429 for https://www.wikidata.org/w/api.php?action=wbsearchentities&format=json&language=en&type=item&limit=5&search=Zennar
ZenSports,26-Aug-2022,Merger/Acquisition,"""San Francisco, CA""",zensports,,Wikidata,ERROR,0,ERROR,,,HTTP 429 for https://www.wikidata.org/w/api.php?action=wbsearchentities&format=json&language=en&type=item&limit=5&search=ZenSports
Zephr (Business/Productivity Software),02-Sep-2022,Merger/Acquisition,"""London, United Kingdom""",zephr (business/productivity software),,Wikidata,ERROR,0,ERROR,,,HTTP 429 for https://www.wikidata.org/w/api.php?action=wbsearchentities&format=json&language=en&type=item&limit=5&search=Zephr+%28Business%2FProductivity+Software%29
ZeroStack ( Distributors/Wholesale) (NAS: ZSTK),11-May-2021,IPO,"""Fort Lauderdale, FL""",zerostack ( distributors/wholesale),,Wikidata,ERROR,0,ERROR,,,HTTP 429 for https://www.wikidata.org/w/api.php?action=wbsearchentities&format=json&language=en&type=item&limit=5&search=ZeroStack+%28+Distributors%2FWholesale%29
Zesec of Sweden,28-May-2021,IPO,"""Gothenburg, Sweden""",zesec of sweden,,Wikidata,ERROR,0,ERROR,,,HTTP 429 for https://www.wikidata.org/w/api.php?action=wbsearchentities&format=json&language=en&type=item&limit=5&search=Zesec+of+Sweden
Zesty Paws,04-Oct-2021,Merger/Acquisition,"""Orlando, FL""",zesty paws,,Wikidata,ERROR,0,ERROR,,,HTTP 429 for https://www.wikidata.org/w/api.php?action=wbsearchentities&format=json&language=en&type=item&limit=5&search=Zesty+Paws
Zezam,02-Jun-2023,Merger/Acquisition,"""Munich, Germany""",zezam,,Wikidata,ERROR,0,ERROR,,,HTTP 429 for https://www.wikidata.org/w/api.php?action=wbsearchentities&format=json&language=en&type=item&limit=5&search=Zezam
ZigZag Global,19-Mar-2021,Merger/Acquisition,"""London, United Kingdom""",zigzag global,,Wikidata,ERROR,0,ERROR,,,HTTP 429 for https://www.wikidata.org/w/api.php?action=wbsearchentities&format=json&language=en&type=item&limit=5&search=ZigZag+Global
ZIIP,27-Apr-2022,Merger/Acquisition,"""Oakland, CA""",ziip,,Wikidata,ERROR,0,ERROR,,,HTTP 429 for https://www.wikidata.org/w/api.php?action=wbsearchentities&format=json&language=en&type=item&limit=5&search=ZIIP
Zikani Therapeutics,01-Apr-2021,Merger/Acquisition,"""Watertown, MA""",zikani therapeutics,,Wikidata,ERROR,0,ERROR,,,HTTP 429 for https://www.wikidata.org/w/api.php?action=wbsearchentities&format=json&language=en&type=item&limit=5&search=Zikani+Therapeutics
Zilla Security,12-Feb-2025,Merger/Acquisition,"""Boston, MA""",zilla security,,Wikidata,ERROR,0,ERROR,,,HTTP 429 for https://www.wikidata.org/w/api.php?action=wbsearchentities&format=json&language=en&type=item&limit=5&search=Zilla+Security
Zimit,28-Sep-2021,Merger/Acquisition,"""Deerfield Beach, FL""",zimit,,Wikidata,ERROR,0,ERROR,,,HTTP 429 for https://www.wikidata.org/w/api.php?action=wbsearchentities&format=json&language=en&type=item&limit=5&search=Zimit
Zipwhip,14-Jul-2021,Merger/Acquisition,"""Seattle, WA""",zipwhip,,Wikidata,ERROR,0,ERROR,,,HTTP 429 for https://www.wikidata.org/w/api.php?action=wbsearchentities&format=json&language=en&type=item&limit=5&search=Zipwhip
Ziva Dynamics,10-Dec-2021,Merger/Acquisition,"""Vancouver, Canada""",ziva dynamics,,Wikidata,ERROR,0,ERROR,,,HTTP 429 for https://www.wikidata.org/w/api.php?action=wbsearchentities&format=json&language=en&type=item&limit=5&search=Ziva+Dynamics
Zodiac Gold (TSX: ZAU),19-Jan-2024,Reverse Merger,"""Vancouver, Canada""",zodiac gold,,Wikidata,ERROR,0,ERROR,,,HTTP 429 for https://www.wikidata.org/w/api.php?action=wbsearchentities&format=json&language=en&type=item&limit=5&search=Zodiac+Gold
Zogenix,07-Mar-2022,Merger/Acquisition,"""Emeryville, CA""",zogenix,,Wikidata,ERROR,0,ERROR,,,HTTP 429 for https://www.wikidata.org/w/api.php?action=wbsearchentities&format=json&language=en&type=item&limit=5&search=Zogenix
Zomagen Biosciences,09-Mar-2021,Merger/Acquisition,"""London, United Kingdom""",zomagen biosciences,,Wikidata,ERROR,0,ERROR,,,HTTP 429 for https://www.wikidata.org/w/api.php?action=wbsearchentities&format=json&language=en&type=item&limit=5&search=Zomagen+Biosciences
Zonehaven,07-Jun-2021,Merger/Acquisition,"""San Francisco, CA""",zonehaven,,Wikidata,ERROR,0,ERROR,,,HTTP 429 for https://www.wikidata.org/w/api.php?action=wbsearchentities&format=json&language=en&type=item&limit=5&search=Zonehaven
Zoocasa,01-Jul-2022,Merger/Acquisition,"""Toronto, Canada""",zoocasa,,Wikidata,ERROR,0,ERROR,,,HTTP 429 for https://www.wikidata.org/w/api.php?action=wbsearchentities&format=json&language=en&type=item&limit=5&search=Zoocasa
Zoomin (Business/Productivity Software),01-Nov-2024,Merger/Acquisition,"""New York, NY""",zoomin (business/productivity software),,Wikidata,ERROR,0,ERROR,,,HTTP 429 for https://www.wikidata.org/w/api.php?action=wbsearchentities&format=json&language=en&type=item&limit=5&search=Zoomin+%28Business%2FProductivity+Software%29
Zosano Pharma,25-Aug-2022,Merger/Acquisition,"""Fremont, CA""",zosano pharma,,Wikidata,ERROR,0,ERROR,,,HTTP 429 for https://www.wikidata.org/w/api.php?action=wbsearchentities&format=json&language=en&type=item&limit=5&search=Zosano+Pharma
Zpredicta,24-Nov-2021,Merger/Acquisition,"""San Jose, CA""",zpredicta,,Wikidata,ERROR,0,ERROR,,,HTTP 429 for https://www.wikidata.org/w/api.php?action=wbsearchentities&format=json&language=en&type=item&limit=5&search=Zpredicta
Zuberance,01-Dec-2023,Merger/Acquisition,"""Burlingame, CA""",zuberance,,Wikidata,ERROR,0,ERROR,,,HTTP 429 for https://www.wikidata.org/w/api.php?action=wbsearchentities&format=json&language=en&type=item&limit=5&search=Zuberance
Zura Bio (NAS: ZURA),21-Mar-2023,Reverse Merger,"""Henderson, NV""",zura bio,,Wikidata,ERROR,0,ERROR,,,HTTP 429 for https://www.wikidata.org/w/api.php?action=wbsearchentities&format=json&language=en&type=item&limit=5&search=Zura+Bio
Zymergen,22-Apr-2021,IPO,"""Emeryville, CA""",zymergen,,Wikidata,ERROR,0,ERROR,,,HTTP 429 for https://www.wikidata.org/w/api.php?action=wbsearchentities&format=json&language=en&type=item&limit=5&search=Zymergen
ZyM_t Fertility,10-Jun-2024,Merger/Acquisition,"""Gaithersburg, MD""",zym_t fertility,,Wikidata,ERROR,0,ERROR,,,HTTP 429 for https://www.wikidata.org/w/api.php?action=wbsearchentities&format=json&language=en&type=item&limit=5&search=ZyM_t+Fertility
Zynerba Pharmaceuticals,10-Oct-2023,Merger/Acquisition,"""Plymouth, PA""",zynerba pharmaceuticals,,Wikidata,ERROR,0,ERROR,,,HTTP 429 for https://www.wikidata.org/w/api.php?action=wbsearchentities&format=json&language=en&type=item&limit=5&search=Zynerba+Pharmaceuticals
ZypTV,05-Feb-2021,Merger/Acquisition,"""San Francisco, CA""",zyptv,,Wikidata,ERROR,0,ERROR,,,HTTP 429 for https://www.wikidata.org/w/api.php?action=wbsearchentities&format=json&language=en&type=item&limit=5&search=ZypTV
ZyVersa Therapeutics (PINX: ZVSA),12-Dec-2022,Reverse Merger,"""Weston, FL""",zyversa therapeutics,,Wikidata,ERROR,0,ERROR,,,HTTP 429 for https://www.wikidata.org/w/api.php?action=wbsearchentities&format=json&language=en&type=item&limit=5&search=ZyVersa+Therapeutics